beneficiary_id,centre_id,age_group,gender,enrollment_date
B00001,C008,14-17,Female,2024-05-02
B00002,C009,14-17,Female,2025-01-25
B00003,C004,10-13,Female,2025-06-01
B00004,C001,18-21,Male,2024-11-05
B00005,C001,10-13,Female,2025-06-19
B00006,C010,22-25,Female,2024-08-17
B00007,C004,14-17,Female,2025-05-02
B00008,C007,10-13,Male,2024-12-21
B00009,C002,14-17,Female,2025-11-07
B00010,C003,10-13,Female,2025-01-08
B00011,C001,18-21,Male,2026-01-14
B00012,C005,22-25,Female,2025-01-29
B00013,C001,18-21,Male,2025-01-08
B00014,C008,10-13,Female,2024-04-25
B00015,C001,10-13,Female,2025-08-22
B00016,C001,18-21,Female,2025-10-15
B00017,C002,22-25,Male,2025-10-17
B00018,C002,14-17,Male,2024-10-04
B00019,C006,14-17,Female,2025-04-19
B00020,C007,14-17,Male,2024-10-24
B00021,C005,22-25,Female,2026-05-23
B00022,C001,18-21,Male,2024-04-20
B00023,C001,14-17,Female,2026-03-17
B00024,C003,14-17,Female,2025-08-01
B00025,C002,22-25,Male,2024-09-09
B00026,C005,10-13,Female,2025-08-23
B00027,C010,14-17,Female,2026-01-20
B00028,C006,14-17,Female,2025-02-23
B00029,C007,10-13,Male,2025-04-15
B00030,C004,10-13,Female,2025-01-03
B00031,C007,18-21,Male,2026-01-11
B00032,C008,22-25,Male,2025-10-26
B00033,C001,18-21,Male,2025-07-18
B00034,C006,22-25,Female,2026-05-07
B00035,C008,14-17,Male,2025-12-21
B00036,C005,18-21,Female,2026-01-31
B00037,C004,14-17,Male,2025-11-13
B00038,C002,18-21,Male,2025-03-19
B00039,C006,22-25,Female,2024-10-14
B00040,C006,10-13,Male,2025-04-03
B00041,C001,14-17,Female,2026-02-05
B00042,C009,14-17,Male,2024-12-22
B00043,C006,10-13,Male,2026-03-07
B00044,C003,10-13,Male,2025-03-19
B00045,C004,18-21,Male,2025-06-08
B00046,C004,22-25,Male,2024-06-20
B00047,C003,14-17,Female,2024-08-24
B00048,C010,10-13,Female,2025-11-24
B00049,C003,10-13,Female,2024-10-11
B00050,C003,22-25,Female,2025-04-27
B00051,C004,14-17,Female,2024-06-04
B00052,C007,14-17,Female,2026-05-26
B00053,C004,14-17,Male,2025-03-09
B00054,C009,14-17,Male,2026-04-06
B00055,C001,14-17,Male,2025-06-01
B00056,C008,18-21,Male,2025-04-27
B00057,C007,14-17,Male,2024-04-24
B00058,C002,18-21,Female,2025-05-28
B00059,C008,14-17,Male,2024-08-12
B00060,C001,18-21,Other,2025-08-20
B00061,C009,18-21,Male,2024-04-10
B00062,C009,10-13,Male,2024-09-17
B00063,C002,14-17,Other,2024-07-27
B00064,C007,10-13,Female,2025-10-22
B00065,C010,18-21,Male,2026-03-12
B00066,C003,14-17,Female,2024-05-11
B00067,C007,22-25,Female,2026-04-11
B00068,C010,10-13,Female,2024-07-25
B00069,C009,18-21,Male,2026-02-16
B00070,C004,18-21,Female,2024-09-25
B00071,C001,18-21,Female,2024-05-12
B00072,C002,14-17,Male,2024-12-05
B00073,C001,14-17,Female,2025-03-19
B00074,C005,18-21,Male,2026-03-17
B00075,C005,10-13,Female,2026-04-10
B00076,C007,10-13,Male,2024-12-17
B00077,C009,14-17,Female,2025-10-06
B00078,C009,14-17,Female,2024-08-04
B00079,C003,14-17,Male,2024-09-19
B00080,C003,14-17,Male,2026-01-23
B00081,C003,10-13,Female,2025-09-11
B00082,C004,18-21,Female,2025-06-08
B00083,C008,18-21,Male,2024-05-08
B00084,C006,18-21,Male,2025-10-28
B00085,C008,22-25,Female,2025-02-21
B00086,C001,14-17,Female,2026-06-28
B00087,C008,10-13,Male,2026-03-15
B00088,C004,10-13,Female,2025-04-11
B00089,C001,14-17,Female,2026-04-18
B00090,C008,22-25,Male,2025-02-05
B00091,C004,14-17,Male,2026-02-15
B00092,C006,10-13,Male,2025-11-18
B00093,C008,14-17,Female,2024-08-10
B00094,C004,14-17,Female,2024-04-13
B00095,C003,18-21,Female,2024-09-28
B00096,C009,10-13,Male,2026-02-26
B00097,C003,22-25,Male,2026-02-25
B00098,C009,14-17,Female,2024-11-08
B00099,C002,10-13,Male,2024-10-17
B00100,C002,22-25,Female,2025-11-28
B00101,C002,10-13,Female,2025-05-12
B00102,C006,22-25,Male,2024-12-04
B00103,C003,22-25,Male,2024-07-23
B00104,C009,18-21,Male,2025-06-11
B00105,C004,18-21,Male,2024-05-04
B00106,C001,14-17,Female,2024-06-25
B00107,C004,22-25,Male,2024-10-12
B00108,C001,14-17,Male,2025-05-29
B00109,C005,18-21,Female,2025-04-24
B00110,C004,22-25,Male,2026-01-15
B00111,C008,22-25,Female,2024-04-20
B00112,C008,18-21,Male,2024-08-06
B00113,C007,14-17,Male,2025-01-29
B00114,C003,22-25,Male,2025-11-30
B00115,C001,18-21,Male,2025-03-22
B00116,C001,22-25,Female,2024-06-18
B00117,C003,18-21,Female,2025-07-31
B00118,C006,14-17,Male,2025-05-09
B00119,C007,14-17,Male,2026-01-28
B00120,C006,14-17,Male,2025-08-16
B00121,C006,18-21,Male,2025-04-10
B00122,C006,14-17,Male,2025-03-28
B00123,C003,14-17,Female,2025-06-06
B00124,C006,14-17,Female,2024-07-01
B00125,C008,18-21,Male,2024-10-08
B00126,C002,14-17,Female,2024-09-04
B00127,C005,10-13,Female,2025-06-22
B00128,C001,10-13,Male,2024-09-08
B00129,C001,10-13,Female,2026-01-17
B00130,C005,14-17,Female,2024-09-22
B00131,C003,10-13,Male,2026-05-14
B00132,C004,10-13,Other,2025-11-12
B00133,C003,22-25,Male,2025-10-11
B00134,C001,22-25,Male,2024-08-04
B00135,C001,14-17,Female,2026-03-30
B00136,C005,22-25,Male,2024-11-17
B00137,C006,10-13,Male,2025-07-29
B00138,C003,14-17,Male,2025-04-20
B00139,C009,14-17,Female,2025-12-03
B00140,C005,14-17,Female,2024-06-28
B00141,C008,14-17,Female,2026-05-27
B00142,C001,14-17,Female,2024-11-19
B00143,C005,14-17,Male,2025-07-20
B00144,C003,18-21,Male,2024-04-04
B00145,C001,10-13,Female,2025-09-26
B00146,C004,10-13,Female,2025-02-20
B00147,C005,10-13,Male,2025-08-12
B00148,C007,10-13,Male,2025-10-18
B00149,C001,14-17,Female,2026-04-10
B00150,C003,10-13,Other,2024-04-08
B00151,C002,18-21,Female,2025-09-23
B00152,C009,14-17,Male,2026-06-10
B00153,C010,10-13,Other,2026-05-15
B00154,C006,18-21,Female,2025-06-11
B00155,C010,10-13,Female,2026-03-17
B00156,C003,14-17,Female,2025-10-12
B00157,C008,18-21,Female,2024-12-27
B00158,C008,10-13,Female,2024-11-19
B00159,C002,10-13,Female,2026-06-24
B00160,C006,14-17,Female,2025-02-05
B00161,C007,10-13,Female,2025-03-18
B00162,C002,10-13,Male,2025-02-16
B00163,C010,10-13,Female,2025-12-26
B00164,C002,14-17,Female,2025-12-09
B00165,C010,14-17,Female,2025-10-26
B00166,C001,18-21,Male,2024-07-01
B00167,C008,14-17,Female,2026-03-21
B00168,C001,10-13,Male,2025-10-17
B00169,C009,10-13,Female,2025-04-25
B00170,C006,22-25,Female,2025-11-16
B00171,C007,14-17,Male,2024-07-01
B00172,C010,18-21,Female,2025-02-25
B00173,C007,14-17,Male,2025-03-25
B00174,C010,14-17,Male,2025-10-15
B00175,C003,14-17,Female,2026-06-10
B00176,C002,14-17,Male,2025-07-03
B00177,C009,14-17,Male,2026-06-22
B00178,C008,14-17,Male,2025-06-22
B00179,C010,10-13,Male,2025-12-20
B00180,C007,14-17,Female,2024-08-10
B00181,C009,18-21,Female,2025-08-30
B00182,C004,22-25,Female,2025-01-18
B00183,C004,14-17,Male,2025-02-10
B00184,C001,14-17,Male,2024-05-27
B00185,C008,10-13,Male,2024-07-28
B00186,C003,18-21,Female,2024-11-09
B00187,C007,14-17,Female,2025-05-15
B00188,C002,22-25,Female,2024-06-01
B00189,C002,14-17,Female,2025-11-02
B00190,C007,14-17,Female,2025-03-17
B00191,C006,14-17,Female,2025-11-04
B00192,C003,18-21,Female,2025-08-31
B00193,C009,14-17,Male,2025-04-23
B00194,C010,14-17,Male,2025-02-10
B00195,C006,22-25,Female,2024-06-03
B00196,C010,10-13,Female,2024-04-27
B00197,C010,22-25,Other,2024-12-22
B00198,C006,10-13,Male,2024-04-26
B00199,C001,18-21,Male,2024-08-22
B00200,C004,14-17,Other,2024-06-15
B00201,C010,14-17,Female,2024-08-25
B00202,C006,22-25,Male,2025-01-01
B00203,C006,10-13,Female,2024-08-22
B00204,C005,10-13,Male,2024-09-13
B00205,C001,14-17,Male,2025-11-15
B00206,C008,14-17,Female,2024-11-15
B00207,C005,14-17,Female,2024-07-11
B00208,C005,10-13,Male,2025-11-06
B00209,C007,10-13,Male,2026-05-16
B00210,C004,10-13,Female,2025-04-19
B00211,C006,10-13,Male,2026-01-11
B00212,C004,14-17,Female,2025-03-05
B00213,C003,18-21,Female,2025-03-29
B00214,C007,22-25,Male,2024-09-16
B00215,C008,18-21,Female,2026-01-22
B00216,C004,10-13,Female,2024-10-25
B00217,C002,14-17,Male,2026-06-04
B00218,C010,10-13,Male,2025-02-09
B00219,C003,10-13,Male,2025-11-22
B00220,C001,14-17,Female,2024-08-25
B00221,C008,10-13,Female,2026-02-18
B00222,C003,10-13,Male,2025-04-12
B00223,C010,22-25,Male,2026-02-09
B00224,C007,14-17,Male,2024-07-05
B00225,C010,14-17,Female,2026-05-19
B00226,C005,10-13,Male,2024-06-16
B00227,C010,10-13,Female,2025-06-14
B00228,C005,18-21,Male,2024-10-21
B00229,C007,10-13,Female,2025-10-11
B00230,C009,14-17,Female,2025-05-11
B00231,C005,10-13,Female,2024-04-28
B00232,C001,14-17,Male,2025-07-11
B00233,C010,10-13,Female,2026-03-23
B00234,C010,18-21,Male,2026-06-21
B00235,C001,18-21,Male,2025-02-03
B00236,C002,18-21,Female,2024-06-11
B00237,C006,14-17,Female,2025-06-23
B00238,C009,18-21,Male,2026-03-25
B00239,C008,14-17,Male,2026-03-29
B00240,C005,14-17,Female,2025-06-15
B00241,C001,18-21,Female,2026-02-22
B00242,C007,10-13,Male,2024-09-14
B00243,C005,10-13,Female,2025-12-30
B00244,C006,18-21,Male,2025-03-07
B00245,C007,10-13,Female,2026-01-14
B00246,C003,14-17,Female,2025-05-02
B00247,C010,14-17,Male,2025-03-02
B00248,C003,18-21,Female,2026-01-31
B00249,C005,22-25,Female,2024-05-08
B00250,C006,22-25,Female,2025-12-08
B00251,C009,10-13,Female,2025-09-05
B00252,C005,10-13,Female,2026-06-09
B00253,C001,14-17,Male,2025-04-19
B00254,C004,10-13,Male,2025-12-15
B00255,C005,10-13,Male,2024-06-25
B00256,C010,14-17,Other,2024-04-07
B00257,C010,14-17,Female,2024-10-04
B00258,C005,22-25,Female,2024-11-04
B00259,C007,10-13,Male,2024-11-17
B00260,C004,10-13,Female,2024-09-03
B00261,C001,10-13,Female,2024-07-09
B00262,C005,22-25,Female,2026-03-04
B00263,C007,18-21,Male,2025-02-25
B00264,C010,18-21,Male,2025-05-31
B00265,C010,22-25,Female,2025-05-16
B00266,C006,14-17,Female,2025-09-05
B00267,C005,14-17,Male,2025-01-12
B00268,C004,14-17,Female,2025-11-02
B00269,C002,14-17,Male,2024-10-20
B00270,C004,14-17,Female,2025-12-30
B00271,C010,14-17,Female,2025-11-12
B00272,C010,22-25,Male,2024-04-19
B00273,C003,22-25,Female,2026-04-05
B00274,C010,18-21,Male,2025-03-10
B00275,C001,18-21,Male,2024-04-29
B00276,C008,18-21,Female,2025-04-28
B00277,C005,10-13,Male,2025-11-25
B00278,C004,10-13,Male,2025-07-04
B00279,C008,18-21,Male,2026-06-16
B00280,C007,18-21,Male,2024-04-15
B00281,C002,10-13,Male,2024-05-16
B00282,C001,22-25,Male,2025-04-07
B00283,C004,10-13,Female,2026-06-20
B00284,C008,14-17,Male,2026-06-11
B00285,C002,18-21,Female,2025-01-24
B00286,C003,10-13,Male,2025-01-14
B00287,C001,10-13,Male,2024-09-11
B00288,C001,14-17,Male,2026-02-03
B00289,C003,18-21,Female,2026-05-04
B00290,C005,14-17,Female,2026-04-27
B00291,C003,18-21,Female,2024-04-25
B00292,C001,14-17,Male,2025-03-12
B00293,C001,10-13,Female,2025-07-31
B00294,C008,22-25,Male,2026-02-05
B00295,C010,10-13,Male,2025-05-26
B00296,C002,22-25,Female,2025-03-19
B00297,C003,14-17,Male,2025-02-03
B00298,C002,22-25,Other,2026-05-21
B00299,C003,10-13,Male,2025-01-09
B00300,C007,14-17,Other,2025-05-17
B00301,C001,10-13,Female,2025-01-03
B00302,C010,10-13,Female,2025-06-15
B00303,C008,14-17,Male,2024-05-21
B00304,C010,10-13,Male,2025-06-16
B00305,C010,14-17,Female,2026-03-03
B00306,C010,10-13,Male,2026-05-03
B00307,C002,14-17,Female,2024-10-02
B00308,C003,18-21,Other,2026-04-11
B00309,C009,14-17,Male,2024-09-20
B00310,C007,18-21,Female,2026-01-16
B00311,C004,18-21,Female,2025-10-31
B00312,C010,18-21,Male,2025-08-01
B00313,C005,14-17,Male,2026-03-30
B00314,C002,18-21,Male,2024-05-08
B00315,C008,22-25,Male,2024-11-15
B00316,C004,18-21,Female,2025-12-15
B00317,C009,14-17,Male,2025-08-14
B00318,C005,18-21,Other,2025-10-16
B00319,C009,18-21,Male,2024-12-02
B00320,C004,14-17,Female,2025-12-03
B00321,C010,10-13,Female,2026-01-07
B00322,C005,10-13,Male,2025-11-15
B00323,C009,18-21,Male,2025-11-04
B00324,C008,10-13,Female,2024-09-15
B00325,C003,18-21,Female,2026-01-18
B00326,C001,14-17,Male,2026-02-08
B00327,C003,14-17,Male,2024-11-08
B00328,C004,10-13,Male,2026-04-07
B00329,C002,10-13,Male,2024-08-05
B00330,C001,22-25,Female,2024-05-08
B00331,C007,22-25,Female,2024-11-20
B00332,C008,18-21,Male,2025-04-10
B00333,C007,14-17,Other,2025-05-18
B00334,C005,18-21,Male,2025-08-08
B00335,C001,14-17,Female,2025-10-26
B00336,C007,14-17,Male,2024-04-14
B00337,C007,10-13,Male,2025-06-01
B00338,C009,18-21,Male,2025-06-15
B00339,C003,18-21,Male,2024-10-09
B00340,C009,22-25,Female,2025-05-10
B00341,C001,10-13,Female,2024-05-17
B00342,C001,18-21,Male,2026-06-09
B00343,C004,14-17,Female,2024-11-10
B00344,C009,14-17,Male,2026-03-02
B00345,C006,10-13,Female,2026-03-20
B00346,C003,14-17,Male,2025-12-24
B00347,C001,14-17,Male,2026-04-19
B00348,C004,14-17,Male,2026-05-12
B00349,C009,18-21,Female,2024-10-18
B00350,C003,18-21,Female,2026-04-18
B00351,C009,14-17,Male,2025-05-31
B00352,C007,22-25,Male,2024-11-17
B00353,C004,14-17,Male,2026-03-17
B00354,C003,10-13,Female,2025-11-26
B00355,C010,18-21,Female,2025-12-09
B00356,C005,10-13,Male,2025-02-07
B00357,C005,14-17,Male,2024-11-15
B00358,C003,10-13,Female,2026-02-06
B00359,C009,10-13,Male,2025-01-06
B00360,C004,18-21,Male,2026-06-06
B00361,C005,10-13,Male,2025-09-24
B00362,C004,14-17,Male,2025-01-01
B00363,C005,10-13,Female,2025-06-06
B00364,C007,18-21,Female,2025-10-26
B00365,C009,14-17,Male,2026-05-26
B00366,C007,18-21,Female,2025-11-04
B00367,C005,14-17,Male,2024-04-15
B00368,C010,10-13,Female,2025-07-12
B00369,C010,14-17,Female,2025-02-03
B00370,C007,10-13,Female,2026-05-21
B00371,C010,14-17,Male,2026-06-09
B00372,C005,14-17,Male,2025-08-30
B00373,C003,22-25,Male,2025-04-23
B00374,C007,10-13,Female,2026-01-30
B00375,C002,18-21,Male,2024-07-21
B00376,C009,10-13,Female,2024-06-22
B00377,C010,14-17,Other,2026-02-11
B00378,C010,14-17,Female,2024-06-18
B00379,C001,22-25,Female,2026-04-14
B00380,C006,10-13,Male,2024-05-11
B00381,C007,10-13,Male,2024-06-18
B00382,C008,14-17,Male,2024-07-11
B00383,C010,10-13,Female,2024-04-22
B00384,C009,10-13,Male,2025-08-25
B00385,C002,14-17,Female,2025-01-04
B00386,C010,10-13,Male,2025-08-10
B00387,C002,10-13,Male,2025-03-23
B00388,C005,18-21,Female,2025-07-26
B00389,C005,14-17,Male,2024-04-20
B00390,C006,10-13,Male,2025-12-08
B00391,C003,10-13,Female,2024-09-14
B00392,C008,18-21,Male,2026-04-25
B00393,C001,10-13,Male,2026-02-18
B00394,C006,14-17,Male,2024-07-13
B00395,C004,10-13,Female,2024-08-09
B00396,C001,14-17,Female,2024-09-24
B00397,C007,14-17,Female,2024-05-12
B00398,C009,18-21,Male,2025-12-15
B00399,C004,18-21,Male,2024-11-04
B00400,C004,14-17,Male,2025-06-06
B00401,C006,14-17,Other,2024-11-06
B00402,C003,10-13,Male,2024-07-08
B00403,C006,14-17,Male,2024-04-18
B00404,C007,10-13,Female,2024-10-16
B00405,C010,10-13,Female,2026-04-15
B00406,C010,18-21,Male,2026-02-18
B00407,C003,14-17,Male,2026-03-01
B00408,C007,14-17,Male,2026-03-29
B00409,C003,14-17,Male,2024-08-21
B00410,C002,14-17,Female,2026-02-10
B00411,C010,10-13,Female,2026-05-18
B00412,C004,18-21,Female,2026-01-12
B00413,C008,10-13,Male,2025-09-13
B00414,C009,18-21,Male,2026-03-27
B00415,C007,18-21,Male,2026-01-22
B00416,C001,18-21,Male,2024-11-07
B00417,C003,14-17,Female,2024-10-25
B00418,C009,10-13,Male,2024-09-28
B00419,C001,14-17,Male,2024-08-19
B00420,C009,14-17,Male,2025-08-30
B00421,C008,14-17,Male,2025-08-05
B00422,C001,18-21,Male,2025-01-18
B00423,C006,14-17,Female,2024-11-12
B00424,C005,14-17,Male,2024-10-25
B00425,C006,10-13,Female,2024-08-10
B00426,C010,14-17,Male,2025-01-21
B00427,C005,14-17,Male,2024-06-10
B00428,C006,18-21,Female,2025-09-20
B00429,C005,18-21,Male,2025-03-16
B00430,C005,18-21,Female,2026-04-12
B00431,C004,22-25,Male,2025-03-15
B00432,C003,18-21,Female,2025-05-15
B00433,C003,10-13,Female,2024-05-12
B00434,C004,18-21,Female,2024-12-10
B00435,C009,10-13,Female,2024-07-13
B00436,C002,10-13,Female,2024-09-09
B00437,C009,18-21,Male,2025-08-28
B00438,C001,14-17,Female,2024-08-14
B00439,C001,10-13,Female,2024-11-29
B00440,C005,10-13,Male,2025-06-04
B00441,C006,10-13,Male,2025-04-17
B00442,C006,22-25,Female,2026-04-25
B00443,C003,10-13,Female,2024-09-23
B00444,C007,10-13,Male,2026-02-11
B00445,C009,14-17,Female,2024-10-17
B00446,C010,14-17,Male,2026-06-19
B00447,C008,22-25,Male,2026-03-12
B00448,C006,10-13,Female,2026-01-09
B00449,C008,14-17,Male,2024-12-18
B00450,C005,18-21,Female,2025-11-07
B00451,C008,22-25,Male,2026-05-15
B00452,C010,18-21,Male,2024-10-12
B00453,C004,18-21,Male,2025-06-11
B00454,C010,10-13,Female,2024-05-25
B00455,C008,14-17,Male,2025-11-12
B00456,C010,14-17,Male,2025-06-02
B00457,C002,22-25,Male,2025-11-10
B00458,C005,10-13,Male,2025-05-05
B00459,C009,10-13,Male,2026-05-21
B00460,C004,14-17,Male,2025-01-03
B00461,C006,10-13,Female,2024-05-16
B00462,C001,10-13,Male,2026-01-16
B00463,C009,22-25,Female,2026-04-26
B00464,C001,14-17,Female,2025-10-10
B00465,C005,18-21,Male,2026-04-29
B00466,C004,18-21,Male,2025-12-22
B00467,C003,14-17,Female,2024-10-26
B00468,C006,10-13,Female,2025-10-09
B00469,C002,10-13,Male,2026-03-15
B00470,C003,14-17,Female,2026-02-15
B00471,C005,18-21,Male,2026-05-14
B00472,C009,14-17,Male,2025-07-25
B00473,C002,10-13,Male,2024-10-11
B00474,C010,14-17,Female,2026-04-22
B00475,C008,22-25,Female,2025-02-25
B00476,C002,18-21,Female,2024-05-22
B00477,C005,18-21,Male,2026-06-04
B00478,C007,18-21,Female,2024-06-18
B00479,C008,14-17,Male,2025-06-29
B00480,C001,18-21,Female,2025-06-05
B00481,C006,10-13,Male,2024-09-24
B00482,C001,18-21,Male,2025-10-19
B00483,C002,18-21,Male,2025-07-01
B00484,C001,10-13,Female,2025-09-08
B00485,C005,18-21,Male,2025-01-27
B00486,C010,22-25,Male,2026-02-24
B00487,C009,10-13,Male,2026-06-23
B00488,C006,18-21,Other,2026-05-28
B00489,C001,10-13,Female,2025-06-13
B00490,C001,14-17,Female,2025-08-26
B00491,C002,14-17,Male,2024-05-15
B00492,C009,14-17,Male,2024-11-19
B00493,C003,22-25,Female,2025-04-06
B00494,C001,22-25,Male,2025-08-22
B00495,C005,18-21,Male,2024-07-10
B00496,C007,10-13,Male,2025-05-12
B00497,C006,22-25,Female,2025-01-31
B00498,C001,10-13,Male,2024-10-24
B00499,C005,18-21,Female,2024-04-25
B00500,C005,14-17,Female,2026-03-08
B00501,C006,10-13,Male,2024-08-10
B00502,C003,18-21,Male,2026-05-27
B00503,C005,10-13,Other,2026-02-12
B00504,C007,10-13,Female,2025-02-06
B00505,C005,14-17,Female,2026-01-05
B00506,C005,10-13,Female,2026-06-11
B00507,C005,10-13,Male,2026-02-21
B00508,C010,10-13,Female,2024-06-18
B00509,C010,14-17,Male,2024-10-30
B00510,C003,10-13,Female,2024-11-17
B00511,C001,18-21,Female,2025-09-21
B00512,C005,10-13,Female,2024-09-09
B00513,C009,22-25,Female,2025-11-20
B00514,C001,22-25,Female,2025-02-19
B00515,C003,14-17,Male,2024-08-16
B00516,C004,18-21,Female,2025-06-16
B00517,C001,18-21,Male,2026-01-05
B00518,C001,22-25,Female,2024-08-15
B00519,C008,14-17,Male,2024-06-05
B00520,C002,10-13,Male,2025-11-05
B00521,C008,18-21,Female,2026-02-12
B00522,C007,18-21,Other,2024-07-01
B00523,C010,18-21,Male,2024-05-19
B00524,C010,14-17,Female,2025-04-30
B00525,C002,18-21,Female,2024-04-20
B00526,C006,22-25,Female,2025-03-26
B00527,C006,10-13,Male,2025-01-11
B00528,C003,10-13,Female,2026-01-04
B00529,C002,10-13,Female,2025-02-05
B00530,C001,18-21,Male,2026-05-17
B00531,C006,18-21,Female,2025-08-04
B00532,C005,18-21,Female,2025-04-21
B00533,C009,14-17,Female,2026-04-18
B00534,C001,14-17,Male,2026-01-16
B00535,C007,14-17,Male,2025-10-07
B00536,C005,14-17,Female,2024-08-10
B00537,C005,18-21,Male,2025-08-11
B00538,C002,22-25,Female,2025-03-17
B00539,C003,22-25,Male,2024-11-05
B00540,C007,22-25,Male,2026-05-11
B00541,C006,14-17,Male,2026-05-11
B00542,C002,14-17,Female,2024-12-29
B00543,C006,18-21,Male,2025-04-21
B00544,C002,22-25,Female,2024-11-04
B00545,C002,10-13,Female,2025-11-23
B00546,C002,14-17,Female,2025-03-26
B00547,C003,10-13,Female,2026-02-25
B00548,C002,14-17,Male,2026-04-22
B00549,C004,14-17,Male,2025-11-21
B00550,C009,14-17,Male,2026-03-24
B00551,C006,10-13,Female,2026-04-26
B00552,C001,14-17,Female,2025-10-26
B00553,C008,18-21,Male,2024-05-03
B00554,C007,10-13,Male,2024-05-03
B00555,C010,18-21,Female,2026-04-07
B00556,C003,18-21,Male,2024-06-16
B00557,C001,18-21,Female,2025-09-04
B00558,C005,10-13,Male,2026-03-23
B00559,C004,22-25,Female,2024-12-23
B00560,C010,14-17,Male,2024-12-28
B00561,C008,22-25,Male,2026-04-18
B00562,C001,22-25,Male,2025-09-14
B00563,C010,10-13,Male,2026-06-29
B00564,C001,10-13,Male,2025-05-10
B00565,C004,10-13,Male,2025-11-11
B00566,C008,14-17,Female,2024-06-24
B00567,C005,10-13,Male,2025-10-13
B00568,C002,10-13,Female,2025-01-03
B00569,C006,14-17,Male,2024-06-17
B00570,C005,10-13,Female,2024-09-11
B00571,C002,10-13,Female,2024-04-20
B00572,C003,14-17,Male,2024-06-01
B00573,C009,10-13,Male,2024-12-17
B00574,C007,14-17,Male,2025-03-03
B00575,C007,14-17,Male,2024-08-17
B00576,C006,14-17,Female,2025-05-02
B00577,C008,18-21,Female,2026-06-12
B00578,C004,14-17,Female,2026-05-16
B00579,C008,14-17,Female,2025-08-30
B00580,C004,14-17,Female,2025-11-18
B00581,C008,18-21,Female,2025-07-25
B00582,C009,22-25,Female,2025-10-08
B00583,C003,18-21,Female,2025-06-10
B00584,C003,18-21,Male,2025-05-01
B00585,C002,10-13,Male,2025-12-05
B00586,C010,10-13,Female,2025-01-24
B00587,C003,10-13,Male,2026-01-22
B00588,C003,22-25,Male,2025-12-10
B00589,C005,18-21,Male,2024-12-11
B00590,C005,18-21,Male,2024-08-23
B00591,C002,14-17,Female,2024-07-29
B00592,C010,18-21,Male,2025-09-27
B00593,C006,10-13,Female,2024-05-13
B00594,C005,10-13,Female,2024-06-18
B00595,C006,14-17,Male,2024-07-26
B00596,C001,14-17,Female,2025-07-07
B00597,C005,14-17,Female,2024-05-16
B00598,C009,18-21,Male,2024-10-04
B00599,C010,10-13,Male,2024-08-03
B00600,C002,14-17,Male,2025-11-09
B00601,C001,14-17,Female,2026-02-08
B00602,C010,14-17,Female,2024-07-06
B00603,C009,18-21,Male,2024-06-28
B00604,C010,18-21,Male,2025-09-20
B00605,C009,18-21,Male,2024-05-26
B00606,C009,22-25,Female,2026-06-04
B00607,C006,18-21,Male,2025-07-05
B00608,C008,10-13,Female,2025-06-10
B00609,C001,18-21,Male,2025-10-03
B00610,C010,14-17,Female,2026-03-11
B00611,C004,10-13,Female,2024-09-28
B00612,C001,10-13,Female,2024-04-29
B00613,C008,18-21,Male,2026-01-02
B00614,C001,18-21,Female,2024-04-19
B00615,C003,10-13,Male,2024-11-01
B00616,C004,18-21,Male,2025-09-19
B00617,C008,22-25,Female,2025-08-20
B00618,C006,10-13,Female,2026-01-11
B00619,C010,10-13,Female,2024-05-03
B00620,C007,18-21,Male,2025-06-27
B00621,C008,10-13,Female,2026-02-02
B00622,C002,18-21,Female,2026-06-07
B00623,C010,10-13,Female,2025-10-23
B00624,C008,14-17,Female,2026-03-08
B00625,C003,18-21,Female,2026-03-26
B00626,C007,18-21,Male,2025-11-10
B00627,C003,18-21,Female,2024-09-26
B00628,C007,22-25,Female,2025-10-02
B00629,C002,18-21,Other,2025-01-22
B00630,C010,18-21,Male,2024-07-25
B00631,C006,10-13,Male,2024-08-28
B00632,C003,14-17,Male,2026-05-27
B00633,C003,10-13,Female,2026-03-22
B00634,C009,18-21,Female,2026-06-02
B00635,C007,14-17,Male,2025-10-23
B00636,C005,14-17,Female,2024-12-05
B00637,C010,10-13,Female,2025-05-10
B00638,C007,18-21,Female,2025-07-02
B00639,C009,22-25,Male,2025-03-24
B00640,C001,14-17,Female,2025-01-10
B00641,C007,18-21,Male,2025-06-27
B00642,C006,10-13,Female,2025-07-12
B00643,C010,14-17,Male,2025-04-11
B00644,C009,18-21,Male,2025-12-27
B00645,C001,14-17,Female,2025-11-09
B00646,C004,22-25,Male,2026-05-25
B00647,C009,10-13,Male,2024-08-15
B00648,C004,10-13,Female,2025-01-15
B00649,C010,22-25,Female,2026-05-20
B00650,C003,10-13,Female,2025-01-25
B00651,C009,22-25,Male,2025-03-03
B00652,C002,22-25,Male,2024-09-13
B00653,C004,10-13,Male,2024-09-29
B00654,C006,14-17,Male,2026-03-08
B00655,C002,10-13,Female,2025-07-06
B00656,C008,14-17,Male,2026-04-24
B00657,C008,10-13,Male,2024-08-17
B00658,C001,10-13,Male,2025-09-27
B00659,C003,14-17,Male,2026-04-24
B00660,C010,14-17,Female,2024-04-11
B00661,C009,22-25,Female,2024-05-02
B00662,C005,18-21,Male,2024-11-13
B00663,C006,18-21,Male,2025-07-27
B00664,C004,14-17,Male,2025-05-11
B00665,C010,18-21,Female,2025-03-20
B00666,C002,14-17,Female,2025-09-07
B00667,C008,18-21,Male,2024-12-28
B00668,C006,22-25,Female,2026-04-06
B00669,C005,14-17,Female,2025-03-09
B00670,C009,18-21,Female,2025-01-12
B00671,C001,18-21,Female,2024-11-14
B00672,C005,22-25,Male,2024-04-25
B00673,C006,18-21,Male,2025-07-22
B00674,C005,14-17,Male,2025-02-22
B00675,C006,14-17,Female,2025-06-06
B00676,C006,10-13,Other,2025-01-01
B00677,C007,18-21,Male,2026-05-03
B00678,C004,10-13,Male,2024-04-08
B00679,C008,18-21,Male,2024-09-17
B00680,C007,10-13,Male,2025-11-09
B00681,C009,10-13,Male,2025-03-05
B00682,C007,14-17,Female,2024-06-24
B00683,C003,18-21,Male,2024-08-20
B00684,C003,10-13,Male,2026-05-16
B00685,C008,14-17,Female,2024-10-29
B00686,C005,14-17,Male,2025-06-06
B00687,C004,10-13,Male,2025-10-02
B00688,C008,10-13,Male,2025-02-25
B00689,C006,18-21,Female,2025-06-24
B00690,C002,14-17,Female,2026-05-14
B00691,C004,10-13,Male,2025-01-26
B00692,C004,18-21,Female,2026-05-23
B00693,C006,22-25,Male,2024-07-08
B00694,C006,14-17,Female,2024-11-25
B00695,C001,14-17,Female,2024-10-30
B00696,C008,22-25,Female,2024-07-21
B00697,C006,22-25,Male,2024-06-01
B00698,C003,18-21,Other,2025-11-22
B00699,C009,14-17,Other,2025-01-13
B00700,C002,14-17,Female,2025-07-03
B00701,C008,18-21,Female,2025-12-05
B00702,C010,10-13,Male,2024-09-07
B00703,C003,14-17,Male,2024-04-16
B00704,C005,18-21,Male,2025-11-24
B00705,C006,18-21,Male,2024-06-05
B00706,C010,14-17,Female,2024-10-08
B00707,C006,18-21,Female,2026-01-08
B00708,C004,10-13,Female,2025-10-11
B00709,C003,14-17,Male,2025-03-07
B00710,C004,18-21,Male,2026-01-30
B00711,C001,10-13,Female,2025-04-17
B00712,C004,10-13,Male,2026-06-11
B00713,C001,22-25,Male,2024-12-02
B00714,C001,10-13,Other,2026-05-11
B00715,C010,10-13,Female,2024-12-14
B00716,C006,22-25,Male,2026-05-18
B00717,C005,18-21,Female,2026-03-23
B00718,C004,18-21,Female,2026-01-21
B00719,C003,18-21,Female,2026-02-02
B00720,C001,10-13,Female,2024-10-19
B00721,C006,18-21,Male,2026-03-02
B00722,C002,14-17,Female,2025-12-25
B00723,C008,18-21,Male,2025-10-23
B00724,C010,14-17,Male,2025-08-21
B00725,C005,18-21,Female,2024-07-04
B00726,C007,14-17,Female,2025-11-02
B00727,C010,14-17,Female,2024-12-26
B00728,C002,18-21,Female,2025-07-07
B00729,C008,18-21,Female,2026-05-04
B00730,C002,18-21,Female,2025-10-30
B00731,C004,14-17,Female,2024-12-23
B00732,C001,14-17,Male,2024-08-30
B00733,C005,18-21,Male,2024-04-06
B00734,C009,18-21,Male,2024-11-20
B00735,C001,18-21,Male,2025-10-05
B00736,C009,22-25,Female,2026-05-18
B00737,C008,18-21,Female,2025-10-10
B00738,C006,14-17,Other,2025-06-04
B00739,C007,18-21,Female,2024-07-18
B00740,C003,22-25,Female,2024-10-18
B00741,C001,14-17,Male,2025-10-04
B00742,C005,18-21,Male,2024-09-12
B00743,C002,18-21,Male,2026-05-15
B00744,C005,14-17,Female,2026-01-06
B00745,C008,10-13,Male,2025-01-03
B00746,C009,14-17,Female,2024-08-13
B00747,C002,22-25,Female,2025-05-26
B00748,C003,18-21,Male,2026-01-18
B00749,C003,14-17,Male,2026-02-27
B00750,C001,22-25,Female,2025-10-29
B00751,C008,14-17,Male,2025-05-25
B00752,C006,14-17,Female,2024-09-27
B00753,C008,18-21,Female,2026-01-24
B00754,C009,18-21,Female,2026-02-08
B00755,C005,10-13,Female,2025-03-01
B00756,C003,14-17,Female,2025-07-07
B00757,C005,14-17,Female,2024-04-17
B00758,C005,14-17,Male,2025-07-09
B00759,C005,14-17,Female,2025-06-10
B00760,C003,14-17,Male,2025-11-10
B00761,C010,10-13,Male,2026-01-21
B00762,C004,14-17,Male,2025-08-05
B00763,C009,10-13,Female,2025-03-13
B00764,C010,14-17,Male,2026-03-12
B00765,C009,18-21,Male,2026-02-15
B00766,C002,18-21,Other,2024-08-25
B00767,C008,14-17,Female,2024-08-08
B00768,C008,10-13,Female,2025-02-09
B00769,C007,10-13,Female,2024-04-21
B00770,C008,14-17,Female,2025-12-26
B00771,C003,10-13,Female,2024-04-15
B00772,C006,14-17,Male,2025-10-09
B00773,C001,10-13,Female,2024-10-13
B00774,C007,18-21,Female,2026-02-05
B00775,C001,14-17,Male,2026-04-02
B00776,C009,10-13,Male,2025-12-30
B00777,C001,18-21,Male,2025-06-29
B00778,C001,14-17,Female,2026-06-10
B00779,C007,10-13,Male,2026-03-12
B00780,C002,14-17,Female,2024-07-12
B00781,C005,14-17,Female,2025-10-27
B00782,C008,18-21,Female,2026-01-07
B00783,C008,10-13,Female,2025-07-17
B00784,C003,14-17,Male,2026-01-06
B00785,C007,14-17,Male,2024-05-04
B00786,C003,10-13,Male,2025-01-29
B00787,C006,22-25,Female,2025-01-30
B00788,C006,18-21,Male,2024-10-10
B00789,C003,14-17,Male,2025-04-20
B00790,C007,14-17,Male,2026-01-07
B00791,C003,10-13,Female,2025-11-29
B00792,C008,22-25,Male,2025-02-25
B00793,C010,10-13,Female,2024-10-30
B00794,C004,10-13,Male,2024-10-26
B00795,C001,14-17,Female,2026-03-18
B00796,C004,14-17,Male,2024-08-07
B00797,C007,14-17,Female,2025-09-13
B00798,C004,10-13,Female,2026-04-18
B00799,C006,14-17,Male,2026-02-22
B00800,C009,14-17,Female,2025-02-20
B00801,C001,10-13,Female,2024-06-09
B00802,C005,22-25,Female,2025-03-05
B00803,C007,10-13,Female,2025-04-12
B00804,C001,14-17,Male,2024-12-20
B00805,C004,18-21,Female,2025-12-20
B00806,C006,10-13,Other,2025-07-25
B00807,C002,18-21,Female,2025-10-12
B00808,C010,18-21,Female,2026-01-23
B00809,C005,10-13,Male,2024-04-30
B00810,C010,22-25,Female,2026-02-02
B00811,C001,14-17,Female,2025-10-10
B00812,C006,14-17,Male,2025-06-30
B00813,C006,14-17,Female,2026-01-06
B00814,C004,14-17,Female,2024-05-22
B00815,C008,18-21,Male,2026-02-15
B00816,C004,18-21,Male,2026-04-05
B00817,C008,18-21,Female,2024-09-06
B00818,C008,22-25,Male,2024-10-09
B00819,C005,18-21,Male,2025-10-25
B00820,C004,14-17,Male,2025-07-09
B00821,C002,14-17,Male,2026-05-20
B00822,C003,14-17,Female,2024-05-03
B00823,C003,10-13,Male,2025-09-01
B00824,C004,18-21,Female,2024-08-07
B00825,C004,14-17,Female,2024-11-03
B00826,C010,10-13,Female,2024-07-12
B00827,C005,10-13,Male,2024-08-04
B00828,C004,14-17,Female,2024-08-15
B00829,C010,14-17,Male,2025-10-01
B00830,C008,14-17,Male,2025-06-29
B00831,C006,14-17,Female,2025-01-24
B00832,C006,14-17,Female,2025-02-13
B00833,C008,18-21,Female,2024-04-05
B00834,C007,10-13,Other,2025-12-06
B00835,C010,10-13,Female,2025-09-21
B00836,C010,14-17,Female,2024-09-29
B00837,C008,14-17,Female,2026-02-05
B00838,C002,10-13,Male,2026-03-31
B00839,C009,14-17,Male,2024-06-04
B00840,C001,10-13,Female,2025-01-28
B00841,C008,14-17,Female,2025-12-15
B00842,C004,14-17,Male,2025-06-12
B00843,C004,14-17,Male,2025-12-25
B00844,C005,18-21,Male,2025-10-27
B00845,C008,14-17,Female,2024-09-29
B00846,C005,22-25,Female,2024-10-19
B00847,C008,14-17,Female,2026-03-27
B00848,C010,14-17,Female,2025-12-13
B00849,C001,18-21,Female,2025-11-30
B00850,C010,18-21,Male,2025-06-15
B00851,C009,14-17,Male,2025-03-23
B00852,C006,14-17,Male,2024-08-11
B00853,C003,10-13,Female,2026-05-23
B00854,C008,10-13,Male,2026-02-28
B00855,C009,14-17,Female,2025-04-17
B00856,C006,14-17,Female,2026-03-25
B00857,C007,14-17,Male,2026-01-26
B00858,C001,10-13,Female,2024-09-07
B00859,C005,18-21,Female,2024-12-15
B00860,C005,18-21,Male,2024-08-05
B00861,C010,22-25,Male,2024-06-07
B00862,C004,14-17,Female,2025-08-12
B00863,C006,18-21,Male,2026-02-05
B00864,C007,18-21,Male,2025-08-03
B00865,C009,14-17,Female,2024-07-16
B00866,C001,14-17,Female,2024-07-16
B00867,C006,22-25,Female,2026-04-28
B00868,C007,14-17,Female,2024-12-09
B00869,C003,14-17,Female,2025-06-27
B00870,C008,10-13,Male,2024-04-20
B00871,C005,10-13,Female,2026-01-24
B00872,C009,18-21,Male,2025-01-04
B00873,C005,14-17,Male,2025-08-19
B00874,C009,14-17,Female,2025-02-22
B00875,C010,10-13,Female,2024-08-17
B00876,C004,14-17,Male,2025-10-04
B00877,C009,14-17,Female,2025-12-21
B00878,C005,10-13,Female,2026-01-06
B00879,C010,18-21,Female,2026-01-23
B00880,C009,10-13,Male,2025-05-08
B00881,C003,14-17,Female,2025-04-25
B00882,C004,18-21,Male,2025-06-27
B00883,C009,10-13,Male,2024-04-18
B00884,C010,18-21,Female,2024-07-17
B00885,C006,18-21,Female,2025-09-20
B00886,C002,18-21,Female,2026-04-06
B00887,C007,10-13,Female,2025-09-19
B00888,C002,10-13,Male,2026-04-27
B00889,C002,14-17,Female,2026-02-18
B00890,C001,14-17,Male,2025-11-23
B00891,C003,18-21,Female,2024-09-24
B00892,C006,18-21,Male,2026-02-06
B00893,C008,18-21,Female,2025-10-24
B00894,C009,22-25,Female,2025-10-01
B00895,C007,18-21,Female,2024-06-25
B00896,C004,14-17,Female,2025-07-07
B00897,C006,10-13,Female,2025-09-08
B00898,C005,18-21,Male,2026-05-17
B00899,C008,10-13,Male,2025-05-18
B00900,C001,10-13,Female,2024-09-24
B00901,C001,14-17,Male,2026-01-14
B00902,C006,18-21,Female,2026-04-25
B00903,C010,10-13,Male,2024-05-24
B00904,C002,18-21,Male,2025-09-03
B00905,C005,18-21,Female,2024-04-09
B00906,C001,14-17,Other,2026-03-23
B00907,C007,10-13,Female,2024-10-31
B00908,C001,10-13,Female,2024-04-29
B00909,C004,18-21,Female,2026-05-23
B00910,C009,18-21,Male,2025-04-26
B00911,C001,22-25,Male,2025-02-24
B00912,C004,14-17,Female,2024-08-23
B00913,C006,10-13,Female,2026-04-08
B00914,C006,10-13,Female,2024-10-15
B00915,C008,18-21,Other,2026-05-19
B00916,C001,10-13,Male,2024-12-08
B00917,C007,14-17,Male,2025-08-24
B00918,C001,14-17,Female,2026-04-25
B00919,C007,10-13,Male,2026-05-18
B00920,C003,10-13,Male,2026-05-02
B00921,C008,14-17,Male,2024-05-14
B00922,C003,10-13,Male,2024-12-05
B00923,C001,10-13,Female,2025-10-25
B00924,C008,18-21,Female,2025-08-16
B00925,C003,18-21,Female,2024-12-18
B00926,C002,10-13,Female,2024-05-15
B00927,C001,18-21,Male,2025-09-03
B00928,C003,14-17,Female,2025-08-03
B00929,C002,14-17,Male,2025-02-02
B00930,C002,18-21,Male,2025-11-05
B00931,C006,18-21,Male,2025-02-02
B00932,C001,18-21,Female,2024-06-14
B00933,C002,10-13,Female,2025-12-12
B00934,C006,10-13,Female,2025-08-16
B00935,C003,22-25,Female,2025-08-12
B00936,C004,14-17,Male,2025-08-12
B00937,C001,14-17,Female,2025-06-22
B00938,C008,18-21,Female,2025-12-18
B00939,C007,18-21,Male,2026-05-03
B00940,C007,18-21,Male,2025-12-07
B00941,C003,14-17,Female,2025-06-16
B00942,C010,18-21,Female,2024-09-01
B00943,C010,10-13,Female,2024-08-20
B00944,C003,10-13,Female,2025-06-02
B00945,C002,18-21,Other,2024-11-12
B00946,C001,10-13,Male,2024-09-17
B00947,C007,14-17,Male,2025-01-24
B00948,C007,18-21,Male,2024-07-26
B00949,C002,14-17,Male,2025-06-18
B00950,C007,10-13,Female,2024-05-27
B00951,C008,14-17,Female,2024-06-28
B00952,C001,14-17,Female,2024-09-16
B00953,C009,14-17,Male,2025-04-28
B00954,C007,18-21,Female,2025-02-09
B00955,C003,18-21,Male,2025-10-16
B00956,C008,14-17,Male,2026-06-03
B00957,C007,18-21,Female,2026-06-21
B00958,C008,10-13,Female,2024-12-19
B00959,C006,10-13,Male,2025-05-19
B00960,C009,18-21,Male,2026-05-02
B00961,C005,14-17,Female,2024-08-28
B00962,C003,22-25,Male,2026-06-10
B00963,C003,14-17,Male,2024-04-28
B00964,C001,18-21,Female,2026-04-18
B00965,C008,14-17,Male,2026-02-09
B00966,C002,14-17,Male,2026-03-21
B00967,C003,14-17,Female,2024-05-14
B00968,C008,18-21,Other,2025-12-31
B00969,C008,14-17,Female,2026-06-16
B00970,C004,22-25,Male,2024-12-31
B00971,C004,10-13,Male,2025-02-06
B00972,C005,10-13,Male,2024-11-06
B00973,C006,14-17,Male,2024-09-11
B00974,C005,14-17,Female,2025-05-21
B00975,C007,18-21,Female,2026-05-21
B00976,C002,14-17,Female,2025-04-16
B00977,C007,18-21,Male,2024-04-30
B00978,C010,14-17,Male,2024-08-31
B00979,C007,14-17,Female,2025-03-02
B00980,C001,22-25,Male,2026-04-07
B00981,C007,10-13,Female,2025-04-21
B00982,C005,14-17,Female,2025-01-24
B00983,C003,22-25,Female,2025-11-17
B00984,C003,18-21,Male,2026-03-15
B00985,C004,14-17,Female,2025-12-27
B00986,C002,14-17,Male,2025-04-30
B00987,C002,14-17,Male,2026-02-09
B00988,C001,14-17,Female,2025-07-29
B00989,C005,18-21,Male,2024-05-27
B00990,C004,18-21,Female,2025-06-08
B00991,C010,14-17,Female,2024-12-21
B00992,C002,10-13,Female,2025-02-12
B00993,C003,10-13,Female,2024-05-12
B00994,C007,10-13,Male,2025-08-23
B00995,C007,10-13,Other,2025-07-28
B00996,C004,14-17,Female,2024-06-20
B00997,C005,10-13,Female,2025-04-04
B00998,C005,10-13,Male,2025-11-14
B00999,C006,14-17,Female,2025-03-26
B01000,C009,10-13,Male,2026-03-21
B01001,C002,10-13,Female,2026-02-17
B01002,C005,14-17,Male,2025-11-12
B01003,C003,10-13,Female,2025-12-31
B01004,C004,14-17,Male,2026-01-19
B01005,C010,10-13,Male,2024-04-06
B01006,C006,18-21,Male,2024-12-01
B01007,C008,22-25,Male,2025-03-08
B01008,C001,18-21,Male,2025-03-14
B01009,C010,14-17,Female,2025-04-24
B01010,C008,18-21,Female,2025-04-06
B01011,C007,18-21,Female,2024-08-28
B01012,C001,10-13,Female,2025-12-31
B01013,C002,14-17,Male,2025-01-19
B01014,C003,18-21,Male,2025-05-24
B01015,C001,14-17,Male,2026-05-08
B01016,C009,10-13,Female,2025-03-14
B01017,C008,18-21,Female,2026-06-14
B01018,C002,18-21,Male,2024-04-10
B01019,C009,10-13,Male,2025-05-27
B01020,C007,14-17,Female,2025-10-30
B01021,C009,10-13,Female,2026-05-04
B01022,C006,18-21,Female,2026-04-01
B01023,C006,10-13,Female,2025-10-26
B01024,C004,14-17,Female,2026-03-14
B01025,C010,18-21,Male,2026-06-01
B01026,C010,14-17,Male,2025-02-12
B01027,C002,18-21,Female,2024-09-07
B01028,C007,14-17,Female,2025-02-20
B01029,C005,14-17,Female,2024-07-17
B01030,C006,18-21,Male,2024-11-06
B01031,C002,10-13,Male,2026-02-02
B01032,C005,14-17,Male,2024-09-23
B01033,C010,10-13,Male,2026-05-24
B01034,C004,18-21,Male,2025-08-17
B01035,C009,22-25,Female,2024-10-06
B01036,C006,22-25,Female,2024-11-13
B01037,C002,14-17,Male,2026-05-03
B01038,C001,10-13,Female,2026-01-27
B01039,C005,14-17,Male,2026-03-11
B01040,C009,18-21,Female,2026-06-11
B01041,C006,10-13,Male,2024-11-29
B01042,C010,22-25,Male,2025-01-22
B01043,C007,14-17,Female,2024-10-31
B01044,C005,22-25,Male,2025-03-05
B01045,C010,18-21,Male,2025-06-09
B01046,C006,18-21,Male,2025-12-31
B01047,C005,14-17,Male,2026-06-19
B01048,C009,10-13,Male,2025-11-18
B01049,C006,14-17,Female,2025-10-21
B01050,C008,14-17,Female,2024-05-16
B01051,C002,10-13,Female,2025-05-04
B01052,C009,14-17,Male,2024-10-13
B01053,C005,14-17,Male,2025-11-02
B01054,C007,18-21,Male,2024-05-14
B01055,C010,18-21,Male,2026-04-21
B01056,C001,10-13,Female,2024-08-22
B01057,C010,22-25,Male,2025-03-17
B01058,C005,10-13,Female,2024-10-13
B01059,C010,14-17,Male,2024-05-07
B01060,C002,14-17,Male,2025-03-01
B01061,C006,18-21,Male,2025-04-12
B01062,C001,10-13,Male,2024-10-17
B01063,C003,14-17,Male,2024-08-13
B01064,C005,18-21,Male,2026-04-22
B01065,C004,10-13,Male,2025-11-11
B01066,C003,18-21,Female,2024-05-06
B01067,C010,22-25,Female,2025-02-23
B01068,C005,22-25,Male,2024-08-13
B01069,C008,10-13,Male,2024-05-21
B01070,C004,10-13,Female,2026-06-10
B01071,C001,14-17,Other,2024-08-11
B01072,C007,14-17,Female,2025-05-27
B01073,C008,10-13,Male,2025-11-16
B01074,C003,10-13,Female,2024-11-28
B01075,C006,22-25,Female,2025-01-28
B01076,C002,22-25,Male,2026-01-07
B01077,C007,10-13,Female,2026-04-06
B01078,C008,14-17,Male,2026-02-12
B01079,C006,14-17,Female,2026-02-25
B01080,C006,10-13,Female,2026-03-10
B01081,C005,18-21,Female,2025-05-18
B01082,C008,18-21,Female,2024-04-06
B01083,C001,18-21,Male,2025-08-09
B01084,C010,18-21,Female,2026-02-18
B01085,C004,14-17,Female,2025-09-08
B01086,C004,18-21,Female,2025-09-22
B01087,C003,10-13,Female,2024-04-02
B01088,C003,14-17,Female,2026-03-26
B01089,C004,14-17,Other,2025-08-31
B01090,C001,10-13,Female,2026-05-25
B01091,C002,10-13,Female,2025-09-27
B01092,C009,14-17,Male,2024-08-11
B01093,C010,22-25,Female,2025-08-17
B01094,C002,10-13,Male,2025-09-17
B01095,C005,14-17,Male,2024-10-03
B01096,C009,14-17,Male,2024-10-02
B01097,C009,18-21,Female,2025-01-04
B01098,C008,10-13,Female,2024-04-22
B01099,C001,22-25,Female,2025-02-23
B01100,C001,18-21,Male,2025-05-19
B01101,C009,14-17,Female,2026-04-02
B01102,C008,18-21,Female,2025-12-04
B01103,C010,10-13,Male,2025-11-03
B01104,C009,14-17,Male,2025-11-13
B01105,C007,18-21,Male,2025-07-21
B01106,C003,10-13,Female,2024-06-04
B01107,C003,14-17,Female,2024-11-09
B01108,C002,14-17,Male,2025-07-08
B01109,C005,10-13,Female,2024-05-25
B01110,C003,22-25,Male,2026-03-13
B01111,C006,10-13,Male,2026-02-06
B01112,C002,18-21,Male,2025-06-22
B01113,C003,14-17,Male,2026-04-25
B01114,C005,18-21,Male,2024-07-04
B01115,C001,14-17,Male,2024-10-29
B01116,C001,14-17,Female,2025-09-05
B01117,C010,18-21,Male,2026-02-28
B01118,C009,14-17,Female,2024-09-14
B01119,C007,14-17,Female,2024-06-30
B01120,C001,14-17,Male,2025-05-12
B01121,C008,18-21,Female,2025-10-26
B01122,C003,14-17,Male,2024-10-09
B01123,C008,22-25,Female,2024-12-04
B01124,C005,14-17,Female,2026-03-10
B01125,C001,14-17,Male,2024-04-15
B01126,C007,18-21,Female,2026-02-27
B01127,C005,18-21,Female,2024-06-08
B01128,C006,18-21,Female,2024-08-16
B01129,C006,22-25,Female,2025-01-21
B01130,C008,14-17,Male,2024-05-21
B01131,C009,10-13,Female,2026-06-28
B01132,C002,10-13,Male,2025-06-26
B01133,C009,18-21,Male,2024-12-11
B01134,C010,22-25,Male,2026-02-17
B01135,C009,10-13,Male,2026-02-28
B01136,C010,10-13,Female,2025-10-05
B01137,C010,10-13,Female,2026-02-27
B01138,C007,18-21,Female,2025-07-31
B01139,C001,14-17,Male,2025-04-21
B01140,C007,14-17,Female,2024-05-10
B01141,C010,14-17,Female,2025-08-27
B01142,C005,18-21,Male,2026-04-24
B01143,C006,18-21,Male,2025-11-06
B01144,C010,14-17,Female,2024-05-28
B01145,C007,10-13,Female,2025-07-26
B01146,C005,14-17,Female,2025-12-02
B01147,C007,18-21,Female,2024-09-23
B01148,C009,22-25,Female,2024-11-29
B01149,C003,10-13,Male,2025-01-15
B01150,C008,10-13,Female,2024-06-26
B01151,C002,10-13,Male,2024-09-11
B01152,C007,14-17,Female,2025-09-21
B01153,C002,18-21,Female,2026-04-28
B01154,C004,10-13,Female,2024-07-06
B01155,C007,14-17,Other,2026-02-26
B01156,C003,14-17,Male,2025-07-01
B01157,C002,10-13,Female,2024-11-07
B01158,C010,14-17,Female,2025-04-26
B01159,C007,10-13,Other,2026-06-15
B01160,C001,14-17,Female,2026-03-22
B01161,C008,18-21,Male,2024-06-26
B01162,C003,14-17,Female,2024-09-03
B01163,C002,10-13,Female,2024-09-15
B01164,C003,22-25,Male,2025-12-23
B01165,C005,18-21,Female,2025-10-15
B01166,C008,18-21,Female,2025-10-31
B01167,C010,10-13,Female,2024-12-01
B01168,C007,10-13,Male,2025-10-16
B01169,C007,10-13,Female,2026-04-21
B01170,C007,10-13,Female,2026-02-21
B01171,C008,14-17,Female,2024-09-03
B01172,C001,22-25,Male,2024-04-28
B01173,C004,14-17,Male,2026-03-26
B01174,C006,14-17,Female,2025-09-01
B01175,C009,14-17,Female,2024-07-24
B01176,C002,10-13,Male,2026-03-23
B01177,C001,14-17,Male,2024-04-09
B01178,C010,14-17,Male,2024-05-12
B01179,C002,18-21,Female,2026-01-08
B01180,C007,22-25,Male,2025-12-07
B01181,C003,10-13,Male,2026-02-21
B01182,C010,14-17,Male,2024-10-30
B01183,C002,22-25,Female,2024-04-14
B01184,C007,18-21,Male,2026-02-28
B01185,C002,14-17,Male,2025-10-31
B01186,C003,22-25,Female,2025-05-23
B01187,C007,10-13,Male,2024-12-14
B01188,C004,22-25,Male,2025-06-04
B01189,C001,10-13,Female,2026-05-20
B01190,C005,14-17,Male,2025-10-31
B01191,C009,22-25,Female,2025-01-01
B01192,C008,10-13,Male,2024-05-01
B01193,C009,14-17,Female,2024-11-23
B01194,C010,14-17,Male,2025-08-17
B01195,C009,22-25,Female,2024-10-11
B01196,C007,18-21,Male,2024-08-28
B01197,C004,18-21,Male,2026-01-23
B01198,C005,14-17,Female,2024-11-03
B01199,C001,18-21,Other,2024-10-29
B01200,C001,14-17,Male,2024-08-11
B01201,C003,14-17,Female,2024-04-25
B01202,C008,18-21,Male,2024-12-17
B01203,C002,14-17,Female,2025-01-20
B01204,C004,10-13,Male,2025-08-15
B01205,C002,10-13,Female,2025-04-22
B01206,C005,10-13,Male,2025-07-20
B01207,C009,18-21,Male,2026-04-08
B01208,C001,14-17,Male,2025-03-07
B01209,C005,18-21,Male,2024-06-26
B01210,C009,14-17,Female,2024-10-22
B01211,C001,10-13,Other,2026-02-05
B01212,C009,14-17,Female,2026-06-17
B01213,C008,18-21,Male,2025-08-03
B01214,C004,18-21,Male,2024-11-24
B01215,C010,22-25,Female,2025-02-23
B01216,C005,18-21,Female,2024-12-14
B01217,C005,14-17,Male,2025-10-14
B01218,C006,14-17,Female,2025-10-11
B01219,C007,22-25,Other,2024-11-08
B01220,C008,18-21,Female,2025-01-25
B01221,C008,10-13,Male,2025-01-31
B01222,C002,14-17,Male,2025-12-09
B01223,C009,18-21,Female,2026-04-18
B01224,C007,18-21,Female,2025-04-20
B01225,C004,10-13,Male,2026-03-17
B01226,C004,18-21,Male,2025-01-21
B01227,C008,22-25,Female,2025-03-30
B01228,C004,10-13,Male,2024-06-03
B01229,C006,22-25,Male,2026-06-23
B01230,C005,10-13,Female,2024-06-13
B01231,C003,10-13,Female,2025-12-26
B01232,C010,10-13,Female,2025-08-04
B01233,C002,10-13,Male,2025-05-17
B01234,C009,18-21,Female,2025-12-02
B01235,C010,10-13,Female,2026-04-27
B01236,C009,10-13,Male,2025-12-07
B01237,C001,10-13,Female,2025-04-07
B01238,C010,14-17,Male,2026-02-19
B01239,C003,10-13,Male,2024-09-07
B01240,C008,18-21,Male,2025-02-23
B01241,C006,10-13,Male,2025-11-03
B01242,C005,18-21,Male,2026-01-11
B01243,C005,18-21,Female,2026-05-13
B01244,C006,10-13,Male,2024-07-03
B01245,C007,22-25,Other,2026-06-22
B01246,C001,10-13,Female,2024-05-15
B01247,C009,10-13,Male,2025-10-27
B01248,C003,10-13,Male,2026-03-03
B01249,C004,14-17,Female,2024-04-02
B01250,C010,14-17,Female,2024-09-15
B01251,C001,18-21,Male,2024-05-24
B01252,C010,14-17,Male,2025-09-21
B01253,C003,18-21,Female,2024-06-25
B01254,C002,10-13,Male,2024-12-26
B01255,C002,18-21,Female,2025-06-19
B01256,C001,10-13,Female,2024-09-09
B01257,C008,10-13,Male,2026-01-15
B01258,C003,10-13,Male,2025-11-25
B01259,C003,10-13,Male,2026-06-18
B01260,C006,14-17,Female,2026-01-27
B01261,C008,18-21,Male,2025-12-28
B01262,C009,10-13,Male,2025-11-15
B01263,C009,18-21,Female,2026-04-13
B01264,C004,18-21,Male,2025-02-09
B01265,C005,22-25,Female,2025-09-01
B01266,C002,10-13,Female,2026-04-26
B01267,C009,14-17,Male,2024-05-06
B01268,C008,22-25,Female,2024-10-13
B01269,C003,18-21,Female,2024-04-15
B01270,C009,14-17,Male,2026-01-03
B01271,C003,10-13,Male,2025-02-22
B01272,C009,10-13,Male,2024-07-03
B01273,C002,14-17,Female,2025-11-25
B01274,C010,18-21,Male,2025-07-10
B01275,C009,10-13,Female,2025-10-18
B01276,C008,14-17,Female,2025-07-14
B01277,C009,14-17,Male,2026-01-25
B01278,C005,14-17,Female,2025-09-10
B01279,C002,18-21,Male,2026-04-01
B01280,C008,18-21,Female,2025-03-15
B01281,C006,14-17,Female,2026-02-14
B01282,C008,22-25,Male,2024-10-18
B01283,C005,10-13,Male,2024-05-25
B01284,C010,10-13,Female,2024-11-25
B01285,C002,10-13,Female,2025-07-10
B01286,C006,10-13,Female,2025-07-05
B01287,C005,10-13,Male,2024-06-18
B01288,C005,10-13,Male,2026-01-07
B01289,C001,18-21,Male,2025-01-17
B01290,C002,10-13,Female,2026-02-20
B01291,C008,18-21,Male,2025-07-26
B01292,C003,10-13,Male,2026-06-15
B01293,C010,22-25,Female,2026-01-27
B01294,C003,18-21,Female,2024-11-01
B01295,C008,10-13,Male,2025-12-22
B01296,C008,18-21,Male,2024-06-26
B01297,C002,14-17,Female,2024-06-06
B01298,C008,18-21,Male,2025-03-09
B01299,C001,14-17,Male,2026-01-30
B01300,C006,18-21,Male,2025-03-05
B01301,C008,18-21,Female,2025-08-13
B01302,C003,14-17,Female,2026-02-26
B01303,C008,10-13,Male,2024-11-19
B01304,C001,18-21,Male,2026-03-10
B01305,C009,14-17,Female,2024-10-28
B01306,C009,14-17,Other,2024-05-22
B01307,C005,10-13,Female,2026-01-13
B01308,C010,14-17,Other,2025-05-17
B01309,C004,22-25,Female,2026-01-27
B01310,C006,10-13,Female,2024-04-29
B01311,C007,14-17,Male,2026-04-23
B01312,C005,18-21,Male,2025-10-23
B01313,C010,18-21,Male,2024-09-17
B01314,C009,14-17,Female,2024-12-19
B01315,C003,14-17,Female,2024-05-12
B01316,C007,22-25,Female,2025-12-12
B01317,C010,18-21,Male,2025-05-01
B01318,C010,10-13,Male,2024-11-10
B01319,C005,10-13,Male,2025-07-26
B01320,C007,14-17,Male,2024-08-25
B01321,C002,10-13,Female,2024-10-07
B01322,C004,10-13,Female,2025-12-01
B01323,C002,22-25,Male,2026-03-01
B01324,C007,10-13,Male,2024-12-23
B01325,C002,18-21,Female,2025-11-15
B01326,C001,10-13,Male,2025-01-30
B01327,C009,18-21,Female,2025-07-22
B01328,C001,18-21,Male,2025-08-06
B01329,C008,10-13,Male,2024-06-07
B01330,C002,14-17,Male,2025-04-28
B01331,C008,10-13,Male,2024-08-13
B01332,C003,18-21,Female,2025-04-06
B01333,C006,22-25,Male,2026-03-02
B01334,C003,14-17,Male,2025-02-14
B01335,C007,14-17,Male,2025-04-21
B01336,C010,14-17,Male,2025-01-14
B01337,C009,18-21,Male,2024-10-26
B01338,C002,14-17,Female,2025-07-29
B01339,C005,10-13,Female,2025-08-29
B01340,C006,14-17,Female,2024-12-20
B01341,C004,10-13,Male,2024-06-27
B01342,C004,18-21,Male,2024-11-09
B01343,C004,10-13,Male,2025-01-22
B01344,C002,18-21,Male,2025-04-24
B01345,C004,10-13,Female,2026-06-22
B01346,C001,10-13,Female,2025-10-27
B01347,C006,18-21,Female,2024-10-04
B01348,C001,22-25,Male,2026-01-15
B01349,C010,18-21,Male,2024-06-18
B01350,C006,10-13,Female,2025-05-19
B01351,C001,10-13,Male,2024-06-08
B01352,C006,18-21,Female,2026-03-11
B01353,C010,14-17,Female,2025-01-22
B01354,C008,10-13,Female,2024-09-17
B01355,C002,18-21,Female,2024-09-09
B01356,C002,18-21,Male,2026-01-20
B01357,C004,22-25,Male,2025-11-10
B01358,C003,22-25,Male,2024-05-01
B01359,C004,18-21,Female,2025-10-10
B01360,C007,10-13,Male,2026-04-24
B01361,C001,10-13,Female,2026-02-22
B01362,C006,14-17,Female,2024-10-02
B01363,C003,14-17,Female,2025-08-29
B01364,C010,14-17,Male,2024-05-14
B01365,C007,14-17,Male,2025-08-19
B01366,C010,14-17,Female,2025-02-26
B01367,C002,14-17,Female,2025-05-19
B01368,C002,10-13,Female,2025-12-14
B01369,C004,10-13,Male,2024-07-16
B01370,C001,14-17,Female,2025-07-10
B01371,C003,18-21,Female,2026-01-25
B01372,C009,10-13,Male,2026-05-03
B01373,C007,14-17,Female,2026-01-22
B01374,C007,18-21,Female,2024-12-04
B01375,C004,14-17,Male,2024-07-11
B01376,C002,10-13,Male,2024-08-24
B01377,C004,14-17,Female,2025-12-15
B01378,C006,14-17,Male,2025-05-11
B01379,C003,22-25,Female,2026-05-17
B01380,C001,10-13,Female,2024-04-30
B01381,C008,18-21,Female,2026-02-02
B01382,C005,10-13,Female,2024-07-18
B01383,C005,14-17,Male,2024-11-29
B01384,C004,14-17,Male,2024-09-30
B01385,C006,14-17,Female,2025-07-24
B01386,C003,14-17,Male,2024-05-14
B01387,C009,10-13,Female,2026-02-11
B01388,C005,14-17,Female,2025-03-15
B01389,C003,18-21,Male,2025-06-01
B01390,C001,14-17,Male,2025-03-27
B01391,C010,22-25,Female,2026-04-29
B01392,C006,18-21,Female,2025-12-12
B01393,C002,14-17,Male,2026-06-09
B01394,C003,10-13,Female,2026-06-12
B01395,C001,14-17,Female,2025-12-02
B01396,C009,18-21,Other,2025-12-10
B01397,C008,10-13,Male,2024-05-06
B01398,C002,18-21,Male,2024-10-11
B01399,C008,10-13,Female,2024-09-09
B01400,C009,18-21,Female,2024-09-24
B01401,C001,10-13,Male,2025-03-23
B01402,C005,18-21,Female,2024-08-06
B01403,C008,14-17,Female,2025-08-01
B01404,C002,14-17,Male,2026-04-05
B01405,C004,10-13,Female,2025-03-13
B01406,C007,14-17,Female,2026-01-08
B01407,C003,22-25,Male,2025-06-26
B01408,C005,10-13,Male,2024-09-05
B01409,C008,10-13,Female,2026-02-22
B01410,C010,14-17,Male,2024-06-21
B01411,C003,14-17,Male,2024-05-29
B01412,C004,14-17,Female,2026-04-18
B01413,C009,18-21,Female,2025-02-06
B01414,C007,10-13,Female,2024-06-07
B01415,C001,22-25,Female,2025-12-13
B01416,C004,14-17,Male,2026-03-17
B01417,C004,10-13,Male,2026-06-09
B01418,C009,18-21,Male,2024-05-16
B01419,C006,18-21,Male,2025-09-08
B01420,C009,14-17,Female,2024-05-25
B01421,C006,18-21,Female,2025-10-02
B01422,C006,10-13,Female,2025-02-20
B01423,C005,14-17,Male,2024-04-30
B01424,C005,22-25,Male,2026-05-29
B01425,C002,10-13,Female,2025-12-21
B01426,C008,14-17,Male,2024-10-23
B01427,C008,18-21,Male,2025-08-08
B01428,C001,22-25,Female,2025-01-01
B01429,C008,14-17,Male,2025-09-18
B01430,C005,14-17,Male,2025-10-18
B01431,C002,14-17,Female,2025-12-19
B01432,C002,22-25,Male,2026-03-29
B01433,C006,18-21,Female,2025-01-09
B01434,C009,10-13,Male,2024-09-20
B01435,C001,14-17,Male,2024-09-02
B01436,C006,14-17,Male,2025-03-30
B01437,C009,18-21,Female,2024-07-17
B01438,C008,14-17,Female,2025-06-12
B01439,C006,18-21,Other,2026-05-05
B01440,C003,22-25,Female,2025-02-17
B01441,C008,10-13,Female,2024-10-10
B01442,C009,10-13,Male,2024-11-02
B01443,C001,14-17,Male,2024-10-02
B01444,C009,14-17,Male,2025-06-12
B01445,C006,10-13,Male,2024-12-27
B01446,C006,10-13,Male,2025-08-24
B01447,C004,18-21,Male,2026-06-21
B01448,C001,22-25,Male,2026-05-19
B01449,C010,14-17,Male,2026-03-25
B01450,C008,14-17,Male,2025-09-02
B01451,C002,10-13,Female,2025-04-10
B01452,C001,18-21,Female,2024-12-05
B01453,C002,18-21,Male,2026-02-01
B01454,C001,14-17,Male,2024-09-01
B01455,C001,10-13,Male,2026-05-06
B01456,C009,10-13,Female,2026-02-11
B01457,C001,10-13,Male,2024-09-25
B01458,C004,14-17,Female,2024-08-07
B01459,C010,18-21,Male,2025-01-26
B01460,C006,18-21,Male,2025-07-19
B01461,C007,14-17,Male,2025-08-01
B01462,C002,18-21,Male,2024-09-14
B01463,C006,22-25,Female,2025-07-18
B01464,C007,10-13,Female,2026-03-21
B01465,C010,14-17,Female,2025-03-14
B01466,C010,22-25,Female,2024-10-26
B01467,C002,14-17,Female,2025-12-05
B01468,C002,22-25,Female,2025-05-12
B01469,C010,22-25,Male,2024-06-04
B01470,C007,18-21,Male,2024-04-12
B01471,C001,18-21,Male,2024-12-11
B01472,C008,18-21,Female,2024-06-22
B01473,C003,18-21,Male,2025-12-12
B01474,C006,14-17,Female,2026-02-24
B01475,C009,10-13,Male,2026-02-13
B01476,C006,14-17,Female,2024-06-13
B01477,C009,18-21,Male,2026-05-03
B01478,C007,10-13,Male,2024-05-04
B01479,C009,10-13,Female,2026-03-23
B01480,C002,10-13,Male,2026-04-15
B01481,C008,18-21,Female,2025-07-08
B01482,C008,22-25,Male,2026-05-20
B01483,C002,22-25,Male,2026-05-19
B01484,C004,14-17,Female,2025-08-11
B01485,C007,18-21,Female,2025-05-06
B01486,C004,18-21,Male,2024-09-13
B01487,C004,14-17,Female,2025-02-04
B01488,C006,14-17,Female,2025-05-22
B01489,C010,10-13,Female,2024-09-20
B01490,C006,22-25,Male,2025-09-16
B01491,C010,14-17,Male,2026-01-11
B01492,C003,14-17,Female,2025-02-06
B01493,C009,18-21,Female,2026-02-02
B01494,C010,14-17,Female,2024-10-12
B01495,C002,10-13,Male,2026-01-25
B01496,C006,18-21,Male,2024-06-04
B01497,C007,10-13,Female,2024-07-22
B01498,C009,18-21,Male,2024-11-23
B01499,C003,14-17,Male,2024-11-26
B01500,C010,14-17,Male,2025-06-16
B01501,C003,18-21,Female,2026-04-13
B01502,C007,14-17,Male,2025-04-13
B01503,C004,14-17,Female,2024-10-07
B01504,C008,18-21,Female,2026-01-19
B01505,C007,18-21,Female,2025-12-25
B01506,C005,18-21,Male,2024-04-30
B01507,C007,18-21,Male,2026-04-19
B01508,C003,10-13,Female,2024-04-28
B01509,C002,14-17,Female,2024-08-26
B01510,C006,22-25,Female,2024-12-24
B01511,C002,14-17,Female,2024-09-27
B01512,C003,10-13,Female,2024-10-23
B01513,C006,14-17,Female,2025-08-02
B01514,C005,10-13,Male,2024-07-10
B01515,C008,10-13,Male,2024-11-12
B01516,C009,22-25,Female,2026-04-22
B01517,C003,14-17,Male,2025-03-22
B01518,C010,14-17,Female,2024-04-24
B01519,C003,22-25,Male,2026-02-27
B01520,C003,22-25,Female,2024-04-21
B01521,C006,14-17,Male,2026-01-06
B01522,C001,10-13,Male,2026-03-27
B01523,C007,18-21,Other,2024-11-14
B01524,C001,18-21,Male,2024-08-11
B01525,C005,18-21,Male,2024-12-31
B01526,C010,22-25,Male,2026-02-23
B01527,C008,18-21,Female,2025-05-13
B01528,C004,14-17,Female,2024-05-24
B01529,C005,18-21,Female,2024-05-31
B01530,C004,14-17,Male,2025-05-01
B01531,C004,18-21,Female,2025-06-23
B01532,C008,14-17,Male,2025-11-04
B01533,C002,10-13,Female,2025-03-08
B01534,C001,14-17,Female,2026-04-19
B01535,C003,14-17,Female,2026-04-23
B01536,C009,14-17,Female,2024-04-08
B01537,C004,14-17,Female,2025-12-04
B01538,C010,14-17,Female,2025-02-20
B01539,C005,18-21,Male,2025-10-21
B01540,C002,10-13,Female,2026-04-15
B01541,C004,18-21,Male,2024-05-31
B01542,C002,18-21,Male,2025-06-11
B01543,C002,18-21,Male,2026-04-04
B01544,C004,14-17,Male,2025-02-20
B01545,C006,22-25,Male,2025-06-15
B01546,C007,14-17,Female,2025-03-08
B01547,C010,10-13,Male,2024-05-20
B01548,C003,14-17,Male,2024-09-20
B01549,C003,10-13,Female,2024-08-22
B01550,C010,22-25,Male,2025-05-25
B01551,C006,10-13,Female,2024-07-25
B01552,C003,18-21,Female,2025-07-07
B01553,C002,18-21,Female,2024-08-04
B01554,C008,10-13,Female,2025-08-01
B01555,C005,18-21,Male,2025-03-12
B01556,C001,10-13,Male,2025-03-25
B01557,C003,14-17,Male,2025-07-17
B01558,C010,10-13,Female,2025-07-10
B01559,C008,22-25,Male,2024-06-24
B01560,C004,22-25,Male,2026-04-07
B01561,C007,10-13,Male,2025-06-10
B01562,C010,10-13,Female,2025-05-09
B01563,C002,18-21,Male,2026-04-23
B01564,C007,10-13,Other,2025-04-18
B01565,C005,22-25,Male,2025-01-27
B01566,C005,14-17,Male,2025-11-05
B01567,C006,14-17,Male,2025-08-28
B01568,C009,18-21,Female,2026-02-23
B01569,C006,14-17,Female,2024-07-04
B01570,C008,22-25,Male,2025-09-19
B01571,C007,22-25,Male,2024-06-21
B01572,C009,10-13,Female,2026-03-18
B01573,C004,10-13,Male,2024-06-08
B01574,C002,22-25,Male,2026-01-15
B01575,C007,22-25,Male,2025-09-15
B01576,C006,10-13,Male,2026-05-30
B01577,C001,18-21,Male,2024-09-21
B01578,C009,14-17,Male,2024-10-01
B01579,C009,10-13,Male,2025-08-04
B01580,C002,22-25,Female,2025-04-03
B01581,C003,10-13,Male,2024-12-10
B01582,C005,22-25,Female,2026-01-07
B01583,C005,10-13,Male,2024-05-18
B01584,C001,14-17,Female,2025-08-24
B01585,C008,10-13,Male,2025-03-07
B01586,C008,14-17,Female,2024-11-27
B01587,C004,18-21,Male,2024-04-30
B01588,C007,10-13,Female,2025-05-31
B01589,C010,14-17,Male,2025-05-11
B01590,C003,14-17,Male,2024-09-15
B01591,C006,10-13,Female,2025-04-10
B01592,C010,18-21,Female,2026-02-13
B01593,C010,14-17,Male,2025-07-16
B01594,C009,14-17,Female,2024-09-29
B01595,C001,14-17,Male,2025-02-03
B01596,C005,14-17,Male,2025-07-27
B01597,C004,10-13,Other,2025-10-22
B01598,C008,14-17,Male,2025-04-20
B01599,C001,14-17,Female,2024-09-27
B01600,C009,18-21,Male,2024-10-22
B01601,C006,18-21,Female,2025-05-10
B01602,C004,14-17,Female,2026-01-18
B01603,C009,10-13,Other,2024-09-02
B01604,C005,10-13,Female,2025-07-28
B01605,C005,10-13,Male,2024-10-17
B01606,C005,10-13,Female,2025-10-13
B01607,C001,14-17,Male,2025-06-02
B01608,C001,10-13,Female,2025-11-15
B01609,C008,10-13,Female,2024-05-31
B01610,C008,10-13,Female,2025-08-12
B01611,C006,10-13,Female,2025-08-27
B01612,C004,10-13,Male,2024-08-19
B01613,C002,10-13,Female,2024-05-31
B01614,C002,14-17,Male,2024-05-16
B01615,C009,14-17,Female,2026-02-08
B01616,C005,10-13,Male,2025-12-06
B01617,C004,14-17,Female,2025-12-08
B01618,C010,14-17,Male,2026-01-09
B01619,C001,10-13,Female,2026-05-08
B01620,C007,10-13,Male,2024-04-25
B01621,C003,14-17,Female,2026-05-16
B01622,C006,18-21,Male,2026-02-23
B01623,C005,10-13,Female,2025-01-07
B01624,C005,10-13,Male,2024-09-23
B01625,C005,22-25,Female,2025-01-06
B01626,C001,10-13,Male,2025-11-11
B01627,C001,10-13,Female,2025-10-03
B01628,C003,18-21,Male,2024-07-16
B01629,C010,18-21,Female,2024-04-16
B01630,C004,14-17,Male,2026-02-22
B01631,C005,14-17,Male,2025-03-28
B01632,C002,10-13,Female,2024-09-01
B01633,C008,10-13,Male,2025-04-24
B01634,C002,14-17,Male,2026-05-05
B01635,C009,10-13,Female,2025-05-23
B01636,C002,14-17,Other,2026-02-17
B01637,C009,22-25,Female,2025-01-12
B01638,C007,22-25,Male,2025-06-10
B01639,C008,10-13,Male,2025-02-17
B01640,C002,18-21,Female,2026-05-29
B01641,C007,14-17,Male,2026-01-23
B01642,C006,22-25,Female,2025-09-08
B01643,C004,10-13,Male,2024-12-28
B01644,C007,10-13,Other,2024-10-30
B01645,C004,10-13,Female,2025-11-21
B01646,C002,14-17,Female,2025-06-26
B01647,C010,14-17,Male,2024-08-30
B01648,C007,18-21,Female,2026-05-07
B01649,C008,18-21,Male,2026-06-27
B01650,C002,14-17,Female,2025-05-21
B01651,C005,14-17,Female,2024-05-28
B01652,C001,10-13,Male,2025-02-02
B01653,C007,22-25,Male,2025-02-05
B01654,C008,22-25,Female,2025-02-20
B01655,C006,22-25,Male,2025-05-27
B01656,C005,18-21,Female,2025-03-19
B01657,C006,10-13,Male,2025-04-20
B01658,C002,10-13,Male,2024-05-22
B01659,C001,14-17,Female,2024-05-05
B01660,C007,22-25,Female,2025-11-02
B01661,C007,10-13,Male,2024-12-02
B01662,C010,10-13,Female,2025-06-10
B01663,C010,18-21,Female,2025-10-26
B01664,C002,10-13,Female,2025-09-05
B01665,C002,14-17,Male,2024-08-19
B01666,C001,18-21,Male,2026-06-03
B01667,C010,10-13,Female,2024-07-05
B01668,C008,10-13,Female,2024-08-14
B01669,C008,18-21,Male,2025-02-26
B01670,C001,18-21,Female,2025-09-03
B01671,C008,22-25,Male,2026-01-24
B01672,C009,14-17,Male,2024-04-29
B01673,C004,10-13,Female,2025-06-28
B01674,C001,18-21,Female,2025-06-30
B01675,C001,14-17,Male,2024-09-08
B01676,C003,10-13,Female,2025-06-12
B01677,C005,18-21,Female,2026-01-16
B01678,C005,10-13,Female,2026-06-08
B01679,C009,10-13,Female,2025-03-13
B01680,C010,10-13,Male,2026-01-20
B01681,C002,14-17,Male,2024-12-03
B01682,C002,14-17,Male,2025-10-17
B01683,C006,14-17,Female,2025-06-26
B01684,C009,18-21,Female,2025-08-29
B01685,C001,22-25,Male,2024-06-14
B01686,C009,10-13,Male,2025-10-16
B01687,C009,10-13,Male,2025-10-11
B01688,C009,10-13,Male,2025-09-25
B01689,C005,10-13,Female,2025-03-14
B01690,C009,18-21,Female,2024-05-03
B01691,C004,18-21,Male,2026-06-27
B01692,C002,18-21,Female,2024-04-25
B01693,C006,10-13,Female,2024-08-25
B01694,C004,14-17,Female,2025-04-19
B01695,C006,14-17,Male,2024-11-16
B01696,C003,10-13,Male,2025-09-26
B01697,C006,14-17,Male,2024-09-08
B01698,C002,22-25,Female,2025-05-19
B01699,C002,14-17,Female,2025-09-08
B01700,C009,18-21,Female,2026-03-03
B01701,C007,14-17,Male,2024-07-06
B01702,C003,10-13,Male,2024-12-13
B01703,C001,14-17,Male,2025-12-02
B01704,C008,14-17,Female,2024-12-15
B01705,C006,10-13,Male,2024-08-17
B01706,C007,18-21,Male,2024-08-19
B01707,C009,18-21,Female,2026-03-02
B01708,C005,14-17,Female,2024-08-16
B01709,C001,14-17,Female,2025-12-04
B01710,C010,22-25,Male,2024-04-28
B01711,C007,18-21,Female,2025-04-25
B01712,C005,18-21,Male,2025-01-29
B01713,C003,10-13,Female,2024-10-25
B01714,C009,22-25,Male,2024-10-12
B01715,C001,10-13,Male,2025-12-04
B01716,C001,18-21,Female,2024-09-14
B01717,C001,10-13,Female,2024-05-17
B01718,C003,18-21,Female,2024-07-06
B01719,C006,10-13,Male,2024-12-22
B01720,C010,14-17,Male,2025-06-05
B01721,C003,14-17,Female,2025-03-04
B01722,C008,10-13,Female,2025-05-20
B01723,C010,18-21,Other,2025-02-04
B01724,C002,22-25,Female,2026-03-04
B01725,C009,22-25,Female,2025-11-25
B01726,C003,10-13,Female,2025-06-06
B01727,C005,18-21,Male,2026-06-07
B01728,C010,18-21,Male,2025-06-01
B01729,C008,14-17,Male,2025-09-23
B01730,C002,10-13,Male,2026-06-02
B01731,C006,18-21,Female,2026-02-08
B01732,C005,22-25,Female,2024-05-01
B01733,C010,18-21,Female,2026-03-25
B01734,C009,14-17,Male,2025-05-04
B01735,C005,14-17,Male,2025-04-24
B01736,C002,10-13,Male,2025-03-13
B01737,C005,18-21,Female,2024-12-14
B01738,C004,18-21,Male,2024-07-27
B01739,C007,10-13,Female,2024-11-25
B01740,C006,22-25,Male,2025-01-25
B01741,C002,10-13,Male,2025-10-16
B01742,C005,22-25,Female,2025-11-25
B01743,C007,14-17,Female,2025-03-18
B01744,C007,10-13,Male,2024-06-04
B01745,C005,14-17,Female,2024-04-17
B01746,C009,14-17,Other,2026-06-28
B01747,C004,10-13,Other,2025-09-12
B01748,C003,14-17,Female,2025-05-05
B01749,C004,14-17,Female,2025-09-02
B01750,C005,18-21,Male,2026-01-23
B01751,C006,10-13,Female,2025-11-19
B01752,C003,14-17,Male,2026-04-10
B01753,C002,10-13,Female,2024-08-11
B01754,C004,18-21,Male,2024-06-01
B01755,C005,10-13,Male,2024-08-29
B01756,C004,22-25,Female,2025-03-31
B01757,C003,18-21,Male,2024-09-26
B01758,C008,14-17,Male,2026-03-22
B01759,C010,14-17,Female,2024-10-13
B01760,C004,10-13,Female,2024-07-22
B01761,C002,14-17,Female,2024-12-05
B01762,C002,18-21,Male,2026-02-23
B01763,C001,22-25,Female,2025-09-09
B01764,C004,10-13,Male,2025-09-04
B01765,C010,14-17,Male,2026-03-09
B01766,C009,18-21,Female,2025-08-17
B01767,C007,14-17,Female,2024-09-05
B01768,C010,10-13,Female,2024-06-07
B01769,C007,10-13,Female,2025-02-26
B01770,C007,10-13,Male,2025-01-18
B01771,C008,18-21,Female,2024-09-28
B01772,C001,14-17,Male,2024-06-24
B01773,C010,14-17,Female,2024-07-23
B01774,C010,22-25,Female,2025-11-12
B01775,C008,18-21,Female,2026-02-14
B01776,C004,22-25,Female,2025-08-18
B01777,C004,14-17,Female,2025-03-22
B01778,C004,10-13,Female,2026-02-25
B01779,C006,22-25,Male,2024-06-15
B01780,C007,14-17,Male,2026-05-27
B01781,C006,10-13,Female,2025-02-19
B01782,C001,14-17,Female,2024-05-31
B01783,C008,10-13,Male,2026-03-16
B01784,C010,14-17,Male,2024-12-10
B01785,C007,18-21,Male,2025-01-20
B01786,C006,22-25,Female,2026-01-10
B01787,C006,22-25,Male,2026-06-11
B01788,C005,10-13,Male,2024-05-20
B01789,C006,14-17,Female,2026-01-20
B01790,C009,10-13,Female,2024-10-08
B01791,C010,18-21,Male,2025-03-13
B01792,C009,14-17,Male,2024-09-29
B01793,C010,18-21,Female,2025-11-23
B01794,C008,18-21,Male,2024-06-08
B01795,C010,14-17,Other,2025-12-28
B01796,C009,14-17,Female,2025-10-31
B01797,C010,22-25,Male,2025-07-25
B01798,C008,22-25,Female,2025-07-24
B01799,C008,14-17,Male,2025-09-20
B01800,C001,14-17,Male,2024-09-30
B01801,C010,22-25,Female,2024-11-16
B01802,C005,10-13,Female,2025-08-25
B01803,C004,14-17,Male,2024-07-11
B01804,C002,10-13,Male,2026-06-11
B01805,C008,14-17,Male,2024-08-20
B01806,C003,10-13,Male,2025-02-23
B01807,C004,14-17,Female,2024-06-19
B01808,C007,10-13,Male,2025-02-27
B01809,C010,14-17,Female,2024-10-29
B01810,C009,22-25,Male,2024-04-05
B01811,C002,18-21,Female,2024-11-27
B01812,C003,18-21,Female,2024-04-06
B01813,C004,18-21,Female,2025-08-28
B01814,C010,10-13,Male,2024-12-31
B01815,C001,10-13,Male,2025-05-03
B01816,C007,22-25,Male,2025-11-09
B01817,C002,14-17,Female,2025-03-25
B01818,C005,10-13,Female,2025-01-29
B01819,C001,18-21,Female,2024-04-14
B01820,C003,14-17,Female,2025-09-13
B01821,C002,10-13,Male,2026-05-27
B01822,C001,22-25,Female,2025-08-01
B01823,C007,18-21,Other,2025-02-16
B01824,C005,14-17,Male,2025-06-24
B01825,C001,22-25,Male,2026-01-03
B01826,C006,18-21,Female,2025-12-15
B01827,C005,18-21,Male,2026-01-10
B01828,C003,10-13,Male,2026-02-27
B01829,C007,10-13,Female,2026-04-13
B01830,C010,18-21,Female,2024-05-10
B01831,C009,22-25,Male,2024-08-04
B01832,C009,18-21,Male,2025-05-19
B01833,C009,10-13,Female,2025-01-05
B01834,C002,10-13,Female,2024-05-09
B01835,C003,18-21,Male,2025-01-10
B01836,C007,10-13,Female,2025-05-26
B01837,C005,14-17,Female,2025-09-30
B01838,C002,10-13,Female,2026-06-08
B01839,C003,10-13,Male,2024-07-06
B01840,C010,18-21,Male,2025-12-29
B01841,C006,18-21,Female,2025-03-05
B01842,C007,14-17,Male,2026-01-19
B01843,C009,10-13,Female,2025-11-26
B01844,C001,18-21,Male,2025-07-26
B01845,C007,10-13,Male,2026-04-16
B01846,C008,14-17,Male,2025-02-18
B01847,C003,22-25,Male,2025-07-13
B01848,C004,10-13,Female,2025-04-05
B01849,C010,22-25,Male,2026-03-29
B01850,C006,10-13,Female,2026-04-07
B01851,C010,14-17,Female,2024-11-01
B01852,C007,14-17,Male,2025-02-17
B01853,C004,22-25,Female,2026-03-11
B01854,C008,10-13,Male,2025-09-10
B01855,C005,14-17,Female,2025-04-27
B01856,C001,22-25,Female,2025-03-19
B01857,C004,14-17,Male,2026-03-16
B01858,C003,14-17,Male,2026-01-25
B01859,C009,10-13,Female,2025-08-03
B01860,C008,18-21,Female,2024-04-04
B01861,C001,10-13,Male,2025-02-08
B01862,C006,10-13,Female,2024-04-08
B01863,C009,14-17,Male,2024-11-23
B01864,C007,14-17,Female,2024-12-11
B01865,C004,22-25,Male,2026-06-24
B01866,C001,22-25,Female,2024-09-21
B01867,C002,18-21,Male,2024-07-20
B01868,C005,18-21,Female,2024-08-08
B01869,C005,18-21,Female,2024-04-27
B01870,C008,10-13,Female,2024-04-24
B01871,C006,18-21,Female,2025-07-11
B01872,C008,10-13,Female,2026-04-16
B01873,C002,14-17,Female,2025-10-13
B01874,C003,18-21,Female,2026-04-05
B01875,C006,14-17,Female,2025-09-17
B01876,C010,18-21,Female,2026-03-22
B01877,C003,10-13,Female,2025-03-17
B01878,C006,14-17,Male,2025-05-21
B01879,C006,10-13,Female,2025-08-05
B01880,C002,18-21,Male,2026-05-20
B01881,C007,18-21,Female,2025-02-19
B01882,C002,14-17,Female,2025-10-31
B01883,C006,10-13,Other,2025-11-26
B01884,C001,10-13,Male,2025-08-15
B01885,C003,10-13,Male,2025-10-16
B01886,C002,18-21,Female,2024-08-12
B01887,C007,22-25,Male,2026-05-01
B01888,C004,10-13,Male,2024-08-15
B01889,C008,18-21,Female,2025-10-14
B01890,C006,18-21,Female,2025-01-01
B01891,C010,14-17,Male,2026-02-07
B01892,C004,18-21,Female,2026-04-03
B01893,C005,18-21,Male,2025-02-01
B01894,C009,10-13,Female,2025-02-02
B01895,C007,14-17,Male,2024-04-07
B01896,C010,10-13,Female,2025-06-16
B01897,C009,22-25,Male,2024-12-16
B01898,C007,22-25,Female,2025-11-25
B01899,C001,18-21,Male,2024-09-03
B01900,C008,10-13,Female,2025-10-25
B01901,C004,14-17,Male,2026-01-18
B01902,C003,10-13,Male,2026-01-20
B01903,C007,10-13,Female,2025-11-12
B01904,C003,14-17,Female,2025-11-11
B01905,C008,22-25,Male,2025-08-27
B01906,C006,22-25,Male,2024-09-19
B01907,C005,18-21,Male,2024-08-24
B01908,C004,10-13,Male,2024-12-30
B01909,C008,10-13,Male,2024-05-31
B01910,C008,14-17,Male,2025-06-30
B01911,C001,18-21,Female,2024-11-18
B01912,C009,18-21,Female,2025-10-12
B01913,C005,14-17,Male,2024-07-11
B01914,C004,14-17,Female,2025-03-24
B01915,C006,10-13,Female,2024-05-07
B01916,C006,14-17,Male,2026-04-04
B01917,C002,14-17,Male,2025-10-10
B01918,C008,10-13,Female,2025-11-28
B01919,C007,14-17,Male,2025-08-23
B01920,C001,18-21,Male,2025-07-01
B01921,C005,14-17,Female,2025-07-07
B01922,C006,10-13,Female,2024-04-15
B01923,C004,10-13,Male,2026-01-03
B01924,C002,14-17,Female,2025-04-13
B01925,C004,14-17,Female,2025-02-01
B01926,C001,14-17,Female,2025-08-19
B01927,C007,14-17,Female,2025-01-16
B01928,C002,14-17,Male,2026-05-02
B01929,C002,18-21,Female,2024-06-01
B01930,C009,14-17,Male,2024-11-05
B01931,C005,18-21,Male,2024-04-17
B01932,C002,14-17,Male,2025-03-11
B01933,C009,10-13,Male,2024-09-22
B01934,C009,14-17,Male,2025-02-23
B01935,C001,14-17,Male,2025-01-13
B01936,C003,22-25,Male,2024-09-12
B01937,C004,18-21,Female,2025-04-02
B01938,C007,22-25,Male,2024-10-12
B01939,C010,22-25,Female,2026-03-12
B01940,C004,14-17,Male,2025-11-18
B01941,C002,14-17,Male,2024-12-03
B01942,C007,14-17,Male,2026-01-18
B01943,C006,22-25,Male,2026-01-27
B01944,C003,18-21,Female,2026-03-26
B01945,C006,10-13,Male,2026-06-27
B01946,C006,18-21,Female,2025-09-01
B01947,C005,10-13,Female,2025-01-27
B01948,C004,14-17,Male,2026-02-02
B01949,C010,10-13,Female,2025-09-18
B01950,C001,18-21,Male,2025-02-02
B01951,C010,22-25,Female,2025-04-04
B01952,C006,14-17,Female,2025-12-02
B01953,C002,10-13,Male,2025-06-16
B01954,C003,14-17,Male,2025-06-10
B01955,C008,18-21,Male,2024-09-29
B01956,C010,14-17,Male,2025-04-16
B01957,C006,10-13,Female,2024-12-22
B01958,C003,10-13,Male,2024-09-19
B01959,C007,14-17,Male,2026-04-26
B01960,C004,10-13,Male,2025-03-25
B01961,C009,18-21,Female,2024-09-20
B01962,C005,10-13,Male,2025-01-10
B01963,C003,18-21,Female,2024-05-05
B01964,C002,10-13,Female,2024-12-06
B01965,C002,14-17,Female,2025-10-28
B01966,C003,14-17,Female,2024-04-16
B01967,C002,18-21,Male,2025-08-08
B01968,C004,22-25,Male,2025-03-08
B01969,C002,22-25,Female,2024-09-24
B01970,C010,14-17,Female,2025-12-01
B01971,C009,14-17,Female,2026-05-14
B01972,C002,18-21,Male,2026-05-28
B01973,C009,18-21,Male,2024-10-27
B01974,C006,10-13,Other,2024-06-10
B01975,C001,18-21,Male,2026-06-15
B01976,C004,14-17,Male,2025-01-23
B01977,C001,10-13,Male,2026-03-14
B01978,C006,14-17,Female,2025-07-16
B01979,C004,10-13,Male,2026-06-02
B01980,C003,14-17,Male,2025-05-01
B01981,C003,10-13,Female,2024-12-30
B01982,C009,10-13,Male,2024-11-08
B01983,C006,10-13,Female,2025-08-11
B01984,C009,14-17,Female,2026-03-19
B01985,C005,18-21,Male,2025-04-12
B01986,C002,14-17,Female,2026-05-28
B01987,C008,10-13,Female,2025-04-10
B01988,C005,10-13,Male,2025-02-06
B01989,C002,22-25,Male,2025-11-09
B01990,C004,14-17,Female,2025-08-23
B01991,C009,14-17,Male,2025-05-03
B01992,C004,10-13,Female,2024-05-25
B01993,C004,18-21,Female,2024-08-17
B01994,C002,14-17,Male,2024-04-15
B01995,C006,10-13,Female,2024-05-21
B01996,C002,10-13,Male,2024-09-28
B01997,C007,14-17,Female,2025-10-24
B01998,C003,18-21,Male,2026-05-25
B01999,C003,18-21,Female,2025-03-02
B02000,C005,14-17,Female,2024-05-04
B02001,C003,18-21,Female,2025-11-29
B02002,C002,10-13,Female,2025-07-12
B02003,C010,14-17,Female,2024-04-28
B02004,C009,18-21,Male,2025-03-19
B02005,C002,10-13,Female,2024-05-17
B02006,C002,22-25,Female,2025-04-15
B02007,C008,10-13,Female,2026-04-12
B02008,C009,14-17,Female,2026-02-20
B02009,C007,18-21,Male,2025-05-23
B02010,C003,18-21,Male,2025-03-30
B02011,C009,18-21,Male,2024-04-01
B02012,C003,10-13,Female,2026-05-29
B02013,C005,18-21,Male,2025-03-04
B02014,C009,14-17,Female,2025-04-18
B02015,C003,14-17,Male,2025-07-16
B02016,C007,22-25,Male,2026-01-30
B02017,C001,18-21,Male,2025-06-06
B02018,C004,10-13,Male,2026-02-06
B02019,C004,18-21,Female,2024-04-05
B02020,C007,10-13,Male,2024-12-19
B02021,C008,10-13,Male,2024-06-18
B02022,C001,14-17,Male,2024-08-09
B02023,C005,22-25,Female,2025-08-31
B02024,C007,10-13,Female,2026-04-05
B02025,C004,18-21,Male,2024-11-21
B02026,C004,10-13,Female,2026-03-09
B02027,C004,18-21,Male,2025-10-02
B02028,C006,14-17,Male,2024-06-17
B02029,C007,18-21,Female,2025-02-18
B02030,C002,10-13,Male,2026-05-18
B02031,C005,18-21,Female,2024-09-06
B02032,C004,22-25,Male,2025-06-21
B02033,C003,18-21,Female,2024-04-26
B02034,C007,14-17,Male,2025-02-07
B02035,C006,22-25,Female,2026-02-02
B02036,C007,10-13,Female,2025-09-25
B02037,C005,18-21,Male,2025-04-08
B02038,C006,22-25,Female,2025-11-26
B02039,C005,10-13,Male,2025-04-07
B02040,C007,14-17,Female,2026-05-27
B02041,C002,10-13,Male,2024-09-09
B02042,C005,14-17,Male,2024-12-07
B02043,C006,18-21,Female,2026-04-26
B02044,C006,14-17,Male,2025-01-05
B02045,C005,14-17,Female,2024-07-23
B02046,C010,10-13,Male,2026-01-19
B02047,C007,14-17,Male,2025-10-08
B02048,C010,10-13,Female,2026-01-02
B02049,C008,22-25,Female,2024-05-11
B02050,C007,10-13,Male,2025-06-17
B02051,C005,22-25,Male,2024-10-17
B02052,C001,14-17,Male,2026-05-27
B02053,C005,14-17,Male,2024-10-21
B02054,C010,18-21,Male,2026-05-02
B02055,C002,14-17,Male,2026-03-02
B02056,C005,14-17,Female,2024-07-09
B02057,C005,10-13,Female,2025-04-28
B02058,C002,14-17,Male,2025-02-28
B02059,C005,10-13,Male,2026-02-12
B02060,C004,10-13,Male,2025-01-02
B02061,C001,14-17,Female,2025-01-02
B02062,C003,10-13,Female,2024-07-23
B02063,C001,10-13,Female,2024-10-10
B02064,C005,10-13,Female,2024-08-16
B02065,C004,10-13,Female,2025-07-08
B02066,C007,10-13,Male,2024-06-05
B02067,C005,22-25,Male,2024-12-15
B02068,C010,10-13,Female,2026-02-26
B02069,C004,18-21,Male,2025-05-11
B02070,C002,10-13,Female,2026-05-30
B02071,C004,22-25,Female,2025-03-25
B02072,C002,10-13,Female,2026-03-15
B02073,C008,22-25,Male,2024-12-14
B02074,C003,14-17,Female,2024-12-01
B02075,C009,10-13,Female,2024-09-26
B02076,C004,22-25,Female,2025-03-15
B02077,C006,14-17,Female,2025-11-24
B02078,C010,10-13,Other,2025-08-08
B02079,C005,18-21,Male,2025-05-08
B02080,C010,22-25,Male,2025-08-24
B02081,C001,14-17,Male,2025-01-20
B02082,C009,14-17,Male,2024-10-19
B02083,C001,18-21,Female,2025-07-06
B02084,C008,18-21,Other,2025-07-24
B02085,C009,22-25,Male,2024-06-24
B02086,C009,18-21,Male,2025-09-25
B02087,C001,10-13,Male,2024-10-30
B02088,C002,22-25,Female,2025-12-08
B02089,C001,10-13,Male,2025-03-19
B02090,C010,10-13,Male,2024-04-17
B02091,C002,14-17,Male,2024-09-08
B02092,C010,14-17,Male,2026-06-18
B02093,C008,10-13,Female,2024-07-16
B02094,C005,18-21,Male,2024-11-19
B02095,C007,14-17,Male,2024-08-13
B02096,C002,14-17,Male,2025-08-28
B02097,C008,18-21,Female,2025-09-19
B02098,C006,14-17,Female,2025-04-29
B02099,C008,10-13,Male,2026-03-13
B02100,C001,10-13,Male,2026-04-07
B02101,C001,22-25,Female,2024-12-12
B02102,C007,10-13,Male,2026-01-16
B02103,C008,14-17,Female,2026-01-13
B02104,C003,14-17,Male,2026-04-15
B02105,C005,14-17,Male,2025-06-13
B02106,C001,10-13,Female,2025-11-01
B02107,C007,14-17,Female,2025-04-07
B02108,C005,14-17,Female,2025-09-08
B02109,C008,22-25,Male,2025-11-27
B02110,C008,10-13,Male,2024-07-15
B02111,C009,14-17,Male,2025-04-06
B02112,C007,14-17,Female,2025-04-17
B02113,C001,14-17,Female,2024-12-03
B02114,C003,18-21,Male,2025-10-11
B02115,C008,10-13,Female,2024-05-17
B02116,C003,10-13,Female,2025-12-31
B02117,C008,18-21,Male,2026-06-23
B02118,C001,14-17,Female,2026-01-18
B02119,C005,14-17,Male,2024-06-05
B02120,C004,10-13,Male,2024-05-30
B02121,C005,10-13,Female,2025-12-08
B02122,C008,10-13,Male,2024-09-12
B02123,C010,10-13,Male,2024-10-07
B02124,C004,14-17,Female,2025-11-26
B02125,C004,22-25,Other,2025-09-03
B02126,C003,14-17,Other,2025-06-10
B02127,C007,14-17,Female,2026-05-28
B02128,C003,10-13,Male,2024-09-11
B02129,C003,14-17,Female,2025-03-22
B02130,C010,10-13,Female,2026-04-04
B02131,C005,22-25,Male,2024-10-20
B02132,C005,18-21,Female,2024-08-28
B02133,C006,22-25,Male,2026-03-24
B02134,C008,22-25,Male,2024-08-25
B02135,C010,14-17,Female,2025-01-29
B02136,C006,14-17,Female,2025-05-26
B02137,C001,10-13,Male,2025-03-01
B02138,C008,14-17,Male,2024-11-30
B02139,C008,22-25,Female,2026-03-30
B02140,C009,10-13,Male,2025-04-10
B02141,C009,18-21,Male,2025-02-25
B02142,C002,14-17,Female,2026-01-11
B02143,C002,22-25,Female,2026-02-02
B02144,C003,22-25,Female,2025-05-13
B02145,C001,18-21,Female,2025-11-29
B02146,C004,18-21,Female,2024-06-28
B02147,C004,14-17,Female,2026-03-01
B02148,C009,18-21,Male,2025-04-21
B02149,C009,22-25,Female,2026-06-11
B02150,C009,18-21,Male,2026-06-11
B02151,C010,18-21,Male,2026-02-02
B02152,C007,14-17,Male,2025-05-14
B02153,C002,18-21,Female,2025-06-20
B02154,C010,14-17,Male,2025-01-27
B02155,C005,18-21,Male,2024-11-30
B02156,C004,14-17,Female,2025-11-10
B02157,C008,10-13,Female,2026-03-11
B02158,C002,14-17,Female,2025-10-03
B02159,C006,14-17,Male,2026-06-18
B02160,C005,10-13,Male,2026-05-30
B02161,C002,10-13,Female,2025-12-03
B02162,C010,14-17,Male,2025-12-07
B02163,C001,10-13,Female,2026-03-21
B02164,C008,14-17,Male,2025-04-26
B02165,C002,18-21,Female,2026-05-15
B02166,C007,22-25,Male,2024-08-16
B02167,C009,18-21,Male,2024-04-29
B02168,C009,22-25,Female,2025-08-17
B02169,C008,18-21,Male,2025-04-30
B02170,C010,14-17,Male,2025-03-09
B02171,C009,18-21,Female,2026-03-26
B02172,C002,18-21,Male,2024-05-07
B02173,C006,14-17,Male,2026-03-05
B02174,C004,10-13,Male,2025-08-21
B02175,C004,18-21,Male,2025-05-29
B02176,C005,10-13,Male,2026-04-19
B02177,C003,18-21,Female,2026-02-23
B02178,C001,10-13,Female,2026-04-07
B02179,C008,14-17,Male,2024-10-14
B02180,C005,14-17,Male,2026-05-21
B02181,C003,10-13,Female,2024-05-21
B02182,C010,14-17,Other,2026-01-29
B02183,C007,14-17,Male,2025-09-10
B02184,C007,18-21,Female,2025-05-16
B02185,C001,22-25,Female,2025-12-31
B02186,C009,14-17,Male,2024-09-21
B02187,C002,18-21,Male,2025-10-15
B02188,C005,14-17,Male,2026-01-16
B02189,C005,14-17,Female,2024-08-14
B02190,C008,10-13,Female,2026-04-22
B02191,C008,14-17,Female,2026-02-07
B02192,C007,14-17,Male,2026-06-21
B02193,C007,10-13,Female,2025-07-01
B02194,C006,18-21,Female,2024-08-28
B02195,C006,18-21,Female,2024-12-03
B02196,C009,14-17,Male,2026-03-31
B02197,C006,10-13,Female,2024-11-08
B02198,C002,14-17,Male,2026-04-11
B02199,C002,14-17,Female,2024-12-31
B02200,C005,18-21,Female,2024-09-04
B02201,C004,14-17,Male,2026-02-11
B02202,C002,18-21,Female,2025-01-03
B02203,C003,22-25,Male,2026-03-14
B02204,C007,10-13,Female,2025-11-25
B02205,C008,22-25,Male,2025-02-20
B02206,C006,14-17,Female,2024-04-27
B02207,C005,10-13,Female,2024-07-12
B02208,C001,14-17,Male,2024-06-24
B02209,C008,10-13,Female,2025-05-19
B02210,C003,10-13,Male,2025-01-01
B02211,C006,14-17,Male,2024-05-21
B02212,C003,18-21,Female,2024-07-18
B02213,C007,22-25,Female,2025-01-01
B02214,C007,18-21,Female,2025-07-19
B02215,C009,10-13,Female,2025-04-02
B02216,C005,18-21,Female,2024-05-17
B02217,C008,18-21,Female,2024-07-13
B02218,C010,18-21,Female,2024-05-30
B02219,C010,18-21,Female,2024-05-11
B02220,C008,18-21,Male,2025-12-29
B02221,C001,14-17,Male,2025-02-19
B02222,C005,18-21,Female,2024-08-09
B02223,C003,10-13,Female,2026-05-31
B02224,C001,22-25,Female,2024-11-01
B02225,C004,10-13,Male,2024-10-16
B02226,C008,10-13,Female,2025-06-02
B02227,C003,10-13,Male,2026-05-05
B02228,C010,18-21,Female,2024-05-10
B02229,C002,14-17,Male,2025-06-20
B02230,C009,14-17,Male,2025-08-10
B02231,C010,22-25,Female,2025-08-31
B02232,C005,22-25,Female,2024-06-09
B02233,C007,14-17,Male,2025-08-25
B02234,C002,10-13,Male,2025-05-22
B02235,C009,18-21,Male,2025-05-03
B02236,C009,22-25,Male,2025-09-04
B02237,C004,14-17,Male,2026-03-01
B02238,C004,18-21,Female,2024-11-11
B02239,C006,10-13,Female,2025-09-07
B02240,C010,18-21,Male,2025-04-26
B02241,C010,18-21,Female,2024-11-14
B02242,C010,14-17,Male,2025-05-17
B02243,C006,10-13,Male,2024-04-28
B02244,C001,22-25,Male,2024-05-23
B02245,C009,14-17,Female,2025-12-05
B02246,C002,10-13,Male,2025-06-03
B02247,C005,14-17,Male,2026-01-14
B02248,C009,18-21,Male,2024-09-23
B02249,C004,14-17,Male,2024-09-27
B02250,C003,18-21,Male,2024-07-16
B02251,C007,14-17,Female,2025-03-03
B02252,C006,22-25,Female,2024-08-10
B02253,C008,10-13,Female,2024-05-11
B02254,C003,10-13,Male,2025-07-03
B02255,C005,10-13,Male,2026-02-26
B02256,C010,18-21,Male,2025-01-24
B02257,C004,18-21,Male,2026-01-03
B02258,C004,22-25,Female,2025-09-22
B02259,C004,18-21,Male,2024-04-09
B02260,C010,14-17,Male,2025-02-10
B02261,C008,22-25,Female,2025-07-16
B02262,C006,10-13,Male,2025-04-14
B02263,C003,18-21,Other,2024-10-14
B02264,C010,14-17,Male,2025-12-02
B02265,C005,18-21,Female,2024-09-07
B02266,C006,18-21,Male,2025-06-19
B02267,C005,18-21,Other,2026-05-03
B02268,C006,10-13,Male,2024-10-01
B02269,C008,14-17,Female,2025-05-17
B02270,C007,14-17,Male,2024-07-21
B02271,C005,18-21,Female,2024-12-02
B02272,C010,14-17,Male,2024-04-26
B02273,C006,22-25,Male,2025-01-01
B02274,C004,14-17,Female,2025-02-03
B02275,C009,14-17,Other,2024-07-24
B02276,C004,18-21,Male,2025-07-16
B02277,C001,14-17,Female,2025-08-03
B02278,C007,22-25,Male,2025-08-25
B02279,C007,18-21,Female,2025-12-29
B02280,C004,14-17,Female,2024-05-08
B02281,C003,10-13,Female,2026-01-14
B02282,C008,14-17,Female,2025-06-15
B02283,C005,14-17,Female,2026-05-08
B02284,C010,18-21,Male,2024-11-07
B02285,C007,10-13,Female,2024-11-11
B02286,C004,10-13,Male,2025-02-09
B02287,C004,10-13,Female,2026-03-02
B02288,C008,10-13,Female,2026-05-25
B02289,C008,14-17,Male,2024-08-01
B02290,C002,22-25,Female,2025-08-15
B02291,C002,18-21,Female,2025-07-08
B02292,C003,18-21,Female,2025-02-17
B02293,C003,18-21,Male,2026-06-17
B02294,C001,10-13,Male,2026-01-14
B02295,C003,22-25,Female,2025-11-15
B02296,C006,10-13,Male,2025-05-17
B02297,C008,14-17,Male,2025-04-04
B02298,C010,14-17,Female,2024-06-16
B02299,C006,10-13,Male,2024-05-16
B02300,C005,18-21,Female,2026-03-14
B02301,C004,14-17,Female,2025-02-02
B02302,C003,18-21,Female,2026-04-25
B02303,C004,14-17,Male,2025-11-06
B02304,C007,10-13,Male,2025-05-28
B02305,C001,18-21,Male,2025-09-22
B02306,C007,10-13,Female,2024-06-10
B02307,C001,14-17,Male,2025-10-24
B02308,C002,10-13,Female,2026-01-08
B02309,C004,14-17,Female,2024-06-25
B02310,C001,18-21,Female,2024-07-22
B02311,C009,14-17,Male,2024-06-03
B02312,C006,22-25,Male,2026-06-16
B02313,C001,22-25,Female,2026-06-07
B02314,C001,18-21,Male,2026-01-29
B02315,C006,18-21,Male,2025-10-15
B02316,C004,10-13,Male,2025-07-13
B02317,C004,18-21,Female,2024-12-30
B02318,C006,10-13,Female,2025-02-23
B02319,C007,10-13,Female,2025-07-17
B02320,C009,22-25,Female,2026-05-09
B02321,C010,18-21,Male,2026-04-29
B02322,C005,14-17,Female,2026-03-11
B02323,C009,14-17,Male,2025-08-01
B02324,C004,14-17,Female,2024-04-28
B02325,C010,10-13,Male,2025-01-03
B02326,C002,10-13,Male,2024-10-12
B02327,C003,10-13,Female,2025-11-21
B02328,C001,14-17,Male,2025-12-17
B02329,C006,14-17,Female,2025-09-04
B02330,C006,10-13,Male,2024-07-11
B02331,C001,18-21,Male,2026-02-16
B02332,C003,10-13,Male,2026-04-11
B02333,C005,18-21,Female,2025-06-16
B02334,C003,22-25,Male,2026-05-01
B02335,C010,18-21,Female,2024-08-19
B02336,C003,22-25,Male,2024-11-03
B02337,C010,22-25,Male,2024-09-19
B02338,C003,14-17,Male,2025-02-07
B02339,C005,18-21,Female,2024-09-20
B02340,C005,18-21,Female,2025-03-18
B02341,C004,14-17,Male,2025-04-14
B02342,C001,10-13,Female,2026-02-25
B02343,C005,22-25,Female,2025-03-26
B02344,C010,18-21,Male,2026-03-19
B02345,C005,10-13,Female,2026-02-03
B02346,C004,14-17,Male,2026-01-04
B02347,C006,18-21,Female,2025-06-16
B02348,C010,14-17,Female,2025-10-21
B02349,C004,18-21,Male,2025-09-16
B02350,C007,18-21,Male,2025-01-30
B02351,C007,18-21,Other,2025-05-20
B02352,C002,14-17,Female,2026-06-16
B02353,C003,18-21,Female,2026-05-30
B02354,C001,18-21,Male,2025-07-18
B02355,C008,18-21,Male,2026-06-06
B02356,C009,14-17,Male,2025-08-13
B02357,C004,14-17,Male,2024-06-09
B02358,C006,22-25,Female,2026-02-04
B02359,C009,10-13,Female,2024-06-08
B02360,C006,10-13,Female,2025-11-07
B02361,C009,14-17,Male,2024-05-30
B02362,C004,18-21,Female,2025-02-15
B02363,C008,10-13,Female,2026-06-22
B02364,C009,10-13,Female,2025-01-30
B02365,C004,10-13,Female,2025-03-05
B02366,C005,18-21,Female,2026-02-12
B02367,C008,10-13,Female,2024-04-15
B02368,C010,14-17,Male,2024-12-15
B02369,C006,14-17,Male,2024-07-26
B02370,C007,22-25,Female,2026-03-10
B02371,C003,14-17,Female,2024-11-02
B02372,C007,10-13,Male,2026-01-30
B02373,C008,14-17,Male,2025-09-25
B02374,C010,22-25,Female,2026-01-28
B02375,C006,14-17,Other,2026-03-21
B02376,C010,22-25,Male,2025-08-05
B02377,C009,18-21,Female,2026-06-22
B02378,C006,10-13,Female,2024-11-02
B02379,C009,18-21,Male,2025-11-05
B02380,C004,14-17,Male,2026-06-09
B02381,C008,14-17,Female,2025-08-03
B02382,C004,10-13,Female,2025-12-06
B02383,C002,14-17,Female,2026-03-05
B02384,C010,22-25,Female,2024-06-10
B02385,C009,10-13,Male,2025-01-13
B02386,C005,22-25,Female,2026-04-08
B02387,C004,10-13,Male,2025-08-01
B02388,C002,10-13,Male,2024-06-01
B02389,C001,18-21,Male,2026-02-10
B02390,C007,18-21,Male,2025-11-28
B02391,C006,18-21,Female,2025-04-23
B02392,C002,10-13,Female,2024-10-29
B02393,C008,14-17,Female,2026-05-12
B02394,C004,18-21,Male,2024-06-12
B02395,C008,18-21,Female,2024-12-04
B02396,C007,14-17,Female,2025-01-21
B02397,C005,22-25,Female,2025-02-14
B02398,C010,18-21,Female,2024-07-16
B02399,C010,22-25,Male,2024-09-07
B02400,C008,18-21,Male,2024-04-20
B02401,C009,18-21,Male,2025-07-23
B02402,C005,10-13,Female,2024-06-30
B02403,C010,14-17,Female,2025-08-06
B02404,C005,18-21,Male,2024-08-11
B02405,C002,10-13,Male,2024-11-30
B02406,C005,10-13,Male,2024-06-24
B02407,C003,14-17,Female,2025-05-07
B02408,C007,10-13,Male,2025-03-02
B02409,C010,22-25,Male,2024-06-02
B02410,C005,18-21,Male,2025-05-24
B02411,C008,14-17,Female,2024-11-26
B02412,C001,10-13,Female,2024-04-30
B02413,C003,18-21,Female,2024-12-09
B02414,C003,18-21,Male,2026-03-15
B02415,C009,22-25,Male,2024-09-11
B02416,C005,14-17,Male,2024-04-15
B02417,C009,14-17,Male,2025-01-21
B02418,C009,14-17,Male,2026-03-07
B02419,C001,22-25,Male,2025-08-11
B02420,C002,18-21,Female,2026-02-13
B02421,C005,18-21,Male,2025-04-22
B02422,C004,10-13,Male,2024-04-21
B02423,C010,18-21,Female,2024-07-27
B02424,C009,18-21,Female,2024-07-27
B02425,C007,14-17,Female,2025-04-07
B02426,C006,14-17,Female,2024-08-25
B02427,C007,14-17,Male,2025-06-24
B02428,C001,10-13,Female,2024-06-30
B02429,C001,10-13,Female,2026-06-11
B02430,C008,14-17,Male,2024-07-17
B02431,C002,14-17,Male,2024-09-29
B02432,C010,10-13,Female,2025-12-03
B02433,C009,14-17,Male,2026-03-07
B02434,C007,22-25,Male,2024-09-19
B02435,C006,14-17,Male,2025-11-17
B02436,C001,14-17,Male,2024-06-10
B02437,C001,14-17,Male,2026-01-25
B02438,C002,18-21,Male,2025-01-12
B02439,C006,10-13,Male,2025-08-04
B02440,C006,18-21,Male,2025-01-10
B02441,C002,10-13,Female,2025-11-18
B02442,C001,18-21,Male,2025-01-21
B02443,C010,14-17,Female,2025-12-25
B02444,C005,18-21,Female,2026-01-09
B02445,C005,14-17,Female,2025-09-14
B02446,C002,14-17,Female,2024-10-14
B02447,C006,10-13,Male,2024-12-02
B02448,C009,18-21,Male,2024-10-02
B02449,C002,22-25,Female,2024-08-27
B02450,C010,18-21,Male,2025-12-10
B02451,C002,10-13,Female,2024-09-03
B02452,C003,14-17,Female,2026-06-24
B02453,C007,22-25,Male,2026-05-24
B02454,C006,14-17,Female,2026-05-29
B02455,C008,18-21,Female,2026-05-28
B02456,C008,22-25,Male,2025-10-20
B02457,C006,22-25,Male,2025-08-22
B02458,C010,14-17,Female,2025-06-05
B02459,C003,14-17,Female,2025-01-12
B02460,C003,14-17,Male,2025-05-07
B02461,C001,18-21,Male,2024-05-28
B02462,C007,14-17,Female,2025-03-27
B02463,C005,10-13,Female,2024-11-22
B02464,C004,14-17,Female,2025-08-29
B02465,C010,10-13,Female,2024-11-25
B02466,C004,18-21,Male,2025-11-24
B02467,C004,14-17,Male,2025-07-12
B02468,C006,14-17,Female,2026-03-21
B02469,C008,14-17,Female,2024-10-08
B02470,C008,22-25,Male,2024-09-12
B02471,C005,10-13,Male,2026-06-10
B02472,C006,18-21,Female,2026-04-10
B02473,C004,22-25,Male,2025-10-21
B02474,C009,14-17,Female,2024-07-19
B02475,C008,14-17,Male,2024-04-18
B02476,C010,22-25,Male,2026-02-04
B02477,C010,10-13,Male,2025-03-15
B02478,C001,14-17,Female,2025-08-03
B02479,C002,14-17,Female,2025-03-21
B02480,C009,10-13,Female,2024-11-23
B02481,C008,18-21,Female,2026-01-19
B02482,C003,22-25,Male,2024-08-18
B02483,C008,18-21,Male,2024-04-11
B02484,C001,10-13,Female,2024-07-23
B02485,C010,10-13,Female,2026-05-20
B02486,C004,14-17,Female,2025-07-22
B02487,C003,10-13,Female,2025-11-20
B02488,C006,18-21,Male,2024-05-17
B02489,C007,14-17,Male,2025-06-19
B02490,C004,18-21,Female,2025-01-26
B02491,C007,14-17,Male,2025-01-17
B02492,C009,14-17,Male,2025-05-08
B02493,C002,10-13,Female,2026-02-23
B02494,C003,14-17,Male,2024-05-05
B02495,C005,14-17,Female,2025-03-11
B02496,C003,18-21,Male,2024-06-20
B02497,C008,18-21,Female,2024-10-21
B02498,C010,18-21,Female,2026-04-03
B02499,C008,22-25,Female,2026-04-11
B02500,C008,14-17,Male,2025-06-27
B02501,C009,10-13,Male,2024-04-08
B02502,C004,14-17,Male,2024-10-29
B02503,C005,18-21,Male,2025-02-01
B02504,C005,14-17,Female,2025-07-07
B02505,C008,18-21,Male,2024-10-07
B02506,C007,14-17,Male,2024-11-20
B02507,C009,22-25,Male,2024-09-01
B02508,C008,22-25,Female,2026-05-06
B02509,C002,10-13,Male,2024-12-21
B02510,C010,14-17,Female,2025-06-07
B02511,C004,14-17,Female,2024-12-03
B02512,C006,10-13,Female,2025-04-15
B02513,C002,14-17,Female,2024-09-19
B02514,C007,18-21,Male,2024-06-02
B02515,C003,10-13,Female,2026-01-13
B02516,C003,14-17,Female,2025-05-31
B02517,C002,18-21,Female,2026-04-08
B02518,C008,10-13,Female,2026-04-11
B02519,C006,14-17,Male,2024-11-12
B02520,C001,10-13,Male,2025-11-16
B02521,C001,18-21,Female,2024-09-23
B02522,C007,10-13,Female,2025-05-05
B02523,C008,22-25,Male,2024-12-05
B02524,C005,14-17,Male,2025-02-23
B02525,C005,10-13,Male,2025-10-10
B02526,C004,14-17,Female,2025-07-06
B02527,C006,14-17,Female,2025-03-11
B02528,C006,14-17,Female,2025-11-24
B02529,C003,14-17,Male,2026-04-04
B02530,C009,14-17,Male,2024-08-03
B02531,C007,10-13,Male,2024-08-05
B02532,C001,10-13,Male,2024-09-01
B02533,C007,18-21,Female,2025-10-10
B02534,C005,14-17,Male,2024-07-31
B02535,C005,14-17,Female,2025-01-09
B02536,C002,18-21,Female,2024-04-13
B02537,C004,14-17,Female,2026-01-15
B02538,C006,18-21,Male,2025-09-09
B02539,C010,14-17,Male,2024-06-11
B02540,C007,10-13,Male,2025-07-28
B02541,C005,22-25,Female,2026-02-08
B02542,C009,14-17,Female,2024-07-19
B02543,C003,18-21,Male,2026-02-10
B02544,C001,10-13,Male,2026-03-09
B02545,C004,18-21,Female,2025-09-14
B02546,C009,22-25,Female,2025-11-24
B02547,C004,10-13,Other,2026-02-22
B02548,C002,18-21,Male,2026-05-20
B02549,C010,14-17,Male,2025-04-25
B02550,C005,14-17,Male,2024-08-09
B02551,C003,14-17,Male,2025-11-13
B02552,C009,22-25,Female,2026-01-08
B02553,C004,10-13,Male,2025-11-29
B02554,C006,10-13,Male,2025-01-06
B02555,C002,22-25,Female,2025-03-03
B02556,C006,18-21,Male,2025-06-07
B02557,C003,10-13,Female,2024-12-03
B02558,C009,14-17,Male,2025-10-04
B02559,C002,14-17,Female,2025-11-03
B02560,C009,14-17,Male,2025-02-22
B02561,C005,14-17,Female,2025-08-30
B02562,C008,18-21,Male,2024-11-03
B02563,C002,10-13,Male,2024-12-24
B02564,C006,18-21,Female,2025-10-24
B02565,C003,18-21,Male,2024-08-26
B02566,C010,14-17,Male,2024-12-01
B02567,C005,14-17,Female,2025-02-26
B02568,C008,14-17,Female,2025-06-11
B02569,C010,14-17,Male,2025-11-23
B02570,C001,18-21,Male,2024-04-20
B02571,C005,14-17,Male,2026-04-01
B02572,C003,14-17,Male,2024-12-01
B02573,C004,14-17,Other,2026-03-13
B02574,C002,14-17,Female,2026-02-06
B02575,C009,10-13,Male,2026-03-06
B02576,C003,10-13,Other,2025-04-06
B02577,C002,10-13,Female,2024-07-06
B02578,C010,14-17,Female,2026-06-23
B02579,C009,18-21,Male,2025-07-30
B02580,C007,18-21,Male,2026-01-30
B02581,C006,10-13,Female,2024-10-07
B02582,C001,10-13,Male,2026-03-06
B02583,C005,10-13,Male,2025-06-12
B02584,C003,14-17,Male,2025-01-19
B02585,C001,14-17,Male,2025-05-04
B02586,C004,14-17,Female,2024-04-19
B02587,C002,10-13,Female,2026-02-10
B02588,C002,10-13,Male,2024-08-02
B02589,C003,10-13,Male,2026-02-09
B02590,C008,10-13,Female,2024-07-31
B02591,C008,18-21,Male,2025-04-13
B02592,C007,10-13,Female,2026-01-26
B02593,C006,14-17,Female,2026-05-16
B02594,C009,14-17,Male,2026-06-23
B02595,C004,22-25,Female,2025-03-25
B02596,C001,22-25,Female,2025-08-14
B02597,C008,18-21,Male,2025-07-26
B02598,C007,10-13,Male,2025-07-07
B02599,C007,14-17,Other,2025-10-21
B02600,C003,18-21,Male,2025-08-05
B02601,C004,10-13,Female,2026-01-04
B02602,C010,14-17,Female,2024-11-26
B02603,C009,18-21,Male,2024-07-22
B02604,C006,14-17,Male,2025-01-21
B02605,C005,10-13,Female,2025-01-27
B02606,C003,10-13,Male,2026-03-26
B02607,C009,14-17,Female,2024-10-16
B02608,C005,10-13,Female,2025-10-21
B02609,C005,18-21,Female,2026-03-24
B02610,C004,18-21,Male,2024-10-24
B02611,C004,10-13,Female,2025-11-13
B02612,C001,22-25,Female,2025-12-23
B02613,C007,14-17,Female,2025-07-20
B02614,C009,10-13,Male,2025-12-07
B02615,C003,18-21,Female,2024-07-20
B02616,C002,18-21,Female,2026-06-18
B02617,C003,18-21,Male,2025-07-24
B02618,C001,18-21,Other,2026-04-05
B02619,C006,18-21,Male,2025-04-14
B02620,C007,22-25,Male,2026-03-17
B02621,C002,14-17,Female,2026-02-06
B02622,C008,18-21,Male,2024-11-22
B02623,C006,22-25,Female,2026-06-25
B02624,C004,18-21,Female,2025-08-18
B02625,C005,10-13,Male,2025-06-07
B02626,C008,14-17,Male,2025-09-27
B02627,C003,14-17,Female,2024-06-18
B02628,C003,10-13,Female,2025-04-20
B02629,C004,22-25,Female,2024-07-31
B02630,C001,10-13,Female,2025-04-25
B02631,C009,10-13,Male,2025-07-23
B02632,C008,22-25,Male,2026-04-05
B02633,C008,14-17,Female,2026-05-15
B02634,C010,10-13,Female,2024-09-15
B02635,C006,14-17,Male,2026-01-15
B02636,C007,14-17,Female,2024-09-23
B02637,C006,10-13,Female,2025-03-21
B02638,C009,22-25,Female,2024-06-08
B02639,C003,14-17,Male,2024-09-22
B02640,C003,14-17,Female,2025-10-31
B02641,C003,14-17,Female,2025-10-21
B02642,C010,14-17,Female,2026-02-28
B02643,C003,10-13,Female,2024-08-14
B02644,C009,14-17,Female,2025-01-20
B02645,C004,14-17,Female,2026-04-09
B02646,C007,18-21,Female,2024-11-12
B02647,C009,10-13,Male,2026-03-25
B02648,C007,14-17,Male,2025-09-13
B02649,C009,18-21,Female,2024-06-13
B02650,C003,10-13,Male,2024-08-09
B02651,C004,10-13,Male,2025-09-11
B02652,C008,14-17,Male,2024-11-25
B02653,C006,14-17,Male,2026-04-07
B02654,C005,10-13,Male,2024-10-15
B02655,C004,14-17,Male,2025-12-23
B02656,C008,14-17,Other,2024-04-29
B02657,C001,14-17,Female,2024-08-11
B02658,C009,10-13,Female,2026-04-11
B02659,C001,14-17,Male,2024-06-04
B02660,C008,18-21,Female,2026-05-21
B02661,C004,22-25,Female,2024-04-04
B02662,C009,18-21,Female,2025-08-10
B02663,C005,14-17,Male,2026-05-28
B02664,C003,14-17,Male,2026-04-01
B02665,C009,14-17,Female,2025-09-09
B02666,C009,10-13,Female,2026-01-29
B02667,C004,10-13,Female,2026-03-18
B02668,C004,18-21,Female,2024-10-18
B02669,C008,10-13,Male,2024-05-23
B02670,C002,10-13,Female,2024-05-11
B02671,C009,22-25,Male,2026-06-10
B02672,C006,10-13,Female,2024-06-08
B02673,C009,10-13,Other,2025-05-02
B02674,C008,10-13,Female,2025-04-11
B02675,C007,14-17,Male,2025-12-28
B02676,C001,18-21,Male,2025-09-17
B02677,C003,14-17,Female,2025-04-18
B02678,C002,14-17,Female,2025-06-25
B02679,C005,18-21,Female,2025-04-23
B02680,C005,18-21,Female,2025-02-25
B02681,C005,22-25,Male,2026-03-09
B02682,C004,18-21,Female,2026-03-12
B02683,C005,14-17,Female,2026-04-07
B02684,C003,10-13,Female,2026-02-13
B02685,C001,10-13,Male,2024-10-29
B02686,C005,10-13,Female,2026-03-23
B02687,C009,18-21,Male,2024-11-28
B02688,C009,18-21,Female,2025-11-28
B02689,C004,14-17,Female,2024-07-24
B02690,C003,10-13,Male,2025-12-13
B02691,C001,14-17,Male,2025-05-06
B02692,C002,22-25,Female,2025-10-12
B02693,C008,14-17,Female,2026-05-29
B02694,C001,18-21,Male,2025-08-06
B02695,C008,18-21,Male,2025-10-19
B02696,C007,22-25,Female,2025-12-10
B02697,C008,18-21,Female,2026-05-30
B02698,C006,18-21,Male,2026-02-11
B02699,C009,10-13,Female,2024-07-08
B02700,C003,10-13,Male,2026-06-25
B02701,C010,14-17,Male,2024-11-14
B02702,C004,10-13,Male,2024-10-07
B02703,C006,22-25,Female,2024-07-18
B02704,C008,14-17,Male,2024-06-22
B02705,C005,18-21,Female,2025-12-29
B02706,C003,14-17,Male,2026-02-19
B02707,C006,14-17,Other,2024-06-14
B02708,C004,22-25,Female,2025-12-14
B02709,C009,14-17,Female,2026-04-14
B02710,C003,14-17,Female,2024-07-05
B02711,C004,10-13,Female,2024-05-17
B02712,C007,18-21,Female,2025-04-26
B02713,C007,14-17,Male,2026-06-29
B02714,C004,14-17,Male,2025-05-10
B02715,C006,14-17,Female,2025-01-01
B02716,C003,18-21,Male,2024-06-30
B02717,C006,18-21,Male,2024-07-25
B02718,C002,14-17,Female,2026-05-18
B02719,C008,14-17,Male,2025-07-04
B02720,C002,18-21,Female,2024-12-21
B02721,C007,14-17,Male,2025-04-21
B02722,C009,14-17,Female,2026-01-24
B02723,C001,14-17,Female,2026-05-08
B02724,C008,18-21,Female,2025-09-12
B02725,C007,14-17,Male,2025-09-16
B02726,C006,14-17,Female,2024-04-21
B02727,C006,18-21,Female,2026-03-09
B02728,C006,14-17,Female,2026-01-15
B02729,C009,10-13,Female,2025-11-21
B02730,C002,14-17,Male,2025-02-11
B02731,C001,18-21,Female,2025-08-03
B02732,C006,22-25,Female,2025-06-06
B02733,C010,18-21,Male,2024-08-19
B02734,C008,14-17,Female,2026-01-03
B02735,C003,10-13,Female,2024-04-14
B02736,C010,22-25,Female,2024-09-03
B02737,C001,18-21,Male,2026-01-27
B02738,C009,10-13,Female,2024-07-05
B02739,C001,10-13,Other,2025-01-11
B02740,C003,18-21,Female,2024-11-15
B02741,C008,14-17,Female,2025-06-15
B02742,C003,14-17,Female,2024-10-08
B02743,C004,10-13,Female,2025-03-31
B02744,C008,10-13,Female,2025-01-17
B02745,C001,14-17,Male,2025-07-05
B02746,C006,18-21,Male,2026-05-29
B02747,C001,14-17,Male,2024-11-28
B02748,C001,14-17,Male,2024-06-22
B02749,C008,14-17,Male,2025-08-19
B02750,C004,14-17,Male,2024-11-03
B02751,C001,10-13,Female,2025-09-11
B02752,C010,14-17,Male,2025-02-19
B02753,C007,18-21,Male,2025-07-26
B02754,C005,10-13,Male,2026-04-25
B02755,C005,10-13,Female,2024-07-01
B02756,C001,10-13,Male,2025-11-29
B02757,C010,14-17,Male,2025-02-25
B02758,C006,18-21,Male,2024-06-29
B02759,C009,10-13,Female,2025-08-10
B02760,C009,22-25,Female,2025-07-13
B02761,C008,10-13,Female,2024-12-16
B02762,C005,18-21,Male,2025-08-20
B02763,C001,14-17,Female,2024-07-11
B02764,C009,18-21,Female,2025-02-16
B02765,C001,14-17,Male,2025-09-01
B02766,C008,14-17,Male,2024-07-04
B02767,C005,18-21,Male,2026-01-28
B02768,C003,18-21,Female,2026-06-09
B02769,C007,14-17,Male,2025-10-02
B02770,C007,10-13,Male,2025-08-13
B02771,C009,10-13,Female,2025-04-22
B02772,C007,18-21,Female,2025-02-18
B02773,C003,14-17,Female,2024-09-07
B02774,C001,14-17,Female,2026-02-15
B02775,C008,18-21,Female,2026-03-06
B02776,C003,18-21,Female,2025-10-16
B02777,C008,18-21,Male,2025-12-25
B02778,C008,18-21,Male,2024-04-25
B02779,C005,18-21,Female,2025-10-24
B02780,C001,14-17,Other,2024-05-27
B02781,C010,10-13,Female,2025-01-09
B02782,C007,18-21,Male,2025-01-25
B02783,C010,14-17,Male,2025-10-24
B02784,C005,22-25,Male,2026-03-11
B02785,C008,10-13,Female,2026-03-13
B02786,C009,10-13,Female,2025-02-26
B02787,C007,22-25,Female,2025-07-18
B02788,C007,18-21,Female,2025-12-11
B02789,C001,14-17,Male,2024-10-25
B02790,C004,18-21,Male,2026-05-16
B02791,C002,18-21,Male,2025-08-25
B02792,C002,14-17,Female,2025-04-14
B02793,C002,10-13,Male,2025-01-07
B02794,C004,18-21,Female,2024-06-18
B02795,C001,18-21,Female,2025-12-30
B02796,C004,10-13,Male,2024-11-12
B02797,C002,18-21,Male,2025-05-12
B02798,C005,22-25,Male,2025-04-09
B02799,C003,14-17,Female,2025-03-16
B02800,C008,18-21,Male,2025-11-27
B02801,C004,14-17,Male,2024-04-22
B02802,C001,14-17,Female,2025-03-29
B02803,C001,18-21,Female,2024-12-02
B02804,C010,18-21,Female,2024-10-03
B02805,C003,18-21,Female,2025-01-25
B02806,C009,14-17,Female,2025-04-06
B02807,C007,10-13,Female,2025-12-19
B02808,C002,10-13,Male,2025-09-29
B02809,C009,14-17,Male,2026-05-21
B02810,C010,10-13,Female,2024-04-05
B02811,C002,14-17,Female,2026-01-05
B02812,C003,14-17,Female,2024-12-18
B02813,C010,18-21,Female,2024-06-18
B02814,C002,14-17,Female,2024-04-20
B02815,C003,14-17,Male,2025-09-23
B02816,C006,14-17,Male,2024-09-25
B02817,C009,10-13,Male,2025-02-02
B02818,C009,10-13,Female,2024-07-06
B02819,C007,14-17,Male,2026-06-05
B02820,C003,22-25,Male,2026-04-05
B02821,C004,10-13,Male,2025-01-23
B02822,C006,18-21,Male,2025-10-29
B02823,C005,22-25,Male,2024-04-01
B02824,C002,18-21,Male,2025-02-28
B02825,C006,10-13,Female,2025-11-25
B02826,C003,22-25,Male,2025-05-18
B02827,C008,10-13,Male,2024-06-14
B02828,C002,14-17,Female,2025-05-25
B02829,C001,22-25,Female,2026-06-21
B02830,C009,18-21,Male,2025-02-05
B02831,C003,14-17,Male,2025-07-30
B02832,C001,14-17,Female,2026-04-27
B02833,C007,14-17,Male,2024-05-18
B02834,C010,14-17,Male,2025-09-28
B02835,C005,14-17,Male,2025-06-27
B02836,C005,22-25,Male,2025-10-15
B02837,C001,22-25,Female,2025-03-02
B02838,C009,22-25,Female,2026-04-21
B02839,C007,14-17,Female,2024-04-03
B02840,C008,18-21,Female,2024-09-02
B02841,C009,22-25,Male,2026-03-23
B02842,C006,18-21,Female,2024-11-08
B02843,C005,14-17,Male,2024-09-16
B02844,C006,10-13,Male,2025-04-13
B02845,C002,10-13,Female,2025-05-31
B02846,C004,14-17,Female,2025-11-01
B02847,C003,18-21,Male,2024-12-16
B02848,C007,18-21,Female,2025-11-07
B02849,C009,14-17,Male,2024-10-04
B02850,C005,10-13,Male,2025-10-20
B02851,C006,14-17,Male,2025-05-20
B02852,C010,14-17,Female,2025-07-24
B02853,C002,10-13,Female,2024-05-03
B02854,C003,18-21,Female,2026-05-28
B02855,C003,14-17,Male,2026-03-03
B02856,C009,18-21,Male,2025-09-12
B02857,C007,14-17,Female,2025-04-16
B02858,C008,14-17,Male,2026-03-01
B02859,C010,14-17,Male,2024-11-01
B02860,C009,22-25,Female,2026-06-02
B02861,C006,10-13,Female,2025-07-06
B02862,C004,18-21,Male,2026-02-23
B02863,C001,14-17,Male,2025-05-31
B02864,C008,18-21,Male,2025-11-30
B02865,C007,18-21,Female,2024-10-28
B02866,C002,14-17,Female,2024-05-16
B02867,C008,18-21,Female,2024-10-21
B02868,C005,10-13,Male,2026-01-16
B02869,C007,22-25,Male,2025-10-13
B02870,C004,14-17,Female,2025-02-23
B02871,C005,14-17,Other,2025-05-12
B02872,C008,18-21,Female,2024-07-26
B02873,C001,18-21,Male,2024-10-14
B02874,C001,10-13,Female,2024-10-15
B02875,C004,18-21,Female,2024-05-23
B02876,C003,14-17,Female,2025-10-16
B02877,C010,14-17,Female,2026-05-01
B02878,C002,18-21,Male,2025-04-22
B02879,C003,14-17,Male,2025-04-18
B02880,C001,14-17,Male,2024-10-08
B02881,C001,18-21,Female,2025-01-03
B02882,C006,10-13,Female,2025-02-07
B02883,C005,18-21,Female,2025-12-27
B02884,C008,10-13,Male,2024-09-12
B02885,C002,10-13,Female,2026-02-17
B02886,C004,10-13,Female,2024-10-31
B02887,C008,14-17,Male,2024-05-11
B02888,C006,18-21,Female,2025-10-29
B02889,C001,10-13,Male,2024-07-13
B02890,C004,10-13,Male,2025-11-22
B02891,C001,22-25,Male,2025-07-12
B02892,C002,10-13,Female,2026-01-14
B02893,C005,22-25,Female,2024-05-14
B02894,C008,10-13,Male,2024-07-27
B02895,C008,18-21,Female,2025-05-13
B02896,C003,14-17,Female,2025-02-28
B02897,C004,18-21,Female,2025-05-28
B02898,C010,18-21,Male,2026-04-29
B02899,C006,14-17,Female,2024-04-28
B02900,C010,10-13,Female,2025-05-20
B02901,C003,18-21,Male,2024-10-26
B02902,C002,14-17,Male,2025-05-01
B02903,C006,10-13,Female,2025-11-26
B02904,C005,10-13,Male,2026-04-27
B02905,C010,18-21,Female,2025-07-14
B02906,C005,10-13,Male,2025-06-07
B02907,C010,18-21,Female,2026-01-13
B02908,C005,14-17,Male,2025-11-28
B02909,C010,18-21,Male,2026-05-27
B02910,C005,22-25,Male,2025-07-14
B02911,C003,22-25,Female,2025-08-15
B02912,C007,10-13,Female,2024-12-22
B02913,C006,18-21,Male,2026-01-28
B02914,C004,10-13,Male,2025-02-23
B02915,C002,14-17,Female,2026-03-27
B02916,C009,14-17,Male,2026-05-15
B02917,C001,10-13,Female,2025-05-16
B02918,C004,22-25,Male,2025-04-26
B02919,C001,10-13,Female,2024-05-07
B02920,C006,18-21,Female,2025-09-16
B02921,C004,18-21,Other,2025-08-24
B02922,C005,18-21,Female,2024-05-07
B02923,C005,10-13,Male,2025-12-02
B02924,C009,14-17,Male,2026-03-07
B02925,C001,18-21,Female,2025-05-11
B02926,C002,14-17,Female,2024-07-31
B02927,C006,14-17,Female,2024-08-23
B02928,C005,10-13,Female,2025-04-11
B02929,C007,14-17,Female,2025-06-17
B02930,C003,22-25,Male,2025-06-11
B02931,C003,14-17,Male,2025-09-04
B02932,C010,14-17,Male,2024-04-03
B02933,C002,14-17,Male,2026-05-25
B02934,C003,14-17,Female,2025-03-16
B02935,C010,10-13,Male,2025-06-21
B02936,C001,14-17,Male,2025-08-06
B02937,C005,14-17,Male,2024-04-29
B02938,C005,18-21,Male,2026-04-23
B02939,C007,14-17,Male,2026-03-05
B02940,C004,14-17,Female,2025-09-05
B02941,C003,14-17,Male,2024-10-19
B02942,C001,10-13,Female,2024-11-08
B02943,C008,22-25,Female,2025-01-13
B02944,C003,14-17,Other,2025-09-03
B02945,C002,10-13,Male,2025-08-31
B02946,C004,10-13,Male,2025-07-25
B02947,C003,22-25,Male,2025-04-12
B02948,C001,10-13,Male,2024-07-06
B02949,C003,18-21,Female,2025-03-11
B02950,C002,10-13,Female,2026-06-20
B02951,C008,22-25,Female,2024-12-18
B02952,C006,22-25,Male,2024-07-06
B02953,C009,14-17,Female,2024-09-14
B02954,C008,10-13,Male,2024-08-07
B02955,C010,10-13,Female,2024-09-20
B02956,C003,14-17,Female,2025-07-15
B02957,C005,14-17,Male,2024-08-01
B02958,C007,14-17,Male,2025-09-17
B02959,C005,10-13,Female,2025-02-18
B02960,C008,14-17,Male,2025-11-09
B02961,C005,14-17,Male,2026-03-26
B02962,C001,14-17,Male,2026-03-27
B02963,C005,10-13,Male,2024-12-27
B02964,C004,22-25,Female,2026-03-04
B02965,C006,14-17,Female,2025-09-12
B02966,C003,18-21,Female,2026-06-14
B02967,C005,14-17,Male,2025-10-02
B02968,C002,10-13,Female,2025-01-02
B02969,C006,14-17,Female,2024-11-19
B02970,C006,14-17,Male,2026-04-05
B02971,C005,18-21,Male,2026-01-13
B02972,C006,18-21,Female,2024-08-15
B02973,C007,10-13,Male,2024-12-27
B02974,C005,22-25,Male,2024-11-20
B02975,C001,14-17,Male,2024-06-22
B02976,C008,22-25,Male,2026-02-03
B02977,C004,22-25,Male,2026-03-16
B02978,C009,10-13,Male,2025-07-03
B02979,C010,14-17,Female,2025-01-28
B02980,C006,14-17,Male,2025-07-01
B02981,C001,18-21,Female,2025-06-06
B02982,C003,14-17,Male,2026-01-24
B02983,C003,22-25,Female,2024-08-22
B02984,C010,18-21,Female,2025-01-11
B02985,C004,10-13,Female,2025-02-10
B02986,C006,10-13,Female,2025-08-02
B02987,C007,18-21,Female,2025-07-03
B02988,C010,10-13,Female,2025-10-08
B02989,C004,18-21,Male,2024-10-25
B02990,C006,14-17,Male,2025-03-14
B02991,C001,14-17,Female,2024-04-02
B02992,C008,10-13,Male,2026-01-25
B02993,C007,18-21,Female,2025-04-10
B02994,C009,10-13,Female,2026-05-06
B02995,C003,18-21,Male,2024-04-04
B02996,C002,14-17,Female,2026-04-14
B02997,C001,18-21,Male,2025-04-30
B02998,C003,14-17,Male,2024-07-23
B02999,C005,10-13,Female,2024-08-05
B03000,C002,18-21,Male,2025-08-18
B03001,C003,10-13,Female,2024-05-26
B03002,C004,14-17,Female,2024-08-03
B03003,C007,10-13,Male,2024-07-04
B03004,C003,18-21,Female,2024-11-14
B03005,C009,22-25,Female,2024-11-25
B03006,C008,14-17,Male,2024-12-02
B03007,C004,14-17,Male,2026-06-04
B03008,C001,18-21,Female,2025-11-06
B03009,C001,10-13,Female,2024-04-23
B03010,C001,22-25,Male,2025-02-22
B03011,C001,10-13,Male,2026-03-01
B03012,C008,22-25,Female,2024-10-06
B03013,C003,18-21,Female,2025-11-10
B03014,C006,18-21,Male,2025-01-19
B03015,C003,18-21,Female,2024-10-05
B03016,C005,14-17,Male,2025-04-12
B03017,C007,14-17,Female,2024-05-16
B03018,C002,10-13,Male,2025-01-31
B03019,C006,18-21,Male,2025-05-29
B03020,C006,18-21,Male,2024-08-26
B03021,C003,22-25,Female,2026-05-22
B03022,C006,14-17,Female,2024-08-25
B03023,C010,10-13,Female,2026-05-13
B03024,C010,14-17,Female,2025-06-30
B03025,C005,18-21,Male,2025-11-15
B03026,C002,10-13,Female,2025-08-22
B03027,C009,14-17,Male,2024-11-09
B03028,C008,18-21,Female,2024-04-05
B03029,C003,14-17,Male,2026-03-25
B03030,C008,14-17,Male,2025-03-11
B03031,C009,14-17,Female,2026-04-29
B03032,C003,18-21,Female,2025-11-27
B03033,C003,14-17,Female,2024-10-27
B03034,C002,18-21,Female,2024-05-08
B03035,C008,10-13,Male,2026-06-26
B03036,C010,18-21,Female,2025-03-21
B03037,C001,14-17,Male,2024-04-08
B03038,C008,14-17,Female,2024-08-09
B03039,C007,14-17,Female,2025-05-07
B03040,C007,18-21,Male,2026-04-18
B03041,C003,10-13,Male,2024-11-15
B03042,C001,18-21,Male,2025-05-26
B03043,C004,10-13,Male,2025-08-11
B03044,C009,22-25,Male,2024-12-13
B03045,C005,18-21,Male,2025-12-07
B03046,C001,14-17,Male,2026-04-22
B03047,C005,18-21,Female,2026-06-21
B03048,C008,14-17,Female,2025-03-31
B03049,C008,10-13,Male,2024-11-05
B03050,C005,22-25,Male,2024-09-15
B03051,C009,18-21,Male,2026-04-04
B03052,C001,14-17,Female,2025-10-23
B03053,C004,14-17,Female,2025-11-03
B03054,C003,14-17,Female,2026-06-06
B03055,C002,22-25,Female,2025-06-01
B03056,C008,10-13,Female,2024-12-31
B03057,C007,14-17,Female,2026-06-07
B03058,C009,14-17,Male,2025-07-30
B03059,C002,14-17,Female,2024-12-22
B03060,C004,14-17,Female,2025-08-12
B03061,C006,10-13,Female,2025-04-30
B03062,C003,10-13,Female,2025-09-21
B03063,C008,10-13,Male,2025-05-17
B03064,C003,22-25,Female,2025-04-30
B03065,C002,10-13,Male,2024-05-25
B03066,C003,18-21,Male,2024-09-30
B03067,C006,18-21,Male,2025-11-21
B03068,C002,18-21,Female,2025-08-23
B03069,C008,22-25,Female,2024-11-17
B03070,C001,10-13,Female,2026-06-19
B03071,C007,10-13,Female,2026-01-21
B03072,C002,14-17,Male,2024-10-21
B03073,C010,10-13,Female,2024-05-03
B03074,C006,18-21,Female,2024-05-21
B03075,C002,18-21,Female,2026-04-12
B03076,C002,22-25,Male,2024-10-14
B03077,C010,10-13,Female,2024-12-28
B03078,C008,22-25,Other,2024-06-22
B03079,C002,14-17,Female,2025-09-08
B03080,C007,14-17,Female,2026-05-05
B03081,C003,14-17,Female,2026-04-08
B03082,C008,18-21,Female,2024-10-25
B03083,C007,14-17,Female,2025-02-11
B03084,C008,22-25,Female,2024-04-22
B03085,C007,22-25,Male,2025-08-23
B03086,C006,22-25,Female,2024-10-09
B03087,C007,10-13,Female,2026-02-07
B03088,C005,18-21,Female,2025-08-18
B03089,C007,18-21,Female,2025-06-26
B03090,C001,10-13,Male,2025-04-21
B03091,C001,10-13,Male,2025-05-01
B03092,C009,10-13,Female,2025-06-22
B03093,C005,10-13,Female,2025-06-10
B03094,C005,14-17,Male,2025-05-29
B03095,C003,22-25,Male,2025-08-07
B03096,C005,14-17,Male,2024-09-10
B03097,C003,14-17,Male,2025-04-04
B03098,C009,22-25,Male,2025-07-06
B03099,C009,10-13,Male,2025-12-12
B03100,C006,18-21,Male,2025-01-29
B03101,C001,14-17,Male,2025-10-24
B03102,C007,14-17,Male,2026-01-16
B03103,C007,14-17,Female,2025-02-17
B03104,C010,14-17,Male,2025-07-02
B03105,C010,10-13,Male,2026-01-20
B03106,C004,18-21,Male,2025-06-04
B03107,C008,14-17,Male,2024-04-29
B03108,C006,22-25,Male,2025-01-24
B03109,C004,14-17,Male,2025-12-17
B03110,C004,10-13,Female,2025-02-06
B03111,C002,18-21,Female,2024-11-13
B03112,C002,10-13,Female,2026-01-08
B03113,C004,18-21,Female,2025-04-04
B03114,C005,22-25,Male,2025-01-17
B03115,C008,18-21,Female,2025-11-13
B03116,C006,10-13,Male,2025-04-19
B03117,C004,14-17,Female,2024-11-15
B03118,C007,18-21,Male,2025-06-11
B03119,C008,18-21,Female,2024-09-14
B03120,C002,10-13,Female,2026-03-13
B03121,C007,14-17,Male,2024-08-30
B03122,C002,14-17,Female,2025-04-22
B03123,C002,10-13,Male,2025-04-11
B03124,C008,14-17,Female,2025-02-10
B03125,C002,14-17,Female,2024-09-27
B03126,C009,18-21,Male,2025-11-07
B03127,C001,22-25,Male,2026-06-15
B03128,C009,18-21,Male,2025-07-08
B03129,C001,14-17,Female,2025-02-02
B03130,C010,10-13,Male,2025-01-08
B03131,C010,22-25,Female,2024-07-13
B03132,C002,22-25,Female,2024-05-19
B03133,C006,22-25,Male,2024-05-12
B03134,C006,18-21,Other,2025-07-15
B03135,C001,14-17,Female,2025-12-12
B03136,C007,18-21,Male,2024-06-27
B03137,C008,14-17,Male,2024-08-02
B03138,C002,14-17,Female,2024-05-12
B03139,C008,18-21,Male,2024-10-19
B03140,C009,10-13,Male,2026-02-04
B03141,C006,10-13,Male,2025-10-28
B03142,C005,14-17,Female,2026-05-17
B03143,C009,14-17,Female,2025-04-09
B03144,C009,22-25,Female,2025-10-17
B03145,C001,10-13,Male,2025-07-23
B03146,C003,10-13,Female,2025-11-22
B03147,C009,10-13,Female,2024-10-08
B03148,C002,10-13,Male,2024-05-23
B03149,C004,10-13,Male,2025-06-03
B03150,C004,18-21,Female,2025-10-09
B03151,C002,14-17,Female,2024-10-28
B03152,C003,18-21,Female,2024-06-24
B03153,C003,22-25,Female,2026-03-28
B03154,C001,18-21,Female,2025-07-30
B03155,C006,10-13,Male,2024-05-09
B03156,C008,10-13,Female,2025-10-19
B03157,C003,22-25,Female,2025-11-05
B03158,C005,14-17,Other,2024-07-21
B03159,C001,18-21,Male,2025-12-04
B03160,C010,18-21,Female,2024-04-03
B03161,C007,22-25,Female,2024-08-13
B03162,C010,22-25,Male,2024-08-17
B03163,C001,14-17,Male,2025-10-14
B03164,C009,14-17,Female,2024-12-31
B03165,C008,22-25,Male,2026-02-08
B03166,C007,14-17,Female,2025-09-12
B03167,C010,10-13,Female,2026-03-07
B03168,C007,18-21,Male,2026-05-07
B03169,C005,14-17,Other,2024-12-06
B03170,C005,22-25,Female,2026-05-01
B03171,C005,18-21,Female,2025-01-12
B03172,C001,14-17,Male,2025-06-02
B03173,C008,22-25,Female,2024-09-30
B03174,C001,18-21,Male,2024-12-15
B03175,C004,18-21,Male,2025-06-22
B03176,C009,14-17,Male,2025-05-08
B03177,C009,14-17,Male,2025-08-20
B03178,C005,18-21,Male,2025-07-16
B03179,C004,10-13,Other,2026-01-16
B03180,C003,10-13,Female,2025-03-22
B03181,C003,18-21,Male,2025-06-24
B03182,C005,14-17,Male,2025-05-19
B03183,C010,14-17,Female,2025-06-19
B03184,C001,10-13,Male,2024-07-23
B03185,C005,14-17,Female,2024-07-21
B03186,C006,18-21,Female,2026-06-15
B03187,C007,10-13,Female,2025-10-08
B03188,C009,10-13,Male,2025-03-31
B03189,C003,18-21,Male,2024-09-05
B03190,C002,22-25,Male,2025-12-29
B03191,C003,14-17,Male,2026-03-25
B03192,C009,10-13,Male,2024-10-26
B03193,C007,14-17,Female,2026-05-22
B03194,C009,18-21,Female,2024-04-28
B03195,C002,10-13,Female,2024-10-19
B03196,C005,14-17,Female,2025-07-18
B03197,C004,14-17,Male,2024-05-25
B03198,C002,10-13,Female,2024-05-31
B03199,C009,18-21,Male,2024-04-04
B03200,C009,18-21,Male,2025-10-05
B03201,C006,18-21,Female,2025-11-04
B03202,C006,10-13,Female,2025-09-17
B03203,C008,10-13,Female,2025-02-20
B03204,C006,14-17,Male,2025-07-18
B03205,C001,14-17,Male,2024-08-13
B03206,C004,10-13,Male,2024-06-02
B03207,C007,10-13,Male,2024-09-25
B03208,C002,10-13,Male,2024-08-25
B03209,C009,22-25,Female,2025-06-28
B03210,C008,18-21,Female,2024-05-13
B03211,C008,22-25,Male,2025-07-27
B03212,C007,10-13,Female,2025-01-14
B03213,C004,22-25,Male,2024-05-15
B03214,C002,10-13,Other,2025-03-07
B03215,C003,14-17,Male,2025-06-09
B03216,C006,18-21,Female,2025-11-01
B03217,C005,14-17,Female,2026-03-23
B03218,C008,14-17,Female,2025-07-14
B03219,C006,10-13,Male,2024-08-17
B03220,C006,10-13,Female,2024-06-29
B03221,C001,14-17,Male,2024-10-26
B03222,C004,18-21,Male,2025-09-15
B03223,C005,18-21,Male,2025-07-05
B03224,C003,14-17,Female,2025-09-30
B03225,C009,18-21,Female,2024-10-21
B03226,C001,10-13,Male,2024-12-16
B03227,C006,10-13,Female,2025-02-24
B03228,C006,22-25,Female,2025-12-01
B03229,C010,10-13,Female,2026-06-07
B03230,C005,18-21,Male,2025-02-17
B03231,C005,10-13,Female,2025-01-12
B03232,C010,18-21,Female,2024-11-08
B03233,C005,18-21,Male,2024-07-26
B03234,C006,10-13,Female,2026-03-22
B03235,C008,10-13,Male,2024-09-06
B03236,C002,18-21,Male,2025-12-11
B03237,C006,14-17,Male,2024-05-10
B03238,C001,10-13,Male,2024-07-31
B03239,C004,18-21,Female,2025-10-27
B03240,C010,10-13,Male,2024-06-17
B03241,C003,18-21,Female,2025-03-21
B03242,C009,14-17,Male,2025-03-06
B03243,C003,10-13,Female,2024-07-09
B03244,C006,18-21,Female,2025-04-08
B03245,C001,14-17,Female,2025-02-07
B03246,C006,14-17,Female,2025-09-28
B03247,C004,14-17,Female,2025-12-27
B03248,C008,14-17,Male,2025-01-27
B03249,C009,10-13,Female,2025-03-17
B03250,C004,10-13,Female,2024-08-09
B03251,C010,14-17,Female,2026-03-02
B03252,C010,10-13,Female,2024-08-23
B03253,C006,18-21,Female,2025-10-22
B03254,C001,18-21,Male,2026-04-07
B03255,C004,14-17,Female,2025-01-14
B03256,C007,18-21,Male,2025-11-19
B03257,C001,18-21,Male,2025-07-20
B03258,C008,14-17,Female,2025-08-06
B03259,C010,14-17,Male,2025-08-09
B03260,C006,14-17,Male,2026-05-08
B03261,C005,22-25,Female,2025-10-10
B03262,C010,10-13,Female,2026-06-09
B03263,C009,14-17,Female,2025-03-24
B03264,C002,18-21,Female,2025-12-03
B03265,C005,10-13,Female,2025-02-12
B03266,C006,10-13,Male,2026-06-01
B03267,C007,14-17,Female,2026-06-27
B03268,C005,14-17,Male,2024-08-21
B03269,C009,18-21,Male,2024-10-31
B03270,C001,18-21,Female,2024-04-02
B03271,C007,10-13,Female,2025-02-25
B03272,C010,10-13,Male,2025-01-14
B03273,C007,18-21,Male,2025-12-05
B03274,C004,14-17,Female,2024-11-11
B03275,C009,18-21,Female,2025-07-30
B03276,C005,10-13,Female,2025-10-05
B03277,C004,14-17,Male,2025-04-02
B03278,C007,14-17,Female,2025-09-02
B03279,C004,14-17,Male,2026-03-06
B03280,C003,14-17,Male,2026-01-24
B03281,C009,14-17,Female,2024-05-10
B03282,C008,14-17,Female,2024-08-23
B03283,C001,10-13,Male,2025-03-09
B03284,C007,10-13,Male,2024-09-03
B03285,C009,14-17,Female,2026-02-25
B03286,C008,14-17,Male,2024-05-27
B03287,C008,14-17,Male,2025-09-08
B03288,C006,14-17,Male,2024-05-03
B03289,C004,18-21,Male,2025-02-21
B03290,C008,18-21,Male,2025-04-06
B03291,C003,14-17,Female,2024-05-28
B03292,C009,10-13,Female,2026-01-24
B03293,C002,10-13,Female,2025-08-30
B03294,C002,14-17,Female,2026-02-28
B03295,C007,14-17,Female,2024-06-20
B03296,C010,10-13,Female,2025-11-07
B03297,C004,18-21,Female,2024-04-27
B03298,C010,10-13,Male,2026-01-14
B03299,C008,14-17,Female,2025-10-04
B03300,C009,14-17,Male,2024-07-24
B03301,C007,18-21,Female,2025-02-28
B03302,C005,10-13,Female,2025-06-22
B03303,C008,22-25,Female,2025-12-18
B03304,C004,18-21,Female,2024-07-30
B03305,C002,10-13,Male,2026-05-23
B03306,C006,10-13,Male,2024-08-21
B03307,C009,14-17,Male,2024-11-18
B03308,C001,18-21,Male,2026-06-16
B03309,C010,18-21,Male,2025-12-02
B03310,C007,14-17,Male,2025-07-27
B03311,C010,18-21,Male,2025-11-01
B03312,C009,10-13,Other,2024-07-04
B03313,C010,10-13,Male,2026-01-28
B03314,C009,22-25,Male,2026-05-29
B03315,C010,18-21,Male,2025-07-06
B03316,C003,14-17,Female,2025-05-12
B03317,C005,18-21,Male,2025-12-15
B03318,C008,22-25,Female,2026-05-07
B03319,C008,18-21,Male,2026-04-17
B03320,C004,18-21,Female,2024-04-03
B03321,C001,18-21,Female,2025-01-01
B03322,C001,10-13,Male,2024-12-09
B03323,C004,18-21,Male,2024-08-16
B03324,C006,10-13,Male,2025-04-24
B03325,C008,22-25,Female,2024-09-09
B03326,C006,14-17,Male,2024-09-06
B03327,C009,18-21,Female,2025-05-24
B03328,C009,14-17,Female,2026-06-11
B03329,C002,10-13,Female,2025-03-10
B03330,C010,14-17,Male,2024-08-29
B03331,C001,22-25,Male,2026-03-03
B03332,C002,22-25,Female,2026-01-14
B03333,C005,14-17,Female,2026-03-26
B03334,C004,22-25,Other,2025-06-11
B03335,C004,18-21,Female,2024-05-27
B03336,C009,14-17,Female,2026-04-02
B03337,C008,10-13,Female,2024-05-28
B03338,C006,22-25,Female,2024-06-24
B03339,C001,14-17,Male,2024-07-12
B03340,C002,18-21,Female,2025-01-20
B03341,C006,18-21,Male,2025-03-26
B03342,C002,18-21,Male,2025-07-12
B03343,C010,18-21,Female,2024-11-30
B03344,C005,14-17,Male,2025-02-21
B03345,C005,14-17,Male,2025-11-28
B03346,C006,14-17,Male,2026-04-03
B03347,C006,10-13,Female,2025-09-30
B03348,C006,14-17,Female,2025-08-17
B03349,C002,18-21,Female,2026-03-28
B03350,C010,18-21,Male,2024-09-24
B03351,C003,10-13,Male,2024-10-24
B03352,C006,14-17,Male,2025-03-26
B03353,C008,10-13,Male,2025-05-14
B03354,C001,10-13,Female,2026-01-20
B03355,C001,10-13,Male,2024-12-01
B03356,C002,18-21,Male,2025-05-30
B03357,C006,10-13,Male,2026-03-11
B03358,C009,18-21,Male,2024-08-20
B03359,C004,10-13,Male,2024-11-19
B03360,C003,22-25,Female,2026-02-13
B03361,C008,18-21,Female,2026-01-14
B03362,C010,22-25,Female,2026-03-01
B03363,C009,22-25,Female,2025-03-30
B03364,C005,22-25,Male,2026-01-31
B03365,C009,18-21,Female,2025-12-06
B03366,C002,18-21,Female,2026-02-25
B03367,C003,10-13,Male,2024-06-04
B03368,C007,10-13,Female,2026-02-06
B03369,C007,10-13,Female,2025-01-20
B03370,C006,14-17,Male,2025-03-09
B03371,C006,14-17,Female,2025-10-04
B03372,C002,18-21,Female,2025-02-27
B03373,C010,22-25,Female,2025-03-06
B03374,C006,14-17,Female,2024-08-09
B03375,C004,14-17,Male,2024-08-21
B03376,C003,22-25,Male,2024-07-22
B03377,C002,10-13,Female,2024-04-17
B03378,C001,18-21,Female,2025-08-02
B03379,C005,10-13,Female,2024-12-26
B03380,C002,18-21,Male,2025-06-21
B03381,C002,10-13,Male,2024-07-05
B03382,C007,22-25,Male,2025-07-15
B03383,C008,14-17,Male,2025-12-27
B03384,C010,10-13,Male,2024-05-02
B03385,C008,10-13,Male,2025-02-16
B03386,C004,14-17,Male,2025-01-30
B03387,C001,22-25,Male,2025-06-25
B03388,C007,18-21,Male,2024-11-14
B03389,C001,14-17,Other,2026-01-18
B03390,C004,14-17,Female,2025-10-27
B03391,C008,14-17,Male,2024-08-26
B03392,C002,18-21,Female,2025-03-25
B03393,C006,18-21,Female,2025-11-09
B03394,C006,14-17,Female,2024-12-17
B03395,C009,18-21,Male,2024-10-01
B03396,C005,18-21,Male,2026-04-05
B03397,C010,22-25,Female,2026-02-11
B03398,C004,22-25,Male,2025-12-23
B03399,C005,18-21,Female,2026-02-07
B03400,C010,18-21,Female,2025-05-20
B03401,C005,10-13,Other,2025-01-01
B03402,C008,18-21,Male,2026-02-20
B03403,C010,14-17,Male,2026-06-21
B03404,C008,10-13,Male,2025-11-21
B03405,C002,14-17,Female,2025-08-21
B03406,C007,18-21,Male,2025-03-21
B03407,C008,10-13,Female,2026-03-24
B03408,C006,14-17,Male,2024-08-12
B03409,C005,14-17,Male,2026-05-07
B03410,C009,10-13,Male,2025-10-10
B03411,C003,10-13,Female,2026-05-03
B03412,C010,18-21,Female,2024-08-03
B03413,C004,18-21,Male,2024-12-11
B03414,C009,14-17,Female,2024-07-21
B03415,C006,22-25,Female,2024-06-02
B03416,C008,18-21,Female,2024-05-20
B03417,C007,14-17,Female,2025-02-15
B03418,C002,18-21,Male,2025-03-01
B03419,C003,22-25,Male,2025-03-26
B03420,C001,14-17,Female,2024-07-28
B03421,C009,10-13,Male,2024-08-09
B03422,C007,22-25,Male,2026-06-25
B03423,C001,14-17,Male,2024-09-28
B03424,C003,10-13,Female,2025-04-04
B03425,C004,14-17,Male,2024-09-28
B03426,C004,14-17,Female,2024-07-30
B03427,C005,18-21,Male,2024-06-27
B03428,C003,14-17,Other,2026-01-10
B03429,C003,10-13,Male,2026-06-23
B03430,C001,18-21,Female,2024-11-15
B03431,C007,14-17,Female,2026-02-07
B03432,C010,10-13,Female,2024-11-26
B03433,C001,14-17,Male,2024-05-30
B03434,C002,18-21,Female,2025-11-03
B03435,C004,10-13,Male,2024-06-06
B03436,C004,18-21,Male,2026-06-29
B03437,C005,14-17,Female,2025-04-29
B03438,C002,14-17,Female,2024-09-15
B03439,C004,14-17,Female,2025-11-02
B03440,C001,14-17,Female,2024-09-10
B03441,C002,18-21,Male,2026-01-28
B03442,C001,10-13,Female,2025-05-12
B03443,C010,18-21,Male,2026-05-12
B03444,C010,10-13,Female,2024-07-19
B03445,C004,22-25,Female,2025-09-12
B03446,C004,18-21,Female,2025-05-06
B03447,C007,18-21,Male,2024-10-12
B03448,C010,14-17,Female,2024-08-20
B03449,C009,14-17,Male,2024-12-22
B03450,C009,10-13,Male,2024-10-10
B03451,C005,22-25,Male,2025-02-10
B03452,C010,14-17,Female,2025-12-29
B03453,C001,18-21,Male,2025-10-14
B03454,C001,18-21,Male,2026-03-01
B03455,C006,14-17,Male,2026-06-12
B03456,C002,18-21,Male,2026-02-08
B03457,C008,18-21,Female,2025-12-01
B03458,C009,18-21,Female,2025-07-16
B03459,C004,14-17,Male,2026-06-24
B03460,C005,14-17,Female,2024-10-05
B03461,C008,10-13,Female,2025-04-19
B03462,C003,18-21,Female,2024-09-11
B03463,C005,14-17,Female,2026-05-17
B03464,C003,14-17,Male,2025-12-09
B03465,C010,22-25,Female,2024-08-27
B03466,C003,10-13,Male,2026-03-12
B03467,C003,18-21,Male,2025-03-16
B03468,C007,22-25,Female,2025-11-17
B03469,C007,22-25,Female,2024-12-05
B03470,C007,18-21,Male,2024-11-14
B03471,C010,14-17,Male,2025-09-17
B03472,C008,10-13,Female,2025-04-25
B03473,C005,18-21,Female,2025-03-16
B03474,C005,14-17,Female,2026-05-15
B03475,C004,10-13,Male,2025-01-28
B03476,C007,18-21,Female,2024-07-06
B03477,C010,14-17,Male,2024-11-03
B03478,C004,22-25,Male,2025-12-30
B03479,C002,18-21,Male,2024-04-09
B03480,C004,18-21,Female,2025-12-09
B03481,C008,18-21,Female,2024-06-06
B03482,C009,22-25,Female,2024-09-21
B03483,C003,18-21,Female,2025-02-04
B03484,C007,14-17,Male,2025-10-18
B03485,C009,14-17,Male,2025-09-19
B03486,C004,22-25,Male,2025-12-22
B03487,C010,18-21,Female,2025-09-29
B03488,C003,14-17,Female,2025-01-31
B03489,C005,10-13,Other,2026-02-04
B03490,C001,18-21,Female,2026-03-29
B03491,C003,10-13,Female,2025-12-17
B03492,C008,22-25,Female,2026-02-08
B03493,C008,22-25,Female,2025-06-06
B03494,C004,10-13,Female,2026-01-11
B03495,C002,18-21,Female,2025-08-15
B03496,C008,10-13,Female,2026-02-13
B03497,C008,18-21,Female,2025-02-18
B03498,C010,14-17,Male,2024-04-23
B03499,C004,18-21,Male,2025-07-20
B03500,C003,14-17,Male,2025-10-11
B03501,C002,10-13,Male,2024-12-11
B03502,C009,14-17,Female,2026-04-06
B03503,C001,10-13,Male,2025-01-24
B03504,C007,14-17,Male,2025-10-19
B03505,C005,10-13,Male,2025-06-28
B03506,C008,14-17,Female,2025-06-04
B03507,C004,22-25,Male,2026-06-16
B03508,C007,18-21,Male,2024-07-29
B03509,C005,22-25,Male,2026-01-15
B03510,C005,22-25,Male,2024-07-02
B03511,C009,10-13,Female,2025-10-11
B03512,C009,10-13,Male,2026-05-27
B03513,C009,14-17,Female,2026-03-13
B03514,C006,22-25,Female,2024-12-01
B03515,C006,22-25,Other,2025-08-02
B03516,C005,10-13,Male,2026-05-22
B03517,C009,14-17,Male,2024-08-10
B03518,C010,10-13,Male,2026-05-16
B03519,C008,18-21,Male,2026-01-14
B03520,C007,18-21,Female,2026-04-05
B03521,C007,10-13,Male,2025-06-25
B03522,C006,14-17,Male,2026-01-14
B03523,C005,18-21,Female,2024-04-04
B03524,C004,18-21,Female,2025-02-06
B03525,C003,10-13,Male,2025-09-09
B03526,C003,22-25,Male,2026-01-30
B03527,C006,14-17,Male,2025-09-12
B03528,C004,18-21,Female,2026-04-16
B03529,C006,18-21,Female,2026-06-18
B03530,C003,10-13,Female,2026-03-22
B03531,C004,10-13,Female,2024-08-22
B03532,C009,18-21,Female,2025-12-15
B03533,C005,10-13,Male,2024-05-18
B03534,C007,18-21,Male,2025-11-12
B03535,C010,18-21,Female,2025-03-02
B03536,C002,18-21,Female,2025-10-24
B03537,C005,14-17,Male,2025-05-01
B03538,C009,14-17,Female,2026-03-13
B03539,C003,18-21,Female,2026-05-18
B03540,C009,10-13,Male,2024-11-17
B03541,C006,18-21,Female,2025-07-19
B03542,C004,18-21,Male,2026-05-25
B03543,C007,14-17,Female,2024-12-19
B03544,C008,18-21,Male,2026-04-16
B03545,C006,10-13,Female,2025-10-08
B03546,C005,14-17,Female,2025-09-27
B03547,C006,22-25,Male,2025-08-06
B03548,C005,22-25,Female,2025-09-14
B03549,C008,14-17,Female,2025-03-29
B03550,C001,22-25,Female,2024-12-24
B03551,C007,14-17,Male,2025-01-23
B03552,C010,14-17,Female,2026-03-22
B03553,C010,10-13,Male,2026-03-09
B03554,C002,22-25,Male,2026-05-26
B03555,C009,10-13,Male,2024-04-07
B03556,C001,14-17,Male,2025-01-01
B03557,C010,14-17,Female,2025-03-01
B03558,C006,18-21,Male,2025-11-21
B03559,C009,14-17,Male,2025-06-16
B03560,C001,10-13,Female,2025-05-24
B03561,C004,10-13,Female,2026-04-17
B03562,C004,18-21,Female,2024-12-14
B03563,C009,18-21,Male,2025-12-26
B03564,C005,14-17,Female,2025-12-04
B03565,C005,18-21,Male,2026-02-24
B03566,C006,10-13,Other,2026-01-31
B03567,C001,22-25,Female,2026-06-27
B03568,C001,14-17,Female,2024-10-03
B03569,C009,10-13,Male,2024-05-05
B03570,C003,14-17,Male,2024-10-08
B03571,C004,18-21,Male,2025-08-03
B03572,C001,22-25,Male,2026-02-12
B03573,C009,10-13,Male,2025-07-26
B03574,C008,18-21,Female,2025-11-27
B03575,C002,10-13,Male,2024-07-26
B03576,C008,10-13,Female,2024-10-03
B03577,C007,14-17,Male,2025-04-12
B03578,C006,18-21,Male,2025-09-19
B03579,C001,18-21,Female,2024-08-14
B03580,C007,14-17,Female,2024-09-21
B03581,C010,10-13,Male,2025-12-25
B03582,C007,14-17,Male,2025-06-18
B03583,C009,10-13,Female,2024-04-28
B03584,C001,10-13,Male,2025-06-09
B03585,C002,14-17,Male,2025-05-09
B03586,C009,14-17,Female,2026-06-24
B03587,C009,10-13,Male,2025-06-17
B03588,C006,14-17,Male,2024-04-01
B03589,C006,10-13,Female,2024-04-29
B03590,C004,10-13,Female,2026-01-25
B03591,C004,18-21,Male,2025-02-19
B03592,C005,10-13,Female,2025-02-09
B03593,C003,18-21,Male,2026-03-27
B03594,C001,10-13,Female,2025-09-23
B03595,C001,14-17,Female,2026-02-28
B03596,C007,10-13,Male,2025-05-06
B03597,C001,10-13,Male,2025-01-14
B03598,C001,14-17,Male,2025-10-16
B03599,C003,22-25,Female,2025-04-14
B03600,C010,10-13,Female,2026-01-18
B03601,C004,14-17,Male,2026-04-11
B03602,C004,18-21,Male,2024-12-25
B03603,C002,14-17,Male,2026-03-01
B03604,C001,18-21,Male,2025-03-20
B03605,C003,10-13,Male,2026-04-25
B03606,C004,22-25,Female,2026-01-15
B03607,C003,14-17,Female,2026-04-18
B03608,C008,14-17,Female,2026-01-06
B03609,C010,22-25,Female,2024-06-23
B03610,C001,14-17,Female,2025-10-23
B03611,C002,14-17,Female,2025-07-29
B03612,C007,18-21,Female,2024-09-08
B03613,C004,14-17,Male,2025-07-29
B03614,C008,10-13,Male,2026-06-02
B03615,C003,18-21,Male,2026-05-26
B03616,C006,10-13,Female,2024-12-12
B03617,C009,18-21,Female,2025-11-24
B03618,C001,22-25,Male,2025-09-17
B03619,C001,14-17,Female,2025-05-18
B03620,C008,14-17,Female,2024-09-28
B03621,C003,10-13,Male,2024-12-16
B03622,C005,10-13,Male,2025-07-13
B03623,C001,22-25,Male,2024-08-13
B03624,C005,10-13,Male,2026-05-21
B03625,C006,14-17,Female,2026-04-23
B03626,C008,18-21,Female,2026-06-03
B03627,C003,22-25,Female,2025-02-10
B03628,C003,14-17,Female,2025-09-18
B03629,C010,14-17,Female,2024-10-09
B03630,C009,18-21,Female,2025-06-29
B03631,C004,22-25,Female,2024-11-18
B03632,C004,14-17,Female,2024-04-10
B03633,C007,14-17,Female,2025-12-02
B03634,C002,10-13,Male,2025-03-19
B03635,C008,10-13,Female,2024-05-28
B03636,C006,14-17,Male,2026-06-26
B03637,C003,22-25,Female,2025-11-11
B03638,C009,18-21,Male,2025-07-09
B03639,C005,22-25,Male,2026-01-31
B03640,C008,14-17,Other,2026-02-27
B03641,C007,18-21,Male,2025-05-29
B03642,C008,18-21,Male,2026-05-02
B03643,C007,18-21,Male,2025-03-17
B03644,C003,14-17,Female,2025-07-27
B03645,C002,14-17,Female,2026-06-29
B03646,C007,18-21,Female,2024-05-03
B03647,C003,14-17,Female,2026-02-05
B03648,C003,22-25,Male,2026-03-19
B03649,C002,10-13,Male,2025-09-08
B03650,C004,18-21,Male,2024-08-07
B03651,C008,18-21,Female,2024-05-29
B03652,C001,18-21,Female,2024-05-30
B03653,C001,14-17,Male,2024-09-06
B03654,C005,22-25,Male,2024-06-12
B03655,C005,18-21,Male,2024-12-02
B03656,C001,14-17,Female,2026-04-04
B03657,C006,18-21,Male,2026-01-05
B03658,C001,14-17,Male,2024-07-06
B03659,C005,14-17,Male,2025-03-17
B03660,C009,14-17,Female,2024-10-09
B03661,C005,18-21,Female,2025-12-05
B03662,C006,14-17,Male,2025-02-13
B03663,C008,18-21,Female,2026-05-08
B03664,C001,14-17,Female,2025-03-09
B03665,C002,10-13,Other,2025-04-12
B03666,C009,22-25,Male,2026-03-01
B03667,C003,14-17,Female,2026-05-24
B03668,C006,22-25,Female,2025-02-17
B03669,C005,10-13,Male,2026-04-08
B03670,C002,10-13,Female,2024-06-09
B03671,C007,18-21,Male,2024-07-25
B03672,C004,18-21,Male,2026-01-16
B03673,C001,10-13,Male,2026-04-23
B03674,C004,10-13,Male,2026-04-22
B03675,C006,18-21,Male,2024-12-29
B03676,C007,14-17,Male,2024-06-22
B03677,C007,18-21,Female,2026-03-08
B03678,C007,14-17,Female,2025-10-29
B03679,C003,14-17,Male,2026-01-09
B03680,C006,22-25,Female,2026-05-07
B03681,C008,10-13,Female,2026-02-15
B03682,C004,14-17,Male,2026-01-12
B03683,C008,18-21,Male,2026-03-09
B03684,C002,10-13,Female,2025-06-26
B03685,C010,14-17,Female,2025-04-03
B03686,C009,14-17,Male,2025-12-25
B03687,C009,14-17,Male,2026-01-08
B03688,C008,14-17,Female,2026-03-27
B03689,C010,14-17,Other,2025-08-23
B03690,C010,14-17,Male,2024-12-16
B03691,C001,18-21,Other,2026-04-01
B03692,C002,18-21,Male,2026-06-20
B03693,C006,10-13,Male,2026-01-31
B03694,C010,18-21,Male,2025-08-18
B03695,C005,22-25,Female,2025-12-21
B03696,C009,14-17,Male,2024-05-31
B03697,C005,18-21,Male,2025-12-14
B03698,C002,14-17,Female,2025-10-02
B03699,C010,18-21,Other,2025-09-26
B03700,C004,22-25,Male,2026-04-02
B03701,C009,10-13,Male,2026-06-04
B03702,C001,14-17,Female,2024-07-17
B03703,C001,14-17,Female,2024-05-22
B03704,C007,14-17,Male,2025-11-10
B03705,C003,10-13,Female,2024-10-08
B03706,C010,18-21,Male,2024-05-08
B03707,C002,10-13,Female,2024-10-20
B03708,C009,14-17,Male,2024-12-24
B03709,C003,18-21,Female,2024-12-06
B03710,C002,10-13,Male,2025-08-24
B03711,C008,22-25,Female,2025-09-27
B03712,C010,18-21,Female,2025-12-22
B03713,C006,14-17,Male,2025-11-10
B03714,C006,14-17,Female,2025-05-02
B03715,C010,10-13,Male,2025-11-04
B03716,C007,18-21,Female,2024-05-31
B03717,C007,10-13,Other,2025-09-09
B03718,C006,18-21,Female,2024-08-13
B03719,C004,18-21,Female,2024-11-13
B03720,C009,10-13,Female,2026-01-12
B03721,C006,18-21,Male,2024-07-15
B03722,C004,10-13,Male,2025-03-03
B03723,C003,22-25,Female,2025-02-01
B03724,C004,10-13,Female,2024-09-07
B03725,C003,18-21,Female,2026-03-20
B03726,C002,10-13,Female,2025-11-20
B03727,C005,18-21,Male,2025-03-14
B03728,C002,14-17,Male,2025-11-02
B03729,C006,10-13,Male,2024-07-11
B03730,C003,14-17,Female,2025-04-20
B03731,C006,14-17,Male,2025-01-27
B03732,C010,18-21,Male,2025-01-17
B03733,C009,22-25,Female,2024-06-14
B03734,C001,14-17,Female,2025-03-15
B03735,C006,14-17,Female,2024-11-28
B03736,C009,10-13,Other,2024-08-19
B03737,C004,14-17,Female,2025-03-31
B03738,C002,14-17,Male,2025-08-15
B03739,C004,14-17,Female,2024-04-19
B03740,C001,10-13,Male,2025-12-18
B03741,C003,14-17,Female,2024-04-26
B03742,C010,22-25,Female,2025-10-21
B03743,C009,14-17,Female,2025-06-30
B03744,C010,14-17,Male,2025-07-22
B03745,C005,18-21,Male,2026-04-19
B03746,C006,18-21,Female,2024-05-06
B03747,C003,14-17,Male,2025-02-25
B03748,C005,14-17,Female,2024-09-02
B03749,C008,22-25,Female,2026-06-09
B03750,C006,10-13,Female,2024-04-26
B03751,C004,14-17,Female,2024-12-21
B03752,C002,10-13,Female,2025-03-07
B03753,C009,14-17,Male,2026-05-14
B03754,C001,14-17,Male,2026-05-03
B03755,C001,18-21,Female,2024-09-26
B03756,C004,10-13,Female,2026-05-16
B03757,C007,14-17,Female,2024-06-14
B03758,C001,14-17,Female,2025-01-27
B03759,C009,14-17,Male,2024-12-12
B03760,C004,18-21,Male,2025-10-04
B03761,C003,14-17,Male,2024-09-27
B03762,C001,22-25,Female,2026-05-11
B03763,C010,14-17,Male,2025-06-03
B03764,C004,14-17,Male,2024-12-04
B03765,C009,18-21,Female,2025-02-08
B03766,C010,10-13,Male,2025-03-17
B03767,C006,10-13,Female,2025-06-26
B03768,C006,18-21,Female,2026-05-12
B03769,C001,14-17,Male,2026-05-23
B03770,C010,22-25,Male,2024-12-10
B03771,C002,22-25,Female,2024-06-18
B03772,C006,14-17,Male,2025-04-23
B03773,C002,14-17,Male,2025-04-12
B03774,C003,14-17,Male,2026-02-11
B03775,C004,14-17,Male,2026-03-06
B03776,C005,18-21,Female,2025-01-07
B03777,C009,18-21,Male,2025-10-06
B03778,C004,14-17,Female,2026-04-22
B03779,C009,10-13,Male,2024-06-06
B03780,C010,14-17,Female,2025-11-14
B03781,C003,14-17,Female,2025-10-27
B03782,C008,18-21,Female,2025-03-10
B03783,C001,10-13,Female,2026-03-09
B03784,C009,18-21,Male,2025-07-05
B03785,C009,18-21,Female,2025-05-18
B03786,C010,18-21,Male,2025-08-20
B03787,C002,14-17,Male,2024-07-31
B03788,C004,18-21,Female,2025-10-20
B03789,C008,14-17,Male,2025-01-28
B03790,C007,18-21,Female,2024-12-16
B03791,C001,14-17,Male,2025-12-22
B03792,C005,14-17,Female,2025-01-03
B03793,C007,18-21,Female,2025-09-23
B03794,C004,10-13,Female,2024-07-01
B03795,C001,14-17,Female,2025-06-27
B03796,C009,22-25,Female,2026-02-10
B03797,C005,10-13,Female,2025-03-07
B03798,C002,14-17,Male,2024-11-03
B03799,C008,14-17,Female,2024-11-18
B03800,C002,18-21,Male,2025-03-01
B03801,C003,10-13,Male,2025-07-06
B03802,C010,18-21,Male,2025-12-02
B03803,C001,10-13,Male,2025-01-05
B03804,C002,10-13,Female,2024-06-07
B03805,C007,18-21,Female,2025-09-23
B03806,C010,14-17,Female,2026-04-05
B03807,C002,22-25,Female,2025-05-11
B03808,C006,10-13,Male,2025-05-12
B03809,C003,14-17,Male,2026-02-10
B03810,C004,10-13,Male,2024-12-28
B03811,C008,14-17,Female,2024-06-20
B03812,C003,22-25,Male,2025-10-09
B03813,C010,22-25,Female,2025-12-21
B03814,C006,10-13,Female,2025-12-08
B03815,C001,14-17,Female,2025-11-28
B03816,C007,18-21,Female,2025-07-07
B03817,C008,10-13,Female,2026-04-08
B03818,C008,10-13,Male,2025-01-30
B03819,C003,22-25,Male,2024-07-08
B03820,C010,22-25,Female,2025-10-24
B03821,C001,22-25,Female,2025-03-18
B03822,C009,18-21,Female,2026-01-24
B03823,C006,18-21,Male,2026-05-23
B03824,C009,14-17,Female,2024-05-16
B03825,C007,10-13,Male,2025-01-10
B03826,C001,10-13,Male,2024-06-17
B03827,C001,18-21,Male,2024-10-11
B03828,C006,18-21,Male,2026-03-17
B03829,C005,18-21,Male,2026-02-27
B03830,C009,22-25,Male,2024-09-06
B03831,C002,22-25,Female,2025-07-10
B03832,C008,22-25,Female,2024-09-28
B03833,C005,10-13,Female,2025-05-30
B03834,C002,18-21,Male,2025-06-21
B03835,C010,14-17,Other,2026-06-17
B03836,C006,10-13,Male,2024-06-19
B03837,C010,22-25,Male,2024-11-06
B03838,C008,22-25,Female,2025-11-30
B03839,C004,10-13,Male,2024-09-04
B03840,C002,10-13,Female,2025-03-19
B03841,C005,18-21,Female,2026-01-13
B03842,C002,14-17,Other,2025-09-15
B03843,C002,22-25,Female,2026-05-10
B03844,C006,10-13,Female,2025-09-13
B03845,C010,10-13,Male,2024-11-27
B03846,C009,10-13,Female,2025-02-26
B03847,C004,10-13,Male,2024-06-03
B03848,C006,10-13,Female,2025-11-16
B03849,C007,22-25,Female,2024-09-24
B03850,C006,14-17,Male,2025-02-12
B03851,C008,14-17,Female,2025-06-25
B03852,C004,10-13,Male,2025-02-19
B03853,C001,10-13,Male,2024-10-07
B03854,C007,18-21,Female,2025-06-01
B03855,C003,14-17,Male,2025-08-16
B03856,C006,18-21,Male,2024-07-25
B03857,C002,14-17,Male,2024-12-11
B03858,C009,14-17,Female,2024-08-08
B03859,C001,14-17,Male,2024-09-15
B03860,C006,14-17,Male,2025-09-29
B03861,C006,18-21,Female,2025-09-16
B03862,C005,14-17,Male,2025-10-14
B03863,C005,18-21,Male,2025-01-27
B03864,C001,10-13,Female,2024-12-11
B03865,C010,18-21,Female,2024-08-14
B03866,C005,22-25,Female,2025-01-20
B03867,C002,14-17,Male,2025-01-31
B03868,C007,14-17,Female,2026-06-04
B03869,C003,22-25,Female,2025-04-13
B03870,C004,18-21,Male,2026-04-16
B03871,C003,10-13,Male,2024-12-11
B03872,C003,14-17,Other,2024-09-05
B03873,C004,18-21,Female,2026-04-23
B03874,C005,18-21,Female,2024-10-29
B03875,C001,14-17,Female,2024-06-30
B03876,C004,14-17,Female,2025-02-04
B03877,C008,22-25,Female,2024-05-26
B03878,C010,10-13,Male,2024-07-04
B03879,C007,14-17,Male,2024-12-14
B03880,C009,10-13,Female,2024-07-09
B03881,C005,18-21,Female,2026-01-16
B03882,C010,10-13,Female,2024-08-20
B03883,C004,18-21,Other,2025-12-08
B03884,C008,10-13,Female,2024-07-26
B03885,C009,18-21,Male,2024-12-04
B03886,C007,18-21,Female,2024-08-23
B03887,C007,14-17,Male,2025-10-05
B03888,C005,14-17,Male,2024-11-27
B03889,C004,14-17,Male,2026-02-05
B03890,C010,14-17,Female,2026-06-13
B03891,C001,18-21,Female,2025-01-12
B03892,C010,10-13,Male,2026-04-18
B03893,C010,18-21,Male,2026-04-21
B03894,C007,10-13,Female,2026-03-26
B03895,C001,10-13,Female,2024-05-29
B03896,C001,14-17,Female,2026-04-28
B03897,C005,14-17,Female,2025-08-08
B03898,C009,14-17,Female,2024-08-22
B03899,C006,18-21,Male,2026-02-07
B03900,C003,10-13,Male,2026-04-22
B03901,C003,10-13,Male,2026-06-05
B03902,C007,18-21,Female,2024-04-08
B03903,C006,18-21,Male,2025-03-12
B03904,C009,10-13,Female,2026-03-21
B03905,C006,14-17,Male,2026-06-07
B03906,C005,14-17,Male,2025-07-21
B03907,C010,18-21,Male,2025-09-04
B03908,C007,22-25,Male,2026-04-29
B03909,C001,18-21,Male,2025-04-17
B03910,C007,18-21,Female,2024-08-09
B03911,C003,10-13,Male,2024-08-17
B03912,C009,18-21,Female,2026-06-21
B03913,C006,14-17,Male,2025-08-19
B03914,C009,10-13,Female,2024-06-02
B03915,C005,14-17,Female,2025-11-19
B03916,C007,22-25,Other,2024-09-06
B03917,C004,22-25,Male,2024-10-19
B03918,C007,10-13,Male,2025-06-20
B03919,C001,18-21,Female,2025-05-21
B03920,C007,18-21,Male,2024-08-12
B03921,C008,10-13,Female,2026-01-06
B03922,C005,14-17,Male,2024-04-25
B03923,C002,18-21,Female,2026-06-28
B03924,C005,14-17,Male,2024-10-28
B03925,C006,10-13,Female,2024-12-09
B03926,C002,18-21,Female,2026-01-10
B03927,C006,22-25,Male,2025-08-19
B03928,C006,18-21,Male,2025-09-03
B03929,C001,18-21,Male,2025-10-05
B03930,C001,14-17,Female,2025-09-28
B03931,C010,10-13,Male,2025-02-25
B03932,C003,18-21,Male,2025-11-17
B03933,C010,14-17,Female,2026-01-29
B03934,C010,18-21,Male,2026-04-01
B03935,C003,10-13,Male,2026-03-07
B03936,C004,14-17,Male,2024-06-10
B03937,C002,14-17,Female,2024-04-02
B03938,C009,22-25,Other,2026-02-04
B03939,C010,10-13,Male,2025-04-27
B03940,C007,10-13,Female,2026-05-05
B03941,C007,10-13,Male,2025-06-30
B03942,C006,18-21,Male,2025-04-24
B03943,C003,10-13,Female,2025-12-27
B03944,C006,10-13,Male,2026-06-09
B03945,C008,10-13,Female,2024-12-06
B03946,C008,18-21,Female,2025-11-27
B03947,C009,10-13,Female,2026-01-06
B03948,C001,14-17,Male,2024-04-10
B03949,C001,14-17,Male,2025-08-10
B03950,C003,14-17,Other,2025-11-26
B03951,C003,18-21,Male,2025-05-27
B03952,C010,14-17,Female,2025-12-23
B03953,C008,22-25,Male,2026-05-01
B03954,C010,22-25,Male,2024-06-28
B03955,C001,14-17,Male,2025-03-09
B03956,C002,18-21,Female,2024-07-22
B03957,C002,18-21,Female,2024-12-29
B03958,C003,22-25,Male,2025-06-16
B03959,C006,14-17,Female,2025-10-30
B03960,C001,14-17,Male,2025-09-03
B03961,C002,14-17,Male,2025-03-03
B03962,C001,18-21,Female,2025-03-05
B03963,C005,10-13,Female,2024-10-06
B03964,C007,10-13,Male,2024-05-04
B03965,C008,14-17,Male,2024-10-31
B03966,C010,10-13,Other,2025-08-16
B03967,C001,14-17,Female,2025-10-07
B03968,C007,10-13,Female,2025-05-21
B03969,C005,14-17,Male,2025-08-18
B03970,C010,22-25,Female,2025-01-13
B03971,C001,14-17,Male,2025-03-20
B03972,C003,18-21,Other,2025-01-19
B03973,C007,10-13,Male,2024-09-19
B03974,C010,10-13,Male,2026-06-08
B03975,C001,18-21,Male,2025-12-06
B03976,C007,18-21,Female,2026-03-23
B03977,C005,14-17,Female,2026-06-08
B03978,C001,22-25,Male,2026-03-25
B03979,C001,22-25,Female,2024-11-04
B03980,C001,22-25,Female,2025-12-19
B03981,C009,14-17,Male,2025-01-25
B03982,C003,10-13,Female,2025-10-02
B03983,C005,18-21,Female,2025-03-17
B03984,C010,18-21,Male,2025-06-09
B03985,C009,10-13,Male,2024-09-19
B03986,C006,18-21,Male,2025-05-12
B03987,C009,10-13,Male,2024-08-04
B03988,C008,14-17,Male,2026-02-12
B03989,C008,14-17,Female,2025-11-05
B03990,C001,18-21,Female,2024-05-07
B03991,C009,14-17,Male,2025-08-26
B03992,C006,18-21,Female,2025-08-08
B03993,C009,14-17,Female,2025-06-16
B03994,C003,18-21,Female,2024-12-01
B03995,C003,22-25,Male,2025-03-26
B03996,C006,18-21,Female,2025-01-07
B03997,C009,22-25,Female,2025-07-24
B03998,C007,10-13,Female,2024-11-30
B03999,C003,14-17,Male,2025-01-09
B04000,C003,10-13,Male,2024-04-11
B04001,C002,10-13,Female,2024-10-18
B04002,C009,18-21,Male,2025-09-23
B04003,C003,10-13,Female,2025-01-21
B04004,C005,14-17,Female,2024-10-30
B04005,C009,14-17,Male,2026-01-04
B04006,C008,14-17,Female,2025-03-22
B04007,C002,14-17,Male,2026-03-18
B04008,C003,18-21,Male,2024-05-08
B04009,C002,10-13,Female,2025-10-20
B04010,C008,14-17,Female,2025-07-29
B04011,C006,14-17,Male,2026-02-04
B04012,C006,18-21,Female,2025-09-27
B04013,C009,14-17,Male,2025-04-06
B04014,C008,22-25,Male,2024-04-11
B04015,C004,14-17,Male,2024-05-08
B04016,C004,14-17,Male,2024-12-14
B04017,C009,10-13,Female,2025-04-10
B04018,C001,14-17,Female,2025-08-06
B04019,C002,18-21,Female,2026-06-11
B04020,C002,10-13,Female,2024-12-17
B04021,C006,14-17,Male,2025-04-21
B04022,C004,18-21,Male,2025-09-17
B04023,C010,14-17,Female,2024-05-04
B04024,C003,10-13,Female,2026-03-03
B04025,C003,18-21,Female,2024-12-31
B04026,C003,10-13,Male,2025-06-27
B04027,C006,22-25,Male,2026-04-27
B04028,C008,10-13,Male,2025-04-25
B04029,C007,18-21,Male,2026-05-12
B04030,C004,14-17,Male,2026-04-28
B04031,C004,18-21,Female,2025-11-11
B04032,C010,10-13,Male,2026-05-27
B04033,C002,18-21,Female,2026-06-20
B04034,C001,14-17,Female,2024-11-16
B04035,C009,14-17,Male,2026-06-16
B04036,C002,14-17,Female,2024-07-06
B04037,C008,18-21,Male,2025-11-13
B04038,C009,22-25,Female,2026-04-20
B04039,C004,10-13,Female,2025-04-25
B04040,C008,10-13,Female,2026-03-26
B04041,C009,18-21,Female,2025-10-03
B04042,C010,10-13,Male,2024-05-07
B04043,C010,22-25,Female,2025-05-17
B04044,C005,14-17,Female,2024-06-15
B04045,C007,18-21,Female,2024-06-01
B04046,C010,10-13,Female,2026-02-13
B04047,C004,10-13,Female,2024-05-10
B04048,C001,18-21,Female,2024-12-09
B04049,C003,22-25,Male,2025-09-05
B04050,C005,22-25,Male,2025-09-10
B04051,C003,10-13,Female,2026-02-20
B04052,C007,10-13,Female,2026-06-17
B04053,C009,10-13,Female,2024-11-03
B04054,C006,18-21,Male,2025-04-18
B04055,C010,14-17,Male,2025-05-19
B04056,C001,10-13,Female,2024-06-22
B04057,C007,10-13,Female,2026-04-12
B04058,C003,14-17,Female,2024-10-18
B04059,C005,22-25,Male,2026-02-26
B04060,C010,14-17,Male,2025-06-26
B04061,C004,10-13,Male,2025-06-27
B04062,C010,14-17,Male,2025-09-06
B04063,C005,14-17,Other,2025-03-12
B04064,C005,10-13,Male,2024-07-07
B04065,C006,10-13,Male,2024-11-12
B04066,C010,18-21,Male,2026-06-03
B04067,C010,10-13,Male,2025-06-24
B04068,C006,10-13,Female,2024-05-27
B04069,C008,14-17,Male,2025-08-15
B04070,C008,18-21,Male,2024-11-03
B04071,C009,14-17,Female,2024-09-05
B04072,C008,18-21,Male,2024-06-04
B04073,C002,14-17,Female,2026-01-07
B04074,C010,18-21,Male,2026-04-09
B04075,C001,10-13,Female,2026-06-05
B04076,C010,22-25,Male,2025-04-06
B04077,C002,10-13,Male,2024-11-08
B04078,C002,14-17,Female,2024-11-29
B04079,C003,18-21,Male,2025-09-27
B04080,C010,14-17,Female,2024-12-28
B04081,C007,22-25,Male,2024-09-27
B04082,C002,14-17,Female,2024-05-27
B04083,C001,22-25,Female,2026-03-12
B04084,C006,18-21,Male,2026-03-13
B04085,C009,22-25,Male,2025-03-26
B04086,C003,22-25,Female,2024-07-27
B04087,C006,22-25,Female,2025-07-17
B04088,C003,18-21,Male,2024-09-20
B04089,C001,14-17,Female,2025-11-15
B04090,C005,10-13,Male,2026-05-12
B04091,C010,18-21,Male,2026-06-10
B04092,C004,22-25,Female,2025-04-22
B04093,C007,18-21,Female,2025-08-11
B04094,C006,22-25,Female,2024-05-14
B04095,C010,18-21,Male,2026-04-05
B04096,C007,10-13,Male,2026-01-07
B04097,C005,10-13,Female,2024-07-03
B04098,C004,14-17,Male,2024-09-01
B04099,C007,10-13,Male,2024-11-19
B04100,C007,14-17,Male,2025-12-29
B04101,C006,22-25,Female,2026-03-02
B04102,C008,18-21,Male,2026-06-04
B04103,C004,14-17,Male,2026-02-04
B04104,C010,10-13,Female,2025-01-24
B04105,C005,14-17,Female,2026-03-18
B04106,C004,14-17,Male,2026-05-29
B04107,C001,14-17,Female,2026-01-11
B04108,C008,10-13,Male,2025-02-25
B04109,C001,14-17,Male,2026-04-23
B04110,C005,10-13,Female,2025-10-21
B04111,C006,22-25,Male,2024-05-11
B04112,C006,10-13,Male,2025-07-29
B04113,C005,10-13,Female,2024-12-30
B04114,C003,10-13,Female,2026-02-03
B04115,C005,14-17,Female,2025-04-15
B04116,C008,18-21,Male,2024-12-02
B04117,C002,18-21,Male,2025-08-13
B04118,C006,14-17,Male,2025-11-01
B04119,C009,18-21,Male,2025-09-15
B04120,C008,14-17,Male,2025-12-25
B04121,C008,18-21,Female,2025-02-06
B04122,C008,10-13,Male,2025-10-07
B04123,C007,14-17,Male,2026-03-02
B04124,C008,18-21,Female,2025-03-28
B04125,C006,18-21,Male,2024-12-23
B04126,C002,18-21,Other,2025-12-21
B04127,C002,10-13,Male,2025-01-04
B04128,C008,10-13,Female,2024-06-01
B04129,C001,22-25,Female,2026-03-20
B04130,C006,10-13,Female,2024-05-30
B04131,C006,10-13,Male,2026-04-25
B04132,C004,10-13,Female,2025-12-25
B04133,C010,14-17,Male,2025-10-13
B04134,C003,10-13,Male,2025-12-29
B04135,C003,14-17,Male,2025-07-25
B04136,C001,14-17,Male,2025-09-24
B04137,C003,22-25,Male,2024-05-19
B04138,C004,10-13,Male,2025-09-05
B04139,C005,14-17,Male,2024-05-31
B04140,C003,14-17,Female,2024-10-04
B04141,C006,14-17,Male,2024-07-19
B04142,C005,14-17,Female,2026-05-01
B04143,C003,18-21,Other,2026-02-12
B04144,C006,10-13,Male,2026-01-09
B04145,C006,18-21,Female,2024-12-27
B04146,C008,14-17,Female,2025-06-09
B04147,C002,10-13,Male,2026-05-05
B04148,C001,22-25,Male,2026-05-21
B04149,C004,18-21,Female,2024-06-16
B04150,C007,10-13,Female,2024-12-31
B04151,C010,10-13,Female,2026-01-04
B04152,C003,10-13,Male,2026-02-05
B04153,C003,14-17,Female,2026-01-12
B04154,C005,10-13,Male,2024-12-23
B04155,C005,10-13,Male,2025-12-27
B04156,C010,10-13,Male,2024-12-23
B04157,C003,18-21,Male,2026-03-10
B04158,C009,18-21,Female,2024-07-27
B04159,C004,18-21,Female,2025-12-01
B04160,C003,10-13,Female,2025-10-20
B04161,C002,22-25,Male,2025-12-29
B04162,C010,18-21,Female,2024-08-18
B04163,C009,22-25,Female,2024-06-07
B04164,C004,14-17,Male,2025-06-25
B04165,C003,14-17,Female,2026-05-25
B04166,C007,18-21,Female,2026-04-20
B04167,C008,10-13,Female,2024-06-21
B04168,C002,14-17,Male,2024-10-29
B04169,C007,18-21,Female,2026-01-24
B04170,C005,18-21,Female,2024-06-15
B04171,C005,22-25,Male,2026-06-14
B04172,C003,18-21,Female,2026-02-23
B04173,C005,10-13,Male,2026-01-08
B04174,C002,10-13,Female,2025-12-27
B04175,C004,14-17,Female,2024-12-08
B04176,C006,14-17,Female,2025-09-03
B04177,C001,10-13,Female,2024-11-16
B04178,C010,10-13,Male,2025-08-09
B04179,C004,14-17,Male,2025-01-14
B04180,C006,18-21,Female,2024-05-12
B04181,C009,22-25,Male,2024-04-26
B04182,C002,18-21,Male,2025-10-25
B04183,C007,18-21,Male,2025-01-09
B04184,C006,14-17,Male,2024-09-07
B04185,C002,22-25,Female,2024-04-18
B04186,C008,18-21,Female,2025-01-27
B04187,C007,18-21,Male,2025-05-31
B04188,C005,22-25,Male,2025-12-15
B04189,C005,22-25,Male,2026-04-30
B04190,C007,14-17,Male,2026-03-18
B04191,C009,10-13,Male,2025-04-01
B04192,C009,10-13,Male,2024-06-20
B04193,C009,10-13,Female,2025-06-16
B04194,C006,10-13,Female,2026-03-23
B04195,C010,10-13,Male,2024-12-27
B04196,C006,14-17,Female,2025-11-27
B04197,C003,14-17,Female,2024-09-02
B04198,C001,18-21,Male,2026-06-06
B04199,C007,10-13,Male,2024-10-10
B04200,C004,18-21,Female,2026-04-16
B04201,C001,18-21,Male,2026-01-19
B04202,C008,14-17,Female,2024-05-13
B04203,C006,22-25,Female,2026-03-30
B04204,C006,10-13,Male,2025-10-08
B04205,C002,10-13,Female,2024-04-16
B04206,C001,14-17,Female,2025-03-30
B04207,C002,10-13,Male,2024-12-02
B04208,C004,14-17,Male,2025-03-04
B04209,C002,14-17,Female,2025-12-06
B04210,C001,14-17,Female,2024-10-19
B04211,C007,10-13,Female,2024-11-16
B04212,C008,14-17,Female,2025-09-14
B04213,C006,14-17,Male,2024-04-29
B04214,C004,14-17,Male,2025-04-27
B04215,C006,10-13,Male,2024-12-05
B04216,C003,10-13,Male,2025-06-19
B04217,C008,10-13,Female,2026-05-25
B04218,C010,10-13,Other,2024-06-01
B04219,C002,22-25,Female,2025-05-03
B04220,C005,10-13,Female,2025-06-05
B04221,C001,18-21,Male,2024-08-13
B04222,C006,22-25,Male,2026-03-20
B04223,C002,10-13,Male,2025-02-24
B04224,C004,14-17,Female,2024-11-13
B04225,C006,22-25,Male,2025-12-13
B04226,C010,18-21,Female,2024-10-10
B04227,C008,14-17,Female,2026-04-15
B04228,C008,18-21,Male,2025-05-13
B04229,C006,18-21,Male,2024-06-18
B04230,C004,14-17,Female,2025-08-20
B04231,C008,22-25,Male,2025-05-26
B04232,C008,14-17,Female,2025-02-14
B04233,C010,14-17,Female,2025-11-03
B04234,C001,22-25,Male,2026-01-13
B04235,C004,18-21,Male,2024-11-06
B04236,C004,14-17,Male,2024-09-11
B04237,C007,10-13,Female,2026-01-27
B04238,C007,18-21,Male,2026-05-27
B04239,C008,18-21,Female,2026-03-28
B04240,C005,18-21,Female,2024-07-26
B04241,C007,22-25,Female,2026-01-06
B04242,C008,18-21,Male,2025-06-12
B04243,C009,14-17,Female,2024-07-08
B04244,C003,10-13,Female,2026-05-30
B04245,C003,14-17,Female,2024-07-17
B04246,C004,18-21,Female,2026-04-09
B04247,C005,14-17,Female,2025-02-21
B04248,C010,14-17,Female,2024-08-18
B04249,C001,14-17,Male,2026-04-30
B04250,C007,14-17,Female,2025-10-27
B04251,C009,10-13,Male,2026-06-23
B04252,C008,14-17,Female,2025-01-27
B04253,C005,10-13,Female,2024-10-14
B04254,C004,14-17,Male,2024-07-28
B04255,C007,14-17,Female,2024-12-18
B04256,C005,14-17,Female,2025-02-19
B04257,C007,10-13,Male,2025-06-23
B04258,C001,18-21,Female,2025-01-05
B04259,C001,14-17,Male,2026-01-16
B04260,C010,18-21,Female,2024-07-23
B04261,C003,18-21,Female,2026-01-16
B04262,C002,14-17,Female,2024-10-13
B04263,C002,14-17,Female,2026-03-24
B04264,C007,22-25,Female,2026-04-27
B04265,C010,18-21,Male,2024-07-17
B04266,C002,22-25,Male,2026-01-15
B04267,C004,18-21,Female,2026-02-17
B04268,C002,10-13,Female,2025-03-01
B04269,C006,10-13,Female,2024-11-27
B04270,C008,14-17,Female,2024-12-29
B04271,C010,14-17,Female,2026-02-04
B04272,C004,10-13,Male,2024-09-06
B04273,C005,18-21,Female,2025-01-04
B04274,C004,14-17,Male,2024-08-27
B04275,C003,14-17,Male,2025-05-05
B04276,C005,18-21,Female,2024-06-16
B04277,C009,18-21,Female,2025-04-17
B04278,C008,14-17,Male,2024-07-31
B04279,C008,18-21,Female,2026-03-15
B04280,C008,18-21,Female,2025-05-11
B04281,C008,14-17,Female,2025-02-25
B04282,C007,10-13,Female,2025-11-14
B04283,C008,10-13,Male,2024-11-30
B04284,C008,14-17,Female,2025-11-28
B04285,C008,14-17,Female,2024-05-12
B04286,C010,22-25,Female,2025-04-02
B04287,C007,18-21,Female,2025-04-24
B04288,C001,18-21,Male,2026-01-29
B04289,C004,22-25,Male,2026-03-19
B04290,C004,22-25,Female,2024-06-29
B04291,C005,14-17,Female,2025-10-31
B04292,C010,10-13,Female,2024-11-14
B04293,C006,18-21,Male,2026-05-18
B04294,C004,14-17,Male,2024-08-10
B04295,C002,14-17,Male,2025-03-08
B04296,C006,18-21,Female,2025-10-08
B04297,C008,22-25,Male,2026-01-10
B04298,C008,14-17,Female,2024-12-06
B04299,C007,18-21,Male,2025-05-08
B04300,C006,10-13,Female,2025-02-16
B04301,C002,18-21,Male,2025-07-11
B04302,C007,10-13,Male,2024-08-14
B04303,C005,22-25,Female,2025-03-06
B04304,C006,10-13,Female,2024-11-29
B04305,C010,18-21,Male,2024-06-09
B04306,C008,10-13,Female,2025-11-20
B04307,C008,10-13,Male,2025-09-20
B04308,C003,14-17,Male,2025-06-13
B04309,C007,14-17,Male,2024-05-25
B04310,C001,10-13,Male,2025-09-15
B04311,C001,14-17,Female,2026-02-08
B04312,C007,18-21,Male,2025-07-09
B04313,C010,18-21,Female,2025-01-01
B04314,C009,10-13,Male,2024-06-25
B04315,C007,18-21,Female,2026-03-10
B04316,C010,10-13,Male,2026-04-20
B04317,C005,14-17,Male,2025-06-08
B04318,C008,10-13,Male,2025-06-16
B04319,C002,14-17,Female,2026-06-01
B04320,C009,10-13,Female,2026-04-25
B04321,C006,22-25,Female,2024-09-18
B04322,C009,14-17,Male,2025-01-16
B04323,C002,10-13,Female,2025-07-13
B04324,C003,10-13,Female,2025-01-05
B04325,C008,22-25,Male,2024-12-07
B04326,C001,18-21,Male,2026-03-24
B04327,C010,18-21,Female,2026-03-28
B04328,C007,22-25,Female,2025-02-25
B04329,C007,22-25,Male,2024-08-04
B04330,C001,18-21,Female,2025-09-27
B04331,C009,10-13,Female,2026-02-23
B04332,C008,18-21,Female,2024-10-12
B04333,C004,10-13,Male,2026-03-15
B04334,C010,18-21,Female,2025-08-16
B04335,C005,18-21,Male,2025-01-24
B04336,C002,18-21,Male,2025-08-03
B04337,C009,14-17,Female,2024-07-29
B04338,C006,18-21,Male,2024-11-29
B04339,C003,22-25,Male,2026-03-30
B04340,C007,10-13,Male,2024-04-05
B04341,C009,14-17,Male,2024-09-05
B04342,C003,14-17,Male,2025-07-04
B04343,C002,22-25,Male,2024-09-03
B04344,C007,10-13,Female,2024-09-19
B04345,C007,10-13,Male,2024-11-23
B04346,C004,10-13,Other,2024-07-08
B04347,C009,10-13,Male,2026-02-15
B04348,C008,22-25,Male,2025-07-07
B04349,C001,18-21,Female,2026-06-02
B04350,C001,18-21,Male,2024-11-22
B04351,C005,14-17,Female,2024-10-22
B04352,C006,18-21,Female,2026-04-20
B04353,C003,10-13,Male,2026-05-25
B04354,C009,14-17,Female,2024-12-12
B04355,C010,14-17,Male,2025-09-12
B04356,C006,10-13,Other,2026-05-29
B04357,C004,14-17,Female,2024-05-03
B04358,C007,14-17,Female,2024-07-17
B04359,C008,10-13,Male,2024-07-06
B04360,C009,10-13,Male,2024-09-06
B04361,C006,18-21,Male,2026-06-27
B04362,C006,10-13,Male,2025-02-22
B04363,C008,22-25,Female,2024-07-14
B04364,C005,10-13,Female,2024-05-10
B04365,C003,18-21,Male,2026-03-10
B04366,C003,22-25,Female,2025-12-12
B04367,C006,22-25,Female,2026-06-08
B04368,C002,18-21,Female,2026-06-12
B04369,C006,14-17,Male,2025-05-10
B04370,C006,14-17,Male,2025-12-10
B04371,C008,14-17,Female,2024-10-22
B04372,C007,10-13,Female,2024-05-19
B04373,C008,10-13,Female,2024-04-17
B04374,C009,18-21,Female,2026-04-30
B04375,C006,14-17,Male,2026-03-12
B04376,C003,14-17,Female,2024-10-21
B04377,C010,22-25,Male,2024-07-28
B04378,C003,18-21,Female,2025-11-01
B04379,C001,18-21,Female,2024-05-07
B04380,C005,18-21,Female,2026-01-14
B04381,C004,10-13,Female,2026-04-20
B04382,C009,14-17,Female,2025-11-22
B04383,C009,22-25,Male,2026-03-03
B04384,C005,22-25,Male,2025-10-01
B04385,C010,22-25,Female,2025-03-06
B04386,C004,14-17,Male,2026-01-04
B04387,C007,18-21,Male,2026-05-12
B04388,C006,10-13,Male,2025-05-20
B04389,C004,10-13,Female,2024-12-31
B04390,C010,14-17,Male,2026-03-29
B04391,C002,14-17,Female,2026-06-12
B04392,C001,10-13,Female,2024-10-08
B04393,C004,14-17,Other,2025-02-22
B04394,C004,10-13,Male,2025-06-15
B04395,C001,14-17,Female,2026-05-13
B04396,C006,18-21,Other,2026-01-16
B04397,C004,18-21,Female,2025-04-23
B04398,C001,10-13,Female,2025-08-20
B04399,C001,14-17,Female,2024-09-08
B04400,C001,18-21,Male,2025-12-06
B04401,C008,14-17,Female,2026-03-01
B04402,C010,14-17,Male,2024-12-01
B04403,C008,18-21,Male,2025-10-06
B04404,C002,22-25,Other,2024-04-02
B04405,C007,10-13,Male,2024-04-21
B04406,C008,14-17,Male,2026-03-21
B04407,C008,14-17,Female,2025-06-15
B04408,C010,14-17,Other,2026-01-29
B04409,C007,10-13,Male,2024-09-15
B04410,C005,10-13,Female,2024-10-20
B04411,C001,14-17,Male,2026-01-23
B04412,C009,22-25,Male,2025-06-02
B04413,C007,18-21,Male,2026-04-03
B04414,C002,18-21,Male,2025-09-04
B04415,C006,18-21,Male,2025-01-30
B04416,C002,10-13,Male,2025-09-11
B04417,C001,18-21,Female,2026-05-02
B04418,C007,14-17,Female,2025-11-23
B04419,C002,14-17,Female,2026-05-12
B04420,C002,18-21,Female,2025-09-16
B04421,C005,18-21,Male,2026-03-12
B04422,C005,18-21,Female,2026-05-04
B04423,C007,10-13,Female,2025-06-03
B04424,C001,22-25,Male,2025-04-05
B04425,C008,22-25,Male,2025-08-22
B04426,C003,14-17,Female,2024-10-17
B04427,C004,10-13,Female,2026-06-18
B04428,C009,10-13,Female,2024-12-02
B04429,C004,22-25,Male,2025-01-29
B04430,C010,14-17,Male,2024-10-01
B04431,C005,14-17,Female,2025-12-08
B04432,C007,14-17,Female,2025-03-13
B04433,C004,10-13,Male,2025-12-13
B04434,C001,18-21,Male,2024-10-30
B04435,C009,14-17,Female,2025-11-13
B04436,C004,22-25,Female,2026-05-14
B04437,C009,18-21,Male,2025-09-04
B04438,C006,18-21,Female,2024-06-02
B04439,C001,14-17,Female,2024-06-19
B04440,C003,10-13,Female,2024-05-17
B04441,C002,14-17,Male,2024-07-20
B04442,C009,14-17,Male,2026-01-27
B04443,C001,10-13,Female,2025-07-17
B04444,C009,22-25,Male,2026-05-12
B04445,C009,14-17,Female,2025-07-01
B04446,C008,10-13,Female,2025-12-26
B04447,C008,10-13,Male,2024-05-12
B04448,C001,14-17,Female,2026-04-07
B04449,C008,22-25,Female,2024-12-13
B04450,C010,10-13,Female,2025-09-13
B04451,C003,14-17,Male,2024-05-25
B04452,C007,18-21,Other,2026-06-09
B04453,C001,14-17,Male,2026-06-28
B04454,C001,10-13,Female,2025-02-05
B04455,C010,10-13,Female,2026-02-23
B04456,C005,14-17,Male,2024-05-02
B04457,C005,10-13,Female,2024-08-16
B04458,C008,10-13,Other,2025-08-03
B04459,C007,18-21,Male,2024-10-11
B04460,C008,10-13,Male,2025-02-25
B04461,C006,18-21,Female,2024-09-01
B04462,C006,18-21,Male,2025-12-29
B04463,C002,14-17,Male,2025-11-26
B04464,C006,14-17,Female,2026-03-20
B04465,C005,10-13,Female,2024-12-17
B04466,C003,18-21,Other,2026-04-30
B04467,C006,14-17,Male,2025-02-18
B04468,C008,18-21,Male,2025-10-21
B04469,C009,10-13,Male,2026-04-12
B04470,C001,22-25,Female,2025-08-27
B04471,C003,10-13,Female,2025-05-24
B04472,C003,14-17,Male,2025-12-23
B04473,C008,14-17,Male,2024-10-26
B04474,C001,10-13,Female,2024-09-21
B04475,C005,14-17,Female,2025-04-09
B04476,C003,18-21,Male,2026-06-16
B04477,C002,18-21,Female,2025-09-16
B04478,C008,22-25,Male,2025-09-29
B04479,C003,14-17,Female,2025-08-25
B04480,C007,18-21,Female,2025-06-07
B04481,C001,10-13,Female,2024-11-29
B04482,C006,14-17,Male,2024-04-23
B04483,C003,10-13,Male,2026-03-23
B04484,C008,14-17,Female,2025-01-30
B04485,C006,14-17,Male,2025-10-25
B04486,C002,14-17,Female,2025-01-10
B04487,C006,14-17,Other,2024-08-18
B04488,C007,22-25,Other,2024-09-02
B04489,C005,14-17,Female,2024-08-29
B04490,C003,22-25,Female,2024-09-14
B04491,C004,18-21,Other,2025-09-01
B04492,C004,14-17,Male,2025-11-20
B04493,C006,18-21,Male,2026-01-15
B04494,C010,10-13,Male,2026-01-30
B04495,C001,18-21,Male,2025-06-17
B04496,C004,14-17,Female,2026-04-30
B04497,C010,22-25,Female,2024-12-21
B04498,C004,18-21,Female,2024-12-13
B04499,C010,18-21,Female,2025-06-06
B04500,C001,18-21,Female,2025-06-26
B04501,C009,14-17,Female,2025-07-18
B04502,C004,10-13,Male,2025-07-03
B04503,C007,14-17,Female,2024-04-23
B04504,C003,14-17,Male,2025-07-13
B04505,C010,10-13,Female,2024-04-09
B04506,C003,22-25,Male,2026-03-21
B04507,C008,14-17,Female,2025-02-24
B04508,C008,22-25,Female,2025-07-20
B04509,C001,18-21,Female,2025-06-19
B04510,C010,14-17,Female,2025-03-30
B04511,C002,22-25,Female,2024-05-20
B04512,C008,14-17,Male,2025-09-17
B04513,C001,22-25,Male,2024-06-11
B04514,C008,14-17,Female,2025-05-11
B04515,C008,14-17,Male,2024-07-16
B04516,C002,14-17,Male,2026-01-19
B04517,C004,14-17,Female,2025-12-11
B04518,C006,14-17,Male,2026-04-21
B04519,C009,14-17,Male,2025-02-23
B04520,C008,14-17,Male,2026-04-21
B04521,C008,22-25,Male,2024-09-12
B04522,C007,14-17,Female,2025-12-19
B04523,C009,14-17,Female,2026-03-24
B04524,C002,18-21,Female,2026-02-23
B04525,C003,18-21,Male,2025-06-10
B04526,C010,22-25,Female,2024-09-29
B04527,C008,14-17,Male,2025-08-04
B04528,C006,10-13,Female,2024-06-18
B04529,C010,14-17,Female,2024-09-08
B04530,C009,14-17,Female,2024-11-23
B04531,C010,22-25,Female,2024-05-02
B04532,C004,14-17,Male,2025-04-24
B04533,C008,22-25,Male,2025-05-07
B04534,C010,14-17,Female,2024-09-09
B04535,C003,22-25,Male,2026-02-10
B04536,C003,10-13,Male,2024-04-25
B04537,C008,22-25,Male,2025-04-05
B04538,C005,22-25,Male,2024-06-01
B04539,C003,22-25,Female,2025-05-16
B04540,C010,10-13,Female,2026-05-17
B04541,C001,10-13,Male,2025-05-07
B04542,C003,18-21,Male,2025-02-21
B04543,C009,10-13,Female,2025-07-28
B04544,C005,10-13,Female,2026-01-07
B04545,C010,10-13,Other,2026-04-29
B04546,C002,14-17,Female,2026-04-09
B04547,C007,14-17,Female,2025-04-17
B04548,C002,10-13,Female,2025-07-06
B04549,C004,10-13,Female,2025-10-21
B04550,C007,14-17,Male,2024-12-26
B04551,C004,14-17,Female,2024-11-12
B04552,C007,10-13,Male,2024-11-01
B04553,C007,14-17,Female,2024-11-22
B04554,C001,22-25,Female,2025-12-11
B04555,C006,22-25,Female,2024-05-10
B04556,C009,22-25,Male,2024-05-16
B04557,C002,22-25,Female,2025-01-28
B04558,C003,14-17,Male,2025-04-07
B04559,C010,18-21,Male,2026-05-11
B04560,C005,14-17,Male,2024-06-16
B04561,C009,18-21,Male,2025-12-25
B04562,C004,14-17,Male,2025-02-23
B04563,C001,14-17,Female,2026-05-14
B04564,C004,14-17,Female,2024-12-10
B04565,C006,10-13,Male,2025-10-30
B04566,C005,18-21,Male,2024-04-01
B04567,C001,10-13,Other,2025-02-15
B04568,C004,14-17,Female,2024-09-04
B04569,C006,10-13,Male,2026-06-14
B04570,C010,14-17,Female,2024-12-28
B04571,C010,10-13,Female,2025-08-30
B04572,C004,22-25,Male,2026-04-16
B04573,C009,14-17,Male,2024-09-02
B04574,C005,14-17,Female,2026-03-01
B04575,C008,14-17,Male,2025-01-17
B04576,C009,18-21,Female,2024-05-16
B04577,C010,18-21,Male,2026-04-11
B04578,C005,18-21,Female,2024-10-14
B04579,C006,18-21,Female,2025-10-19
B04580,C001,22-25,Male,2025-06-25
B04581,C007,18-21,Female,2025-03-13
B04582,C004,18-21,Other,2025-07-18
B04583,C002,10-13,Female,2026-01-04
B04584,C005,18-21,Female,2026-02-10
B04585,C003,14-17,Male,2024-11-21
B04586,C006,18-21,Female,2024-10-01
B04587,C008,18-21,Male,2025-11-14
B04588,C007,18-21,Male,2024-09-09
B04589,C003,18-21,Male,2026-02-24
B04590,C008,10-13,Male,2026-01-27
B04591,C002,10-13,Male,2026-04-28
B04592,C010,10-13,Female,2025-03-09
B04593,C009,22-25,Female,2024-08-18
B04594,C004,18-21,Male,2025-12-28
B04595,C001,18-21,Male,2025-01-29
B04596,C008,18-21,Female,2024-06-24
B04597,C007,18-21,Male,2026-06-17
B04598,C005,22-25,Male,2025-03-28
B04599,C010,18-21,Female,2025-08-08
B04600,C005,18-21,Male,2025-05-20
B04601,C007,18-21,Male,2025-12-05
B04602,C005,10-13,Female,2026-05-26
B04603,C008,18-21,Female,2026-03-09
B04604,C006,14-17,Male,2024-08-05
B04605,C005,10-13,Female,2025-08-10
B04606,C009,18-21,Female,2024-12-03
B04607,C002,14-17,Male,2024-12-21
B04608,C001,22-25,Male,2025-12-24
B04609,C008,14-17,Male,2024-11-28
B04610,C003,14-17,Male,2026-03-26
B04611,C007,14-17,Male,2026-06-03
B04612,C010,10-13,Male,2024-08-08
B04613,C008,14-17,Male,2025-12-28
B04614,C006,14-17,Female,2025-05-16
B04615,C010,10-13,Female,2024-06-29
B04616,C009,14-17,Female,2026-04-26
B04617,C007,10-13,Female,2024-11-12
B04618,C010,18-21,Female,2026-03-24
B04619,C005,10-13,Female,2024-04-08
B04620,C008,14-17,Male,2024-04-14
B04621,C002,18-21,Male,2025-07-13
B04622,C007,14-17,Female,2024-04-15
B04623,C004,22-25,Male,2026-02-18
B04624,C009,18-21,Male,2025-05-26
B04625,C001,18-21,Female,2024-10-26
B04626,C007,10-13,Female,2024-05-07
B04627,C006,18-21,Female,2024-05-27
B04628,C008,18-21,Male,2024-05-16
B04629,C005,14-17,Male,2024-05-23
B04630,C001,10-13,Female,2024-06-13
B04631,C001,14-17,Male,2025-08-16
B04632,C009,18-21,Male,2024-08-04
B04633,C010,14-17,Female,2024-09-20
B04634,C006,18-21,Female,2026-01-27
B04635,C010,10-13,Female,2024-11-18
B04636,C005,18-21,Female,2026-06-18
B04637,C001,10-13,Male,2025-08-11
B04638,C006,10-13,Male,2026-01-11
B04639,C006,14-17,Male,2025-10-02
B04640,C003,10-13,Female,2024-07-25
B04641,C008,10-13,Female,2025-04-10
B04642,C001,10-13,Male,2025-10-07
B04643,C001,14-17,Female,2024-04-03
B04644,C006,22-25,Male,2024-10-22
B04645,C010,18-21,Female,2025-01-12
B04646,C001,14-17,Female,2025-11-01
B04647,C006,10-13,Male,2024-04-22
B04648,C001,14-17,Male,2025-12-07
B04649,C006,18-21,Male,2024-08-19
B04650,C003,14-17,Male,2026-05-03
B04651,C008,10-13,Male,2024-05-16
B04652,C006,10-13,Female,2025-07-14
B04653,C001,18-21,Male,2024-04-08
B04654,C005,14-17,Female,2026-05-30
B04655,C008,18-21,Male,2025-11-04
B04656,C003,14-17,Male,2025-09-16
B04657,C006,10-13,Male,2024-09-11
B04658,C005,14-17,Female,2025-03-13
B04659,C006,14-17,Male,2025-05-19
B04660,C010,10-13,Female,2025-11-14
B04661,C001,10-13,Female,2025-02-11
B04662,C007,10-13,Female,2025-03-07
B04663,C009,10-13,Female,2024-12-12
B04664,C002,14-17,Male,2026-05-11
B04665,C010,22-25,Female,2025-03-15
B04666,C005,14-17,Female,2026-04-13
B04667,C010,18-21,Other,2025-02-21
B04668,C004,14-17,Male,2026-02-18
B04669,C006,14-17,Female,2024-07-13
B04670,C006,10-13,Male,2025-02-03
B04671,C002,14-17,Male,2025-04-10
B04672,C002,14-17,Female,2026-02-13
B04673,C004,10-13,Other,2025-03-17
B04674,C001,18-21,Female,2024-06-27
B04675,C009,14-17,Female,2025-11-14
B04676,C007,14-17,Male,2025-02-01
B04677,C007,10-13,Male,2024-10-15
B04678,C003,14-17,Female,2026-03-28
B04679,C003,18-21,Male,2024-07-12
B04680,C001,14-17,Female,2024-11-23
B04681,C003,10-13,Male,2024-12-27
B04682,C003,14-17,Male,2025-08-22
B04683,C004,10-13,Female,2024-07-24
B04684,C004,18-21,Male,2025-04-13
B04685,C003,14-17,Female,2024-11-26
B04686,C010,10-13,Male,2026-01-01
B04687,C008,10-13,Male,2026-03-08
B04688,C008,18-21,Female,2025-09-30
B04689,C001,14-17,Male,2025-10-21
B04690,C007,10-13,Female,2024-04-21
B04691,C002,18-21,Male,2025-01-18
B04692,C001,14-17,Male,2025-12-01
B04693,C003,14-17,Female,2025-09-25
B04694,C004,10-13,Female,2024-06-11
B04695,C006,18-21,Male,2024-06-06
B04696,C010,14-17,Female,2025-12-09
B04697,C005,22-25,Female,2025-12-24
B04698,C004,18-21,Male,2025-10-27
B04699,C008,10-13,Male,2024-05-01
B04700,C004,14-17,Female,2025-10-31
B04701,C010,14-17,Male,2026-05-14
B04702,C002,14-17,Male,2025-06-05
B04703,C003,18-21,Female,2026-06-03
B04704,C006,14-17,Male,2025-12-06
B04705,C008,10-13,Female,2025-12-20
B04706,C008,18-21,Female,2025-04-19
B04707,C009,10-13,Female,2025-06-22
B04708,C007,18-21,Female,2026-04-09
B04709,C002,18-21,Male,2025-04-06
B04710,C008,14-17,Male,2026-03-04
B04711,C007,14-17,Male,2025-09-20
B04712,C008,18-21,Female,2025-01-06
B04713,C003,18-21,Male,2025-11-26
B04714,C007,14-17,Male,2026-03-08
B04715,C010,14-17,Other,2024-04-04
B04716,C009,14-17,Other,2025-03-01
B04717,C003,10-13,Male,2025-09-21
B04718,C010,10-13,Male,2024-07-15
B04719,C006,10-13,Female,2025-11-13
B04720,C002,10-13,Female,2024-06-01
B04721,C002,14-17,Male,2026-03-15
B04722,C005,22-25,Male,2025-01-18
B04723,C005,18-21,Female,2026-01-30
B04724,C007,10-13,Female,2024-06-19
B04725,C002,14-17,Female,2026-05-18
B04726,C007,14-17,Male,2025-01-10
B04727,C005,10-13,Male,2026-02-22
B04728,C006,22-25,Female,2026-05-14
B04729,C008,14-17,Male,2025-03-06
B04730,C010,22-25,Male,2025-04-19
B04731,C004,14-17,Male,2025-02-27
B04732,C007,14-17,Female,2025-06-12
B04733,C006,10-13,Female,2024-11-28
B04734,C010,14-17,Female,2025-09-20
B04735,C002,10-13,Female,2024-06-30
B04736,C008,18-21,Female,2025-10-18
B04737,C010,18-21,Female,2026-01-29
B04738,C009,18-21,Male,2024-07-30
B04739,C005,18-21,Male,2025-12-07
B04740,C010,18-21,Female,2026-03-31
B04741,C004,10-13,Male,2024-06-07
B04742,C006,14-17,Female,2025-11-01
B04743,C008,18-21,Male,2025-03-07
B04744,C003,18-21,Male,2024-09-22
B04745,C010,18-21,Female,2025-06-09
B04746,C001,10-13,Female,2025-02-15
B04747,C004,10-13,Female,2025-03-13
B04748,C004,22-25,Female,2025-04-01
B04749,C001,14-17,Male,2024-12-07
B04750,C009,10-13,Male,2024-08-13
B04751,C003,18-21,Female,2024-10-23
B04752,C005,22-25,Male,2024-07-20
B04753,C006,10-13,Male,2025-09-12
B04754,C008,18-21,Male,2026-01-07
B04755,C006,22-25,Male,2025-01-15
B04756,C003,22-25,Female,2025-06-30
B04757,C006,22-25,Female,2024-12-06
B04758,C001,14-17,Female,2025-09-12
B04759,C004,14-17,Female,2024-10-21
B04760,C006,10-13,Male,2025-01-18
B04761,C007,10-13,Male,2024-11-22
B04762,C010,14-17,Male,2025-11-06
B04763,C003,14-17,Male,2025-06-15
B04764,C009,10-13,Male,2026-05-10
B04765,C007,14-17,Male,2025-08-19
B04766,C001,10-13,Female,2025-04-03
B04767,C002,18-21,Female,2025-02-15
B04768,C001,14-17,Female,2024-11-17
B04769,C009,14-17,Female,2026-03-09
B04770,C009,14-17,Male,2024-11-09
B04771,C007,10-13,Male,2025-05-07
B04772,C010,22-25,Male,2025-12-26
B04773,C003,14-17,Male,2025-01-15
B04774,C005,14-17,Male,2025-12-26
B04775,C004,10-13,Male,2025-07-18
B04776,C007,14-17,Female,2024-07-20
B04777,C009,10-13,Female,2025-11-08
B04778,C002,14-17,Female,2024-06-15
B04779,C008,14-17,Male,2024-08-23
B04780,C009,22-25,Female,2024-07-13
B04781,C010,18-21,Female,2026-04-01
B04782,C010,10-13,Female,2025-01-04
B04783,C009,10-13,Male,2026-01-18
B04784,C010,14-17,Female,2026-06-05
B04785,C007,10-13,Female,2024-04-01
B04786,C009,10-13,Male,2025-02-05
B04787,C009,18-21,Male,2026-05-12
B04788,C003,10-13,Male,2025-06-23
B04789,C004,18-21,Female,2024-07-09
B04790,C002,10-13,Female,2025-07-10
B04791,C010,22-25,Male,2026-06-06
B04792,C003,14-17,Male,2025-06-14
B04793,C005,18-21,Female,2024-09-09
B04794,C005,10-13,Male,2026-05-05
B04795,C006,18-21,Male,2025-05-31
B04796,C007,18-21,Male,2026-03-20
B04797,C007,18-21,Female,2024-11-11
B04798,C001,14-17,Female,2026-02-18
B04799,C002,18-21,Male,2025-09-08
B04800,C009,10-13,Female,2026-04-25
B04801,C010,14-17,Female,2024-10-25
B04802,C002,18-21,Male,2025-06-18
B04803,C006,14-17,Female,2025-12-05
B04804,C001,10-13,Male,2025-11-28
B04805,C003,14-17,Female,2026-04-15
B04806,C002,18-21,Male,2026-04-03
B04807,C003,10-13,Female,2026-03-26
B04808,C005,10-13,Male,2024-10-29
B04809,C010,10-13,Female,2026-06-27
B04810,C006,18-21,Male,2025-07-02
B04811,C009,10-13,Female,2024-06-05
B04812,C010,18-21,Male,2026-05-11
B04813,C004,14-17,Female,2025-07-21
B04814,C007,18-21,Female,2025-02-18
B04815,C006,22-25,Male,2026-01-08
B04816,C002,10-13,Female,2026-05-26
B04817,C010,14-17,Male,2025-08-21
B04818,C008,18-21,Female,2025-02-22
B04819,C007,10-13,Female,2025-05-11
B04820,C007,10-13,Male,2025-01-02
B04821,C008,18-21,Female,2024-04-18
B04822,C001,22-25,Male,2024-05-03
B04823,C001,14-17,Male,2024-04-05
B04824,C008,10-13,Female,2024-09-24
B04825,C004,14-17,Female,2024-08-17
B04826,C005,10-13,Male,2024-10-06
B04827,C008,18-21,Male,2025-01-09
B04828,C005,18-21,Female,2025-04-05
B04829,C010,22-25,Male,2025-03-14
B04830,C004,10-13,Female,2024-04-04
B04831,C006,14-17,Female,2026-02-27
B04832,C005,10-13,Male,2026-06-13
B04833,C007,14-17,Male,2025-01-30
B04834,C010,18-21,Female,2026-06-02
B04835,C007,10-13,Male,2025-08-19
B04836,C004,18-21,Female,2026-01-04
B04837,C005,18-21,Other,2024-04-19
B04838,C003,22-25,Female,2024-09-17
B04839,C004,18-21,Male,2024-12-03
B04840,C004,18-21,Male,2026-06-23
B04841,C003,14-17,Female,2025-02-22
B04842,C010,10-13,Female,2024-12-23
B04843,C005,14-17,Female,2024-10-13
B04844,C005,14-17,Male,2025-10-29
B04845,C007,18-21,Female,2025-12-06
B04846,C004,14-17,Male,2025-03-31
B04847,C004,14-17,Female,2026-04-05
B04848,C009,10-13,Female,2026-02-09
B04849,C006,10-13,Female,2025-06-06
B04850,C004,18-21,Male,2025-08-14
B04851,C002,18-21,Female,2026-02-10
B04852,C006,18-21,Male,2024-12-01
B04853,C002,14-17,Female,2024-06-27
B04854,C005,10-13,Male,2024-05-03
B04855,C006,18-21,Male,2024-09-17
B04856,C004,18-21,Male,2024-04-07
B04857,C003,14-17,Female,2024-08-18
B04858,C007,14-17,Female,2025-06-30
B04859,C002,14-17,Female,2025-11-23
B04860,C006,18-21,Female,2025-02-16
B04861,C004,18-21,Female,2024-05-15
B04862,C006,18-21,Male,2025-10-24
B04863,C004,14-17,Female,2026-01-15
B04864,C004,14-17,Female,2025-08-20
B04865,C004,18-21,Male,2024-05-24
B04866,C009,18-21,Male,2026-01-19
B04867,C007,14-17,Male,2024-09-07
B04868,C003,18-21,Male,2025-06-08
B04869,C003,10-13,Male,2026-04-21
B04870,C006,22-25,Male,2025-07-04
B04871,C006,18-21,Female,2025-09-05
B04872,C004,14-17,Male,2026-02-09
B04873,C009,14-17,Male,2025-07-24
B04874,C004,10-13,Female,2025-08-24
B04875,C009,10-13,Female,2024-10-25
B04876,C004,10-13,Male,2024-09-16
B04877,C002,18-21,Female,2024-12-04
B04878,C002,18-21,Male,2025-01-22
B04879,C005,14-17,Male,2025-10-12
B04880,C004,14-17,Male,2025-05-14
B04881,C007,14-17,Female,2025-01-16
B04882,C005,10-13,Female,2026-03-11
B04883,C006,10-13,Female,2024-05-24
B04884,C010,18-21,Other,2025-05-17
B04885,C004,22-25,Female,2025-11-01
B04886,C002,14-17,Female,2024-06-12
B04887,C010,18-21,Female,2024-06-29
B04888,C009,22-25,Male,2024-11-07
B04889,C010,10-13,Male,2026-04-21
B04890,C007,18-21,Female,2024-09-14
B04891,C004,14-17,Female,2024-12-18
B04892,C003,14-17,Female,2025-07-04
B04893,C010,14-17,Male,2025-11-22
B04894,C003,18-21,Female,2026-06-08
B04895,C009,18-21,Female,2024-05-30
B04896,C005,10-13,Male,2024-09-14
B04897,C003,14-17,Female,2025-01-11
B04898,C005,10-13,Female,2024-09-27
B04899,C002,22-25,Female,2025-10-30
B04900,C004,14-17,Female,2025-02-10
B04901,C010,18-21,Male,2024-08-30
B04902,C002,14-17,Male,2025-02-28
B04903,C002,10-13,Female,2025-11-07
B04904,C008,10-13,Female,2024-07-21
B04905,C001,14-17,Female,2025-05-29
B04906,C007,10-13,Male,2025-03-19
B04907,C005,14-17,Male,2025-11-08
B04908,C008,10-13,Male,2024-11-29
B04909,C001,14-17,Male,2024-05-19
B04910,C007,14-17,Female,2025-04-06
B04911,C005,14-17,Female,2024-12-24
B04912,C004,18-21,Male,2025-12-08
B04913,C007,18-21,Male,2026-06-07
B04914,C010,22-25,Male,2026-06-25
B04915,C002,10-13,Male,2024-11-22
B04916,C001,14-17,Female,2025-02-13
B04917,C001,14-17,Female,2024-12-20
B04918,C001,14-17,Female,2026-06-21
B04919,C005,18-21,Male,2026-03-23
B04920,C010,14-17,Female,2024-08-11
B04921,C007,14-17,Male,2024-10-16
B04922,C002,14-17,Female,2026-04-17
B04923,C010,22-25,Female,2024-04-21
B04924,C008,22-25,Female,2024-10-24
B04925,C004,14-17,Male,2024-11-24
B04926,C003,10-13,Male,2024-12-09
B04927,C010,18-21,Female,2025-08-22
B04928,C008,22-25,Male,2025-12-31
B04929,C002,14-17,Male,2025-06-06
B04930,C003,14-17,Female,2025-06-18
B04931,C003,22-25,Male,2025-05-24
B04932,C010,18-21,Female,2026-06-09
B04933,C001,14-17,Male,2025-08-26
B04934,C006,14-17,Female,2024-10-18
B04935,C002,22-25,Male,2026-06-25
B04936,C001,18-21,Female,2024-10-10
B04937,C002,18-21,Male,2025-03-22
B04938,C006,18-21,Female,2024-04-28
B04939,C004,10-13,Female,2024-05-29
B04940,C006,18-21,Male,2026-04-10
B04941,C009,10-13,Male,2025-07-01
B04942,C010,22-25,Male,2025-11-24
B04943,C010,14-17,Male,2024-12-10
B04944,C008,18-21,Female,2026-02-01
B04945,C001,10-13,Male,2025-03-01
B04946,C008,14-17,Female,2025-12-13
B04947,C009,10-13,Female,2026-02-23
B04948,C006,18-21,Male,2026-02-23
B04949,C010,18-21,Female,2024-07-06
B04950,C005,18-21,Male,2025-08-05
B04951,C006,14-17,Male,2025-12-13
B04952,C006,10-13,Male,2024-06-13
B04953,C009,22-25,Female,2024-07-15
B04954,C004,18-21,Male,2024-11-03
B04955,C002,18-21,Female,2025-04-01
B04956,C009,18-21,Male,2024-07-14
B04957,C002,18-21,Other,2024-08-06
B04958,C010,14-17,Female,2025-08-28
B04959,C009,18-21,Male,2025-03-13
B04960,C002,18-21,Female,2024-07-16
B04961,C008,18-21,Female,2025-10-30
B04962,C009,18-21,Male,2025-12-26
B04963,C010,10-13,Male,2024-12-23
B04964,C009,14-17,Male,2025-11-05
B04965,C010,10-13,Female,2024-08-30
B04966,C009,10-13,Female,2024-08-05
B04967,C002,14-17,Male,2025-10-23
B04968,C004,22-25,Male,2026-01-23
B04969,C007,10-13,Female,2024-09-09
B04970,C002,14-17,Female,2024-12-26
B04971,C001,22-25,Female,2025-10-11
B04972,C003,18-21,Female,2025-08-11
B04973,C004,14-17,Male,2026-06-19
B04974,C008,18-21,Male,2026-01-24
B04975,C006,14-17,Male,2024-06-16
B04976,C002,10-13,Female,2024-12-08
B04977,C009,10-13,Male,2024-06-18
B04978,C002,10-13,Male,2024-07-22
B04979,C005,14-17,Female,2024-11-26
B04980,C004,22-25,Male,2025-07-14
B04981,C007,18-21,Male,2025-02-13
B04982,C008,14-17,Female,2024-10-04
B04983,C005,14-17,Male,2026-05-14
B04984,C010,10-13,Male,2025-03-09
B04985,C005,18-21,Female,2024-08-27
B04986,C002,18-21,Male,2024-10-21
B04987,C008,10-13,Male,2024-06-22
B04988,C002,10-13,Female,2026-02-09
B04989,C010,18-21,Male,2025-09-27
B04990,C006,14-17,Female,2025-09-30
B04991,C008,14-17,Male,2026-02-05
B04992,C006,18-21,Male,2026-05-02
B04993,C004,14-17,Male,2025-10-15
B04994,C004,10-13,Male,2025-06-17
B04995,C006,14-17,Male,2025-05-14
B04996,C004,14-17,Male,2026-05-16
B04997,C008,22-25,Female,2025-12-12
B04998,C009,22-25,Male,2024-05-21
B04999,C001,22-25,Other,2026-05-17
B05000,C004,18-21,Male,2025-11-07
