attendance_id,beneficiary_id,program_id,attendance_date,attendance_status
ATN000001,B05390,P0056,2026-08-12,Present
ATN000002,B05406,P0046,2026-07-07,Present
ATN000003,B05171,P0020,2026-07-21,Present
ATN000004,B05480,P0036,2026-07-18,Present
ATN000005,B05080,P0047,2026-08-13,Present
ATN000006,B05017,P0008,2026-08-27,Absent
ATN000007,B05208,P0025,2026-07-14,Present
ATN000008,B05033,P0029,2026-07-04,Present
ATN000009,B05155,P0042,2026-08-09,Late
ATN000010,B05480,P0024,2026-07-25,Present
ATN000011,B05207,P0022,2026-07-25,Present
ATN000012,B05438,P0006,2026-08-24,Absent
ATN000013,B05263,P0067,2026-08-28,Present
ATN000014,B05073,P0042,2026-08-02,Present
ATN000015,B05100,P0061,2026-07-15,Late
ATN000016,B05350,P0063,2026-07-31,Present
ATN000017,B05050,P0048,2026-08-24,Present
ATN000018,B05008,P0043,2026-08-15,Absent
ATN000019,B05076,P0005,2026-08-11,Present
ATN000020,B05187,P0031,2026-08-07,Present
ATN000021,B05358,P0016,2026-07-17,Present
ATN000022,B05060,P0063,2026-07-20,Present
ATN000023,B05004,P0050,2026-08-16,Late
ATN000024,B05019,P0064,2026-07-05,Late
ATN000025,B05140,P0005,2026-07-29,Present
ATN000026,B05419,P0064,2026-08-07,Present
ATN000027,B05445,P0029,2026-08-26,Present
ATN000028,B05396,P0003,2026-07-04,Present
ATN000029,B05186,P0040,2026-08-07,Present
ATN000030,B05030,P0063,2026-08-27,Present
ATN000031,B05398,P0024,2026-08-05,Present
ATN000032,B05233,P0053,2026-07-03,Absent
ATN000033,B05172,P0006,2026-08-11,Present
ATN000034,B05497,P0050,2026-07-07,Absent
ATN000035,B05496,P0020,2026-08-23,Present
ATN000036,B05050,P0025,2026-08-03,Present
ATN000037,B05220,P0029,2026-07-02,Present
ATN000038,B05158,P0061,2026-07-23,Absent
ATN000039,B05393,P0067,2026-08-25,Present
ATN000040,B05096,P0043,2026-08-27,Present
ATN000041,B05414,P0065,2026-07-18,Late
ATN000042,B05398,P0026,2026-07-31,Absent
ATN000043,B05118,P0045,2026-07-12,Present
ATN000044,B05172,P0005,2026-08-16,Late
ATN000045,B05132,P0014,2026-07-13,Present
ATN000046,B05162,P0065,2026-08-12,Late
ATN000047,B05087,P0028,2026-07-06,Present
ATN000048,B05449,P0060,2026-07-06,Absent
ATN000049,B05065,P0025,2026-07-30,Absent
ATN000050,B05017,P0029,2026-08-01,Present
ATN000051,B05307,P0002,2026-07-28,Present
ATN000052,B05260,P0051,2026-08-21,Present
ATN000053,B05247,P0038,2026-08-28,Present
ATN000054,B05191,P0044,2026-08-27,Present
ATN000055,B05428,P0038,2026-07-27,Present
ATN000056,B05117,P0022,2026-08-09,Present
ATN000057,B05242,P0050,2026-08-02,Present
ATN000058,B05394,P0029,2026-08-11,Present
ATN000059,B05019,P0067,2026-07-17,Present
ATN000060,B05321,P0016,2026-07-13,Present
ATN000061,B05252,P0023,2026-07-16,Present
ATN000062,B05129,P0064,2026-07-26,Present
ATN000063,B05289,P0063,2026-07-27,Absent
ATN000064,B05367,P0004,2026-08-26,Present
ATN000065,B05443,P0059,2026-07-28,Present
ATN000066,B05403,P0014,2026-07-25,Present
ATN000067,B05145,P0024,2026-08-29,Absent
ATN000068,B05417,P0066,2026-08-25,Absent
ATN000069,B05475,P0059,2026-08-15,Present
ATN000070,B05244,P0019,2026-08-18,Present
ATN000071,B05075,P0015,2026-07-23,Late
ATN000072,B05375,P0003,2026-08-20,Present
ATN000073,B05269,P0003,2026-07-22,Present
ATN000074,B05178,P0048,2026-08-15,Present
ATN000075,B05202,P0013,2026-07-15,Present
ATN000076,B05101,P0034,2026-08-05,Present
ATN000077,B05301,P0018,2026-07-07,Present
ATN000078,B05205,P0048,2026-07-22,Present
ATN000079,B05138,P0014,2026-07-30,Absent
ATN000080,B05123,P0066,2026-07-10,Present
ATN000081,B05138,P0060,2026-07-25,Present
ATN000082,B05438,P0014,2026-08-14,Present
ATN000083,B05398,P0011,2026-07-19,Present
ATN000084,B05131,P0054,2026-08-04,Absent
ATN000085,B05326,P0055,2026-07-01,Absent
ATN000086,B05283,P0066,2026-08-01,Present
ATN000087,B05392,P0066,2026-08-18,Present
ATN000088,B05127,P0015,2026-08-25,Present
ATN000089,B05155,P0014,2026-07-31,Present
ATN000090,B05492,P0046,2026-08-02,Present
ATN000091,B05336,P0003,2026-08-13,Present
ATN000092,B05313,P0063,2026-08-18,Present
ATN000093,B05289,P0067,2026-07-15,Present
ATN000094,B05140,P0046,2026-08-09,Absent
ATN000095,B05368,P0052,2026-08-12,Present
ATN000096,B05300,P0048,2026-08-08,Present
ATN000097,B05356,P0017,2026-07-12,Present
ATN000098,B05309,P0045,2026-07-20,Present
ATN000099,B05190,P0034,2026-08-22,Present
ATN000100,B05182,P0030,2026-07-01,Present
ATN000101,B05272,P0037,2026-07-07,Present
ATN000102,B05153,P0036,2026-07-09,Present
ATN000103,B05082,P0035,2026-08-24,Present
ATN000104,B05171,P0061,2026-07-22,Present
ATN000105,B05140,P0058,2026-08-16,Present
ATN000106,B05104,P0055,2026-08-15,Present
ATN000107,B05182,P0048,2026-08-16,Absent
ATN000108,B05336,P0047,2026-08-03,Absent
ATN000109,B05392,P0055,2026-08-16,Present
ATN000110,B05017,P0015,2026-07-31,Present
ATN000111,B05340,P0002,2026-07-09,Present
ATN000112,B05290,P0049,2026-07-04,Present
ATN000113,B05450,P0033,2026-07-15,Present
ATN000114,B05219,P0048,2026-07-13,Present
ATN000115,B05446,P0051,2026-07-12,Present
ATN000116,B05326,P0026,2026-08-03,Present
ATN000117,B05310,P0051,2026-08-29,Present
ATN000118,B05035,P0054,2026-08-10,Absent
ATN000119,B05117,P0045,2026-07-09,Present
ATN000120,B05038,P0021,2026-07-31,Present
ATN000121,B05360,P0032,2026-08-23,Present
ATN000122,B05028,P0002,2026-08-09,Present
ATN000123,B05448,P0044,2026-07-21,Late
ATN000124,B05187,P0008,2026-08-05,Present
ATN000125,B05181,P0055,2026-07-10,Present
ATN000126,B05071,P0038,2026-07-01,Present
ATN000127,B05267,P0031,2026-07-20,Absent
ATN000128,B05433,P0043,2026-07-19,Present
ATN000129,B05067,P0019,2026-07-13,Absent
ATN000130,B05273,P0016,2026-07-17,Present
ATN000131,B05384,P0002,2026-07-29,Late
ATN000132,B05135,P0033,2026-08-28,Present
ATN000133,B05144,P0033,2026-07-05,Present
ATN000134,B05005,P0028,2026-08-27,Present
ATN000135,B05453,P0012,2026-08-21,Present
ATN000136,B05171,P0019,2026-07-15,Absent
ATN000137,B05246,P0063,2026-07-16,Present
ATN000138,B05449,P0022,2026-07-28,Present
ATN000139,B05006,P0023,2026-08-03,Late
ATN000140,B05013,P0033,2026-07-14,Late
ATN000141,B05169,P0008,2026-07-10,Present
ATN000142,B05471,P0019,2026-07-22,Present
ATN000143,B05245,P0014,2026-07-19,Absent
ATN000144,B05023,P0022,2026-07-05,Present
ATN000145,B05482,P0040,2026-07-07,Present
ATN000146,B05412,P0018,2026-07-12,Present
ATN000147,B05136,P0022,2026-07-06,Present
ATN000148,B05245,P0014,2026-07-23,Present
ATN000149,B05270,P0029,2026-08-23,Present
ATN000150,B05260,P0062,2026-08-20,Present
ATN000151,B05453,P0020,2026-07-07,Present
ATN000152,B05260,P0025,2026-07-27,Present
ATN000153,B05486,P0036,2026-07-10,Present
ATN000154,B05026,P0038,2026-07-16,Present
ATN000155,B05035,P0009,2026-08-18,Present
ATN000156,B05383,P0010,2026-08-11,Present
ATN000157,B05263,P0018,2026-08-20,Present
ATN000158,B05299,P0024,2026-08-16,Present
ATN000159,B05104,P0007,2026-08-13,Present
ATN000160,B05421,P0019,2026-07-17,Present
ATN000161,B05267,P0013,2026-07-01,Present
ATN000162,B05279,P0065,2026-07-19,Present
ATN000163,B05285,P0067,2026-07-26,Present
ATN000164,B05150,P0043,2026-08-22,Present
ATN000165,B05205,P0042,2026-08-09,Absent
ATN000166,B05382,P0002,2026-07-04,Present
ATN000167,B05219,P0016,2026-07-12,Present
ATN000168,B05113,P0010,2026-08-28,Present
ATN000169,B05171,P0064,2026-08-02,Present
ATN000170,B05253,P0012,2026-07-21,Present
ATN000171,B05180,P0063,2026-08-09,Absent
ATN000172,B05238,P0051,2026-07-28,Present
ATN000173,B05333,P0041,2026-08-23,Present
ATN000174,B05407,P0066,2026-08-27,Present
ATN000175,B05126,P0063,2026-07-30,Present
ATN000176,B05236,P0003,2026-08-08,Present
ATN000177,B05004,P0057,2026-07-03,Present
ATN000178,B05062,P0025,2026-08-11,Present
ATN000179,B05033,P0056,2026-07-01,Present
ATN000180,B05335,P0034,2026-07-02,Present
ATN000181,B05168,P0034,2026-08-06,Present
ATN000182,B05347,P0006,2026-08-23,Present
ATN000183,B05251,P0007,2026-08-20,Present
ATN000184,B05318,P0024,2026-08-29,Present
ATN000185,B05294,P0004,2026-08-22,Present
ATN000186,B05218,P0037,2026-07-31,Present
ATN000187,B05430,P0025,2026-07-11,Late
ATN000188,B05423,P0043,2026-07-12,Present
ATN000189,B05268,P0050,2026-08-25,Absent
ATN000190,B05366,P0067,2026-08-24,Absent
ATN000191,B05076,P0004,2026-07-02,Present
ATN000192,B05177,P0032,2026-07-20,Present
ATN000193,B05265,P0053,2026-08-07,Present
ATN000194,B05155,P0066,2026-08-18,Present
ATN000195,B05339,P0012,2026-07-12,Present
ATN000196,B05262,P0015,2026-08-16,Present
ATN000197,B05168,P0065,2026-08-13,Present
ATN000198,B05092,P0016,2026-08-28,Present
ATN000199,B05242,P0047,2026-08-25,Present
ATN000200,B05225,P0015,2026-08-28,Absent
ATN000201,B05422,P0027,2026-07-13,Present
ATN000202,B05445,P0032,2026-08-17,Present
ATN000203,B05086,P0054,2026-08-24,Present
ATN000204,B05352,P0052,2026-07-30,Present
ATN000205,B05201,P0056,2026-07-05,Present
ATN000206,B05352,P0060,2026-07-30,Present
ATN000207,B05253,P0037,2026-07-22,Absent
ATN000208,B05287,P0026,2026-08-23,Present
ATN000209,B05213,P0006,2026-08-28,Present
ATN000210,B05339,P0052,2026-08-22,Present
ATN000211,B05160,P0033,2026-07-03,Late
ATN000212,B05341,P0063,2026-08-05,Absent
ATN000213,B05080,P0009,2026-07-01,Present
ATN000214,B05015,P0057,2026-07-02,Present
ATN000215,B05343,P0029,2026-07-15,Present
ATN000216,B05290,P0022,2026-07-16,Present
ATN000217,B05475,P0034,2026-08-14,Present
ATN000218,B05008,P0036,2026-07-31,Present
ATN000219,B05411,P0058,2026-08-02,Late
ATN000220,B05061,P0062,2026-08-13,Present
ATN000221,B05132,P0028,2026-07-07,Present
ATN000222,B05370,P0009,2026-07-14,Present
ATN000223,B05247,P0033,2026-07-20,Present
ATN000224,B05043,P0055,2026-07-10,Present
ATN000225,B05397,P0038,2026-08-15,Present
ATN000226,B05318,P0049,2026-07-01,Present
ATN000227,B05464,P0011,2026-08-12,Present
ATN000228,B05103,P0029,2026-07-10,Present
ATN000229,B05279,P0045,2026-08-05,Present
ATN000230,B05196,P0048,2026-08-02,Present
ATN000231,B05358,P0029,2026-08-18,Late
ATN000232,B05225,P0013,2026-07-21,Present
ATN000233,B05220,P0031,2026-07-25,Present
ATN000234,B05017,P0049,2026-08-25,Present
ATN000235,B05411,P0066,2026-07-30,Present
ATN000236,B05092,P0058,2026-07-17,Absent
ATN000237,B05402,P0051,2026-08-12,Present
ATN000238,B05205,P0059,2026-08-07,Present
ATN000239,B05144,P0060,2026-07-15,Present
ATN000240,B05279,P0022,2026-08-04,Present
ATN000241,B05360,P0050,2026-07-09,Absent
ATN000242,B05239,P0065,2026-08-25,Present
ATN000243,B05465,P0046,2026-08-24,Present
ATN000244,B05493,P0031,2026-08-26,Present
ATN000245,B05315,P0032,2026-08-13,Present
ATN000246,B05008,P0018,2026-08-07,Present
ATN000247,B05047,P0024,2026-07-15,Present
ATN000248,B05427,P0056,2026-08-05,Present
ATN000249,B05234,P0039,2026-08-18,Present
ATN000250,B05288,P0002,2026-07-12,Present
ATN000251,B05033,P0050,2026-08-22,Present
ATN000252,B05090,P0023,2026-07-11,Present
ATN000253,B05152,P0066,2026-08-19,Present
ATN000254,B05126,P0042,2026-08-16,Absent
ATN000255,B05113,P0058,2026-08-09,Present
ATN000256,B05398,P0008,2026-08-23,Present
ATN000257,B05015,P0056,2026-08-15,Present
ATN000258,B05103,P0009,2026-08-14,Present
ATN000259,B05124,P0047,2026-08-15,Present
ATN000260,B05034,P0058,2026-08-03,Absent
ATN000261,B05402,P0044,2026-07-11,Present
ATN000262,B05076,P0036,2026-07-15,Absent
ATN000263,B05399,P0043,2026-07-21,Absent
ATN000264,B05402,P0024,2026-07-25,Present
ATN000265,B05390,P0007,2026-08-25,Present
ATN000266,B05156,P0050,2026-07-03,Present
ATN000267,B05083,P0046,2026-07-24,Present
ATN000268,B05290,P0001,2026-07-29,Present
ATN000269,B05148,P0027,2026-08-02,Present
ATN000270,B05156,P0046,2026-07-27,Present
ATN000271,B05159,P0039,2026-08-28,Present
ATN000272,B05392,P0061,2026-08-26,Present
ATN000273,B05082,P0017,2026-07-13,Present
ATN000274,B05250,P0005,2026-07-01,Absent
ATN000275,B05303,P0019,2026-08-18,Present
ATN000276,B05005,P0050,2026-08-23,Present
ATN000277,B05465,P0006,2026-07-16,Present
ATN000278,B05109,P0037,2026-07-01,Absent
ATN000279,B05041,P0064,2026-07-12,Present
ATN000280,B05425,P0034,2026-07-18,Present
ATN000281,B05022,P0020,2026-07-21,Present
ATN000282,B05454,P0022,2026-07-26,Present
ATN000283,B05024,P0006,2026-07-20,Present
ATN000284,B05064,P0008,2026-08-28,Absent
ATN000285,B05404,P0029,2026-08-23,Present
ATN000286,B05101,P0054,2026-07-12,Present
ATN000287,B05490,P0023,2026-07-04,Present
ATN000288,B05106,P0065,2026-07-01,Present
ATN000289,B05069,P0020,2026-07-02,Absent
ATN000290,B05379,P0011,2026-07-25,Absent
ATN000291,B05417,P0014,2026-07-05,Present
ATN000292,B05228,P0057,2026-07-26,Present
ATN000293,B05419,P0039,2026-07-29,Present
ATN000294,B05023,P0029,2026-07-31,Present
ATN000295,B05484,P0012,2026-07-19,Present
ATN000296,B05008,P0024,2026-07-02,Late
ATN000297,B05051,P0050,2026-08-27,Present
ATN000298,B05239,P0035,2026-07-20,Present
ATN000299,B05400,P0033,2026-07-05,Present
ATN000300,B05144,P0036,2026-07-18,Present
ATN000301,B05300,P0059,2026-07-12,Absent
ATN000302,B05111,P0041,2026-08-18,Late
ATN000303,B05109,P0066,2026-08-27,Present
ATN000304,B05122,P0011,2026-07-07,Absent
ATN000305,B05322,P0047,2026-08-25,Present
ATN000306,B05052,P0040,2026-07-16,Absent
ATN000307,B05430,P0055,2026-07-04,Present
ATN000308,B05127,P0010,2026-07-01,Present
ATN000309,B05409,P0010,2026-08-04,Absent
ATN000310,B05487,P0041,2026-07-15,Present
ATN000311,B05208,P0031,2026-08-21,Present
ATN000312,B05195,P0008,2026-07-13,Present
ATN000313,B05244,P0046,2026-07-01,Present
ATN000314,B05347,P0022,2026-07-24,Present
ATN000315,B05051,P0035,2026-07-09,Present
ATN000316,B05271,P0006,2026-08-13,Present
ATN000317,B05004,P0018,2026-07-16,Present
ATN000318,B05095,P0036,2026-08-05,Present
ATN000319,B05097,P0033,2026-08-14,Present
ATN000320,B05385,P0012,2026-07-01,Present
ATN000321,B05438,P0006,2026-08-04,Present
ATN000322,B05122,P0062,2026-07-18,Present
ATN000323,B05439,P0062,2026-08-06,Absent
ATN000324,B05016,P0016,2026-08-02,Present
ATN000325,B05009,P0064,2026-07-15,Present
ATN000326,B05385,P0007,2026-07-29,Absent
ATN000327,B05344,P0055,2026-07-04,Present
ATN000328,B05297,P0020,2026-07-10,Present
ATN000329,B05474,P0017,2026-08-11,Present
ATN000330,B05493,P0022,2026-07-15,Present
ATN000331,B05246,P0058,2026-08-23,Present
ATN000332,B05340,P0062,2026-08-14,Absent
ATN000333,B05428,P0002,2026-07-27,Present
ATN000334,B05384,P0023,2026-08-04,Present
ATN000335,B05095,P0013,2026-08-22,Present
ATN000336,B05304,P0066,2026-07-10,Absent
ATN000337,B05293,P0043,2026-07-14,Present
ATN000338,B05270,P0065,2026-07-20,Present
ATN000339,B05156,P0059,2026-08-05,Present
ATN000340,B05401,P0006,2026-07-28,Present
ATN000341,B05033,P0037,2026-08-25,Absent
ATN000342,B05092,P0063,2026-07-14,Present
ATN000343,B05428,P0010,2026-08-05,Present
ATN000344,B05065,P0043,2026-07-17,Absent
ATN000345,B05069,P0001,2026-08-18,Present
ATN000346,B05173,P0060,2026-07-22,Present
ATN000347,B05421,P0005,2026-07-18,Present
ATN000348,B05007,P0019,2026-07-09,Present
ATN000349,B05348,P0064,2026-08-21,Present
ATN000350,B05331,P0028,2026-08-18,Present
ATN000351,B05324,P0037,2026-08-19,Present
ATN000352,B05460,P0009,2026-08-11,Present
ATN000353,B05474,P0027,2026-08-24,Present
ATN000354,B05474,P0004,2026-07-10,Present
ATN000355,B05233,P0028,2026-07-17,Present
ATN000356,B05152,P0022,2026-07-03,Present
ATN000357,B05493,P0018,2026-08-14,Present
ATN000358,B05100,P0013,2026-07-26,Late
ATN000359,B05078,P0064,2026-07-11,Present
ATN000360,B05416,P0003,2026-07-14,Present
ATN000361,B05190,P0046,2026-07-13,Present
ATN000362,B05157,P0020,2026-07-13,Present
ATN000363,B05169,P0011,2026-08-02,Present
ATN000364,B05058,P0009,2026-07-18,Present
ATN000365,B05456,P0034,2026-07-11,Present
ATN000366,B05337,P0067,2026-08-14,Absent
ATN000367,B05411,P0008,2026-07-02,Present
ATN000368,B05379,P0038,2026-07-30,Present
ATN000369,B05301,P0035,2026-07-16,Absent
ATN000370,B05349,P0034,2026-07-25,Present
ATN000371,B05075,P0005,2026-08-04,Present
ATN000372,B05163,P0020,2026-07-07,Present
ATN000373,B05045,P0065,2026-07-14,Present
ATN000374,B05211,P0020,2026-08-26,Absent
ATN000375,B05351,P0029,2026-08-21,Present
ATN000376,B05055,P0045,2026-08-23,Late
ATN000377,B05471,P0015,2026-07-17,Present
ATN000378,B05433,P0015,2026-08-01,Present
ATN000379,B05232,P0008,2026-07-23,Present
ATN000380,B05088,P0047,2026-07-11,Present
ATN000381,B05125,P0057,2026-08-21,Present
ATN000382,B05213,P0065,2026-07-08,Present
ATN000383,B05391,P0030,2026-08-05,Late
ATN000384,B05307,P0037,2026-07-13,Late
ATN000385,B05395,P0063,2026-08-07,Present
ATN000386,B05170,P0064,2026-07-03,Present
ATN000387,B05042,P0003,2026-07-17,Present
ATN000388,B05137,P0034,2026-07-27,Present
ATN000389,B05164,P0003,2026-08-27,Present
ATN000390,B05483,P0020,2026-08-10,Present
ATN000391,B05426,P0009,2026-07-19,Present
ATN000392,B05052,P0039,2026-07-28,Present
ATN000393,B05174,P0037,2026-07-30,Absent
ATN000394,B05409,P0067,2026-08-10,Present
ATN000395,B05467,P0025,2026-07-02,Present
ATN000396,B05214,P0064,2026-08-21,Present
ATN000397,B05261,P0005,2026-07-13,Absent
ATN000398,B05080,P0035,2026-07-17,Present
ATN000399,B05432,P0017,2026-08-19,Present
ATN000400,B05259,P0010,2026-07-18,Absent
ATN000401,B05352,P0067,2026-08-03,Present
ATN000402,B05338,P0003,2026-07-11,Present
ATN000403,B05251,P0053,2026-08-27,Present
ATN000404,B05366,P0055,2026-08-19,Present
ATN000405,B05389,P0025,2026-08-18,Present
ATN000406,B05440,P0058,2026-07-20,Present
ATN000407,B05166,P0043,2026-07-31,Present
ATN000408,B05492,P0058,2026-08-08,Absent
ATN000409,B05334,P0019,2026-07-09,Present
ATN000410,B05376,P0067,2026-08-24,Present
ATN000411,B05299,P0031,2026-07-29,Present
ATN000412,B05190,P0067,2026-08-20,Present
ATN000413,B05011,P0008,2026-07-20,Present
ATN000414,B05205,P0034,2026-08-22,Present
ATN000415,B05232,P0064,2026-08-29,Present
ATN000416,B05253,P0041,2026-07-08,Present
ATN000417,B05260,P0064,2026-08-03,Present
ATN000418,B05479,P0027,2026-08-12,Present
ATN000419,B05188,P0021,2026-07-01,Present
ATN000420,B05063,P0040,2026-07-31,Present
ATN000421,B05253,P0011,2026-08-23,Absent
ATN000422,B05377,P0064,2026-08-01,Present
ATN000423,B05495,P0052,2026-08-22,Present
ATN000424,B05172,P0037,2026-07-01,Present
ATN000425,B05115,P0049,2026-08-11,Present
ATN000426,B05132,P0031,2026-08-03,Present
ATN000427,B05372,P0057,2026-07-28,Present
ATN000428,B05496,P0037,2026-07-30,Present
ATN000429,B05138,P0065,2026-08-28,Present
ATN000430,B05413,P0055,2026-08-25,Present
ATN000431,B05191,P0032,2026-07-12,Absent
ATN000432,B05178,P0055,2026-07-27,Present
ATN000433,B05227,P0007,2026-07-10,Present
ATN000434,B05397,P0038,2026-07-01,Absent
ATN000435,B05016,P0015,2026-07-09,Present
ATN000436,B05045,P0031,2026-08-26,Late
ATN000437,B05470,P0019,2026-07-13,Present
ATN000438,B05187,P0046,2026-08-05,Present
ATN000439,B05013,P0042,2026-07-16,Present
ATN000440,B05182,P0021,2026-07-24,Absent
ATN000441,B05169,P0044,2026-08-16,Present
ATN000442,B05054,P0009,2026-07-24,Present
ATN000443,B05158,P0031,2026-08-19,Present
ATN000444,B05021,P0017,2026-07-06,Present
ATN000445,B05171,P0007,2026-07-30,Present
ATN000446,B05081,P0062,2026-07-15,Present
ATN000447,B05044,P0020,2026-07-09,Present
ATN000448,B05101,P0018,2026-07-18,Present
ATN000449,B05111,P0024,2026-08-05,Present
ATN000450,B05162,P0009,2026-08-22,Present
ATN000451,B05110,P0038,2026-08-07,Present
ATN000452,B05224,P0062,2026-08-19,Present
ATN000453,B05118,P0032,2026-08-09,Present
ATN000454,B05371,P0005,2026-08-03,Present
ATN000455,B05192,P0008,2026-07-08,Present
ATN000456,B05075,P0063,2026-07-14,Absent
ATN000457,B05125,P0039,2026-07-14,Present
ATN000458,B05185,P0055,2026-08-12,Present
ATN000459,B05008,P0043,2026-07-20,Present
ATN000460,B05477,P0064,2026-07-29,Present
ATN000461,B05174,P0022,2026-08-14,Late
ATN000462,B05016,P0028,2026-07-23,Present
ATN000463,B05418,P0067,2026-08-06,Present
ATN000464,B05229,P0047,2026-07-23,Present
ATN000465,B05044,P0059,2026-07-02,Present
ATN000466,B05202,P0019,2026-08-06,Present
ATN000467,B05303,P0012,2026-07-13,Present
ATN000468,B05237,P0036,2026-08-21,Absent
ATN000469,B05280,P0003,2026-07-23,Present
ATN000470,B05166,P0061,2026-08-28,Present
ATN000471,B05270,P0053,2026-08-17,Present
ATN000472,B05202,P0060,2026-08-29,Present
ATN000473,B05140,P0061,2026-08-07,Present
ATN000474,B05394,P0011,2026-07-20,Present
ATN000475,B05277,P0014,2026-08-13,Present
ATN000476,B05123,P0042,2026-08-14,Present
ATN000477,B05394,P0054,2026-08-26,Present
ATN000478,B05057,P0015,2026-07-02,Present
ATN000479,B05243,P0060,2026-08-05,Absent
ATN000480,B05018,P0001,2026-07-17,Present
ATN000481,B05259,P0026,2026-08-17,Present
ATN000482,B05372,P0067,2026-08-26,Present
ATN000483,B05323,P0049,2026-07-09,Present
ATN000484,B05328,P0052,2026-08-18,Present
ATN000485,B05481,P0055,2026-08-11,Present
ATN000486,B05181,P0012,2026-08-07,Present
ATN000487,B05146,P0063,2026-07-13,Present
ATN000488,B05446,P0023,2026-08-06,Present
ATN000489,B05078,P0016,2026-08-04,Late
ATN000490,B05264,P0019,2026-08-18,Present
ATN000491,B05403,P0013,2026-07-09,Present
ATN000492,B05017,P0049,2026-07-30,Present
ATN000493,B05170,P0011,2026-08-22,Present
ATN000494,B05366,P0003,2026-07-05,Present
ATN000495,B05474,P0042,2026-07-20,Present
ATN000496,B05459,P0016,2026-08-05,Present
ATN000497,B05066,P0032,2026-07-29,Present
ATN000498,B05103,P0064,2026-07-23,Present
ATN000499,B05318,P0031,2026-07-30,Absent
ATN000500,B05268,P0029,2026-07-09,Present
ATN000501,B05237,P0030,2026-07-07,Present
ATN000502,B05242,P0023,2026-07-11,Present
ATN000503,B05144,P0020,2026-07-13,Present
ATN000504,B05031,P0020,2026-08-18,Present
ATN000505,B05144,P0065,2026-07-26,Present
ATN000506,B05036,P0016,2026-07-10,Absent
ATN000507,B05160,P0025,2026-07-21,Present
ATN000508,B05142,P0037,2026-07-17,Present
ATN000509,B05243,P0053,2026-07-06,Absent
ATN000510,B05059,P0034,2026-07-18,Present
ATN000511,B05202,P0032,2026-07-08,Present
ATN000512,B05239,P0014,2026-08-25,Present
ATN000513,B05443,P0004,2026-08-29,Present
ATN000514,B05486,P0062,2026-07-27,Present
ATN000515,B05414,P0020,2026-07-23,Present
ATN000516,B05260,P0018,2026-08-05,Present
ATN000517,B05324,P0021,2026-08-02,Present
ATN000518,B05256,P0046,2026-08-15,Present
ATN000519,B05208,P0050,2026-08-18,Present
ATN000520,B05457,P0032,2026-08-14,Present
ATN000521,B05150,P0004,2026-07-04,Present
ATN000522,B05356,P0037,2026-08-18,Present
ATN000523,B05494,P0026,2026-08-19,Present
ATN000524,B05358,P0035,2026-08-15,Present
ATN000525,B05043,P0016,2026-08-20,Present
ATN000526,B05185,P0017,2026-08-28,Present
ATN000527,B05112,P0009,2026-07-31,Absent
ATN000528,B05160,P0053,2026-08-24,Absent
ATN000529,B05480,P0064,2026-08-24,Present
ATN000530,B05446,P0028,2026-08-29,Present
ATN000531,B05188,P0030,2026-08-07,Absent
ATN000532,B05008,P0058,2026-07-10,Present
ATN000533,B05113,P0020,2026-07-11,Absent
ATN000534,B05181,P0066,2026-07-17,Present
ATN000535,B05427,P0006,2026-07-17,Late
ATN000536,B05138,P0056,2026-07-12,Present
ATN000537,B05320,P0055,2026-07-02,Absent
ATN000538,B05317,P0041,2026-07-05,Absent
ATN000539,B05290,P0003,2026-07-11,Present
ATN000540,B05024,P0060,2026-08-03,Present
ATN000541,B05262,P0043,2026-07-27,Present
ATN000542,B05374,P0035,2026-07-06,Present
ATN000543,B05396,P0063,2026-07-23,Absent
ATN000544,B05276,P0034,2026-08-09,Present
ATN000545,B05107,P0034,2026-07-15,Absent
ATN000546,B05173,P0054,2026-07-27,Present
ATN000547,B05378,P0065,2026-07-27,Present
ATN000548,B05397,P0037,2026-07-17,Absent
ATN000549,B05247,P0061,2026-07-07,Present
ATN000550,B05396,P0027,2026-07-06,Present
ATN000551,B05011,P0011,2026-08-04,Present
ATN000552,B05235,P0059,2026-08-05,Present
ATN000553,B05102,P0035,2026-08-07,Present
ATN000554,B05464,P0017,2026-07-17,Present
ATN000555,B05327,P0014,2026-07-28,Absent
ATN000556,B05158,P0022,2026-08-19,Late
ATN000557,B05021,P0026,2026-08-29,Present
ATN000558,B05104,P0063,2026-07-01,Present
ATN000559,B05414,P0050,2026-07-21,Absent
ATN000560,B05235,P0051,2026-08-05,Present
ATN000561,B05326,P0046,2026-07-31,Present
ATN000562,B05237,P0060,2026-07-22,Late
ATN000563,B05391,P0021,2026-08-09,Present
ATN000564,B05044,P0021,2026-08-10,Present
ATN000565,B05112,P0048,2026-07-10,Late
ATN000566,B05182,P0003,2026-07-28,Present
ATN000567,B05120,P0037,2026-07-27,Present
ATN000568,B05002,P0007,2026-08-29,Present
ATN000569,B05411,P0063,2026-07-13,Present
ATN000570,B05498,P0010,2026-07-01,Present
ATN000571,B05146,P0026,2026-08-21,Absent
ATN000572,B05212,P0061,2026-08-12,Present
ATN000573,B05161,P0009,2026-07-22,Present
ATN000574,B05209,P0024,2026-07-23,Present
ATN000575,B05127,P0043,2026-08-22,Present
ATN000576,B05451,P0015,2026-08-20,Present
ATN000577,B05020,P0042,2026-08-03,Absent
ATN000578,B05352,P0059,2026-07-11,Present
ATN000579,B05102,P0028,2026-07-22,Present
ATN000580,B05397,P0008,2026-08-18,Present
ATN000581,B05100,P0001,2026-07-05,Present
ATN000582,B05041,P0063,2026-07-10,Present
ATN000583,B05168,P0055,2026-07-09,Late
ATN000584,B05381,P0052,2026-08-26,Present
ATN000585,B05104,P0037,2026-07-17,Absent
ATN000586,B05401,P0032,2026-07-16,Present
ATN000587,B05214,P0037,2026-07-10,Present
ATN000588,B05463,P0060,2026-08-24,Absent
ATN000589,B05335,P0011,2026-07-21,Present
ATN000590,B05012,P0020,2026-07-02,Present
ATN000591,B05392,P0025,2026-08-16,Present
ATN000592,B05470,P0028,2026-08-05,Present
ATN000593,B05349,P0022,2026-08-02,Present
ATN000594,B05115,P0004,2026-07-09,Present
ATN000595,B05140,P0035,2026-07-17,Present
ATN000596,B05292,P0019,2026-08-02,Present
ATN000597,B05009,P0016,2026-07-12,Present
ATN000598,B05376,P0042,2026-07-13,Absent
ATN000599,B05400,P0009,2026-08-15,Present
ATN000600,B05366,P0033,2026-08-14,Present
ATN000601,B05089,P0019,2026-07-01,Present
ATN000602,B05270,P0038,2026-08-09,Present
ATN000603,B05034,P0034,2026-08-13,Late
ATN000604,B05486,P0029,2026-07-22,Absent
ATN000605,B05090,P0001,2026-07-10,Present
ATN000606,B05094,P0001,2026-08-17,Present
ATN000607,B05472,P0054,2026-08-26,Present
ATN000608,B05052,P0067,2026-08-07,Present
ATN000609,B05212,P0033,2026-08-18,Present
ATN000610,B05383,P0016,2026-08-09,Present
ATN000611,B05210,P0058,2026-08-25,Present
ATN000612,B05045,P0059,2026-08-13,Late
ATN000613,B05210,P0061,2026-08-20,Present
ATN000614,B05047,P0055,2026-08-21,Present
ATN000615,B05469,P0029,2026-08-22,Absent
ATN000616,B05147,P0049,2026-08-01,Late
ATN000617,B05193,P0042,2026-07-13,Present
ATN000618,B05295,P0051,2026-07-01,Present
ATN000619,B05239,P0048,2026-08-15,Present
ATN000620,B05367,P0025,2026-07-24,Present
ATN000621,B05394,P0041,2026-08-05,Present
ATN000622,B05243,P0052,2026-07-22,Present
ATN000623,B05001,P0038,2026-08-23,Present
ATN000624,B05317,P0061,2026-08-11,Present
ATN000625,B05100,P0005,2026-07-12,Present
ATN000626,B05200,P0007,2026-07-18,Absent
ATN000627,B05029,P0038,2026-07-21,Late
ATN000628,B05412,P0010,2026-07-30,Present
ATN000629,B05426,P0064,2026-07-04,Present
ATN000630,B05030,P0011,2026-07-03,Present
ATN000631,B05160,P0005,2026-07-02,Present
ATN000632,B05128,P0029,2026-08-29,Present
ATN000633,B05178,P0054,2026-07-04,Present
ATN000634,B05185,P0008,2026-07-04,Present
ATN000635,B05389,P0010,2026-07-08,Present
ATN000636,B05498,P0013,2026-07-10,Present
ATN000637,B05305,P0046,2026-08-24,Absent
ATN000638,B05341,P0017,2026-07-29,Present
ATN000639,B05484,P0015,2026-08-02,Present
ATN000640,B05288,P0066,2026-07-30,Present
ATN000641,B05201,P0057,2026-07-22,Present
ATN000642,B05180,P0001,2026-08-25,Present
ATN000643,B05290,P0027,2026-08-27,Present
ATN000644,B05391,P0011,2026-07-28,Present
ATN000645,B05435,P0019,2026-08-21,Present
ATN000646,B05307,P0029,2026-07-29,Absent
ATN000647,B05470,P0023,2026-08-17,Present
ATN000648,B05431,P0013,2026-08-06,Present
ATN000649,B05245,P0003,2026-08-13,Present
ATN000650,B05291,P0065,2026-07-13,Present
ATN000651,B05420,P0067,2026-07-06,Absent
ATN000652,B05268,P0013,2026-07-29,Present
ATN000653,B05094,P0053,2026-07-15,Present
ATN000654,B05261,P0047,2026-07-03,Present
ATN000655,B05455,P0026,2026-07-03,Present
ATN000656,B05109,P0052,2026-07-10,Present
ATN000657,B05045,P0003,2026-08-28,Absent
ATN000658,B05447,P0042,2026-08-16,Present
ATN000659,B05322,P0023,2026-08-01,Late
ATN000660,B05102,P0060,2026-08-20,Present
ATN000661,B05228,P0046,2026-07-02,Present
ATN000662,B05350,P0022,2026-08-24,Late
ATN000663,B05277,P0001,2026-07-17,Present
ATN000664,B05037,P0062,2026-07-22,Late
ATN000665,B05074,P0011,2026-08-23,Present
ATN000666,B05232,P0055,2026-08-27,Absent
ATN000667,B05154,P0060,2026-08-29,Late
ATN000668,B05341,P0056,2026-08-12,Absent
ATN000669,B05202,P0062,2026-08-12,Present
ATN000670,B05485,P0017,2026-08-15,Present
ATN000671,B05162,P0064,2026-08-11,Present
ATN000672,B05325,P0018,2026-08-07,Absent
ATN000673,B05049,P0053,2026-07-22,Present
ATN000674,B05186,P0004,2026-07-05,Present
ATN000675,B05385,P0047,2026-08-09,Present
ATN000676,B05340,P0063,2026-07-27,Present
ATN000677,B05338,P0051,2026-07-05,Present
ATN000678,B05117,P0011,2026-08-02,Present
ATN000679,B05483,P0010,2026-08-02,Present
ATN000680,B05171,P0009,2026-07-26,Present
ATN000681,B05409,P0031,2026-07-22,Present
ATN000682,B05489,P0007,2026-07-17,Present
ATN000683,B05358,P0044,2026-07-27,Late
ATN000684,B05290,P0032,2026-07-02,Absent
ATN000685,B05165,P0050,2026-08-15,Late
ATN000686,B05172,P0017,2026-07-20,Present
ATN000687,B05446,P0031,2026-08-06,Present
ATN000688,B05082,P0031,2026-08-08,Present
ATN000689,B05351,P0062,2026-08-13,Late
ATN000690,B05424,P0004,2026-08-16,Present
ATN000691,B05357,P0057,2026-08-27,Present
ATN000692,B05332,P0011,2026-07-15,Present
ATN000693,B05008,P0021,2026-07-31,Late
ATN000694,B05279,P0022,2026-08-24,Present
ATN000695,B05224,P0028,2026-08-19,Late
ATN000696,B05342,P0031,2026-07-28,Present
ATN000697,B05247,P0058,2026-08-10,Present
ATN000698,B05425,P0056,2026-07-07,Absent
ATN000699,B05481,P0033,2026-08-08,Present
ATN000700,B05237,P0048,2026-08-14,Present
ATN000701,B05161,P0020,2026-08-15,Absent
ATN000702,B05372,P0002,2026-07-01,Absent
ATN000703,B05131,P0059,2026-07-07,Present
ATN000704,B05075,P0067,2026-08-27,Present
ATN000705,B05140,P0057,2026-07-07,Present
ATN000706,B05105,P0063,2026-07-09,Present
ATN000707,B05218,P0066,2026-08-28,Present
ATN000708,B05073,P0014,2026-08-25,Present
ATN000709,B05265,P0026,2026-08-27,Present
ATN000710,B05311,P0063,2026-07-11,Present
ATN000711,B05013,P0027,2026-08-26,Present
ATN000712,B05399,P0030,2026-08-13,Absent
ATN000713,B05490,P0005,2026-08-22,Present
ATN000714,B05369,P0015,2026-07-23,Absent
ATN000715,B05471,P0056,2026-08-21,Present
ATN000716,B05170,P0062,2026-08-27,Present
ATN000717,B05298,P0058,2026-08-27,Present
ATN000718,B05281,P0056,2026-08-07,Present
ATN000719,B05040,P0012,2026-07-18,Present
ATN000720,B05094,P0011,2026-08-18,Present
ATN000721,B05053,P0013,2026-07-16,Present
ATN000722,B05190,P0019,2026-08-15,Present
ATN000723,B05486,P0052,2026-07-05,Absent
ATN000724,B05089,P0046,2026-08-15,Present
ATN000725,B05471,P0059,2026-07-25,Late
ATN000726,B05111,P0028,2026-08-21,Present
ATN000727,B05406,P0016,2026-07-05,Present
ATN000728,B05079,P0002,2026-07-30,Absent
ATN000729,B05319,P0032,2026-08-19,Present
ATN000730,B05370,P0006,2026-08-12,Present
ATN000731,B05437,P0014,2026-08-25,Absent
ATN000732,B05494,P0057,2026-07-25,Late
ATN000733,B05119,P0016,2026-08-20,Present
ATN000734,B05131,P0061,2026-07-04,Present
ATN000735,B05206,P0013,2026-07-19,Present
ATN000736,B05139,P0060,2026-08-01,Present
ATN000737,B05448,P0015,2026-07-12,Present
ATN000738,B05450,P0051,2026-07-07,Present
ATN000739,B05363,P0020,2026-08-05,Present
ATN000740,B05495,P0055,2026-07-06,Present
ATN000741,B05374,P0064,2026-08-13,Present
ATN000742,B05294,P0008,2026-07-17,Late
ATN000743,B05395,P0029,2026-07-14,Present
ATN000744,B05288,P0051,2026-07-02,Absent
ATN000745,B05310,P0007,2026-07-12,Absent
ATN000746,B05215,P0031,2026-08-24,Present
ATN000747,B05265,P0002,2026-08-26,Present
ATN000748,B05127,P0026,2026-07-11,Late
ATN000749,B05343,P0055,2026-08-17,Late
ATN000750,B05289,P0050,2026-08-02,Present
ATN000751,B05033,P0014,2026-08-29,Present
ATN000752,B05249,P0053,2026-07-02,Absent
ATN000753,B05448,P0022,2026-07-24,Present
ATN000754,B05131,P0048,2026-07-16,Present
ATN000755,B05216,P0015,2026-08-24,Late
ATN000756,B05159,P0041,2026-07-03,Present
ATN000757,B05369,P0020,2026-08-09,Present
ATN000758,B05484,P0048,2026-08-09,Present
ATN000759,B05063,P0021,2026-08-14,Present
ATN000760,B05307,P0031,2026-07-09,Present
ATN000761,B05203,P0046,2026-07-05,Late
ATN000762,B05471,P0033,2026-08-12,Present
ATN000763,B05051,P0040,2026-07-01,Late
ATN000764,B05389,P0033,2026-07-16,Present
ATN000765,B05429,P0060,2026-07-25,Present
ATN000766,B05338,P0023,2026-07-25,Present
ATN000767,B05495,P0021,2026-07-19,Present
ATN000768,B05259,P0039,2026-08-15,Present
ATN000769,B05320,P0031,2026-07-18,Present
ATN000770,B05289,P0020,2026-07-27,Present
ATN000771,B05350,P0065,2026-08-25,Absent
ATN000772,B05300,P0016,2026-08-22,Present
ATN000773,B05444,P0037,2026-07-09,Absent
ATN000774,B05307,P0024,2026-08-29,Present
ATN000775,B05031,P0045,2026-08-07,Present
ATN000776,B05232,P0034,2026-07-21,Absent
ATN000777,B05128,P0008,2026-07-05,Present
ATN000778,B05221,P0067,2026-08-17,Present
ATN000779,B05381,P0058,2026-07-30,Present
ATN000780,B05147,P0051,2026-07-08,Present
ATN000781,B05033,P0040,2026-07-28,Present
ATN000782,B05374,P0019,2026-07-17,Present
ATN000783,B05321,P0063,2026-08-06,Present
ATN000784,B05493,P0052,2026-08-21,Present
ATN000785,B05339,P0004,2026-07-21,Present
ATN000786,B05034,P0033,2026-07-18,Present
ATN000787,B05299,P0026,2026-08-22,Present
ATN000788,B05195,P0016,2026-07-10,Present
ATN000789,B05413,P0051,2026-07-06,Present
ATN000790,B05314,P0012,2026-08-13,Late
ATN000791,B05030,P0008,2026-08-06,Present
ATN000792,B05458,P0012,2026-07-23,Present
ATN000793,B05130,P0036,2026-07-18,Present
ATN000794,B05497,P0048,2026-08-26,Present
ATN000795,B05075,P0033,2026-08-14,Present
ATN000796,B05005,P0008,2026-08-27,Present
ATN000797,B05095,P0027,2026-07-14,Late
ATN000798,B05036,P0030,2026-08-01,Present
ATN000799,B05433,P0012,2026-08-22,Present
ATN000800,B05253,P0013,2026-07-20,Present
ATN000801,B05451,P0025,2026-08-23,Present
ATN000802,B05154,P0044,2026-08-06,Present
ATN000803,B05092,P0006,2026-08-26,Present
ATN000804,B05133,P0040,2026-07-05,Present
ATN000805,B05167,P0059,2026-07-25,Present
ATN000806,B05159,P0031,2026-08-04,Present
ATN000807,B05158,P0001,2026-07-22,Present
ATN000808,B05497,P0014,2026-07-08,Present
ATN000809,B05329,P0047,2026-08-04,Present
ATN000810,B05391,P0055,2026-07-11,Present
ATN000811,B05483,P0016,2026-07-01,Absent
ATN000812,B05378,P0052,2026-08-01,Present
ATN000813,B05277,P0053,2026-07-26,Present
ATN000814,B05389,P0048,2026-08-01,Present
ATN000815,B05407,P0014,2026-08-01,Present
ATN000816,B05159,P0041,2026-08-03,Present
ATN000817,B05098,P0049,2026-08-06,Present
ATN000818,B05468,P0051,2026-07-13,Absent
ATN000819,B05469,P0012,2026-07-15,Present
ATN000820,B05435,P0009,2026-08-07,Absent
ATN000821,B05464,P0066,2026-07-03,Absent
ATN000822,B05153,P0005,2026-07-16,Present
ATN000823,B05255,P0066,2026-08-05,Present
ATN000824,B05135,P0002,2026-07-02,Present
ATN000825,B05456,P0066,2026-07-15,Absent
ATN000826,B05031,P0021,2026-08-12,Present
ATN000827,B05250,P0028,2026-07-04,Present
ATN000828,B05002,P0059,2026-07-13,Present
ATN000829,B05470,P0045,2026-08-08,Late
ATN000830,B05450,P0052,2026-07-16,Present
ATN000831,B05159,P0045,2026-08-11,Present
ATN000832,B05015,P0030,2026-08-18,Absent
ATN000833,B05454,P0015,2026-07-09,Present
ATN000834,B05068,P0032,2026-08-04,Present
ATN000835,B05279,P0001,2026-08-23,Present
ATN000836,B05024,P0057,2026-08-17,Present
ATN000837,B05302,P0054,2026-07-26,Present
ATN000838,B05103,P0022,2026-07-27,Late
ATN000839,B05032,P0031,2026-08-08,Present
ATN000840,B05028,P0008,2026-07-16,Present
ATN000841,B05378,P0063,2026-08-23,Present
ATN000842,B05281,P0015,2026-07-10,Present
ATN000843,B05053,P0047,2026-07-21,Present
ATN000844,B05245,P0056,2026-08-27,Present
ATN000845,B05238,P0064,2026-07-27,Present
ATN000846,B05371,P0024,2026-07-16,Present
ATN000847,B05359,P0015,2026-08-25,Late
ATN000848,B05142,P0031,2026-07-31,Present
ATN000849,B05248,P0064,2026-07-25,Present
ATN000850,B05234,P0040,2026-08-20,Present
ATN000851,B05291,P0039,2026-08-28,Present
ATN000852,B05205,P0056,2026-07-13,Present
ATN000853,B05341,P0009,2026-08-11,Present
ATN000854,B05254,P0002,2026-08-24,Present
ATN000855,B05042,P0047,2026-08-05,Present
ATN000856,B05229,P0060,2026-07-30,Present
ATN000857,B05075,P0014,2026-07-06,Present
ATN000858,B05324,P0064,2026-08-08,Present
ATN000859,B05304,P0047,2026-08-02,Present
ATN000860,B05004,P0002,2026-07-06,Present
ATN000861,B05393,P0049,2026-08-29,Present
ATN000862,B05294,P0011,2026-07-05,Absent
ATN000863,B05186,P0022,2026-08-11,Present
ATN000864,B05197,P0009,2026-07-29,Present
ATN000865,B05269,P0049,2026-07-18,Present
ATN000866,B05139,P0045,2026-08-15,Present
ATN000867,B05327,P0042,2026-07-14,Present
ATN000868,B05078,P0044,2026-07-10,Late
ATN000869,B05064,P0064,2026-08-11,Present
ATN000870,B05463,P0062,2026-07-16,Absent
ATN000871,B05097,P0035,2026-08-16,Present
ATN000872,B05423,P0051,2026-08-12,Present
ATN000873,B05185,P0005,2026-07-08,Present
ATN000874,B05363,P0056,2026-07-08,Present
ATN000875,B05098,P0038,2026-08-24,Present
ATN000876,B05175,P0036,2026-07-19,Present
ATN000877,B05403,P0008,2026-08-17,Present
ATN000878,B05141,P0018,2026-08-08,Present
ATN000879,B05093,P0050,2026-08-07,Present
ATN000880,B05004,P0060,2026-07-23,Present
ATN000881,B05417,P0066,2026-08-11,Absent
ATN000882,B05388,P0025,2026-07-23,Present
ATN000883,B05322,P0065,2026-07-29,Present
ATN000884,B05106,P0050,2026-07-11,Present
ATN000885,B05103,P0059,2026-07-06,Present
ATN000886,B05321,P0042,2026-08-18,Absent
ATN000887,B05487,P0035,2026-08-03,Present
ATN000888,B05175,P0061,2026-07-30,Absent
ATN000889,B05270,P0016,2026-08-12,Present
ATN000890,B05057,P0057,2026-07-16,Present
ATN000891,B05162,P0053,2026-07-04,Present
ATN000892,B05106,P0057,2026-07-18,Present
ATN000893,B05108,P0010,2026-08-22,Present
ATN000894,B05382,P0047,2026-08-07,Present
ATN000895,B05244,P0005,2026-08-09,Present
ATN000896,B05260,P0046,2026-08-14,Present
ATN000897,B05436,P0006,2026-08-07,Present
ATN000898,B05388,P0061,2026-07-29,Present
ATN000899,B05471,P0005,2026-08-07,Present
ATN000900,B05216,P0002,2026-07-09,Late
ATN000901,B05440,P0049,2026-08-28,Present
ATN000902,B05383,P0028,2026-08-20,Present
ATN000903,B05124,P0061,2026-08-25,Present
ATN000904,B05495,P0044,2026-07-27,Present
ATN000905,B05152,P0004,2026-07-17,Present
ATN000906,B05218,P0057,2026-07-11,Present
ATN000907,B05435,P0028,2026-08-02,Present
ATN000908,B05420,P0052,2026-08-19,Present
ATN000909,B05322,P0022,2026-07-08,Absent
ATN000910,B05455,P0050,2026-07-12,Present
ATN000911,B05338,P0010,2026-08-22,Present
ATN000912,B05240,P0053,2026-07-03,Late
ATN000913,B05024,P0036,2026-08-13,Absent
ATN000914,B05476,P0062,2026-07-11,Present
ATN000915,B05098,P0009,2026-07-10,Absent
ATN000916,B05125,P0022,2026-07-23,Present
ATN000917,B05441,P0026,2026-07-15,Absent
ATN000918,B05010,P0066,2026-08-03,Absent
ATN000919,B05286,P0056,2026-07-26,Present
ATN000920,B05436,P0006,2026-08-03,Late
ATN000921,B05085,P0014,2026-07-17,Present
ATN000922,B05119,P0025,2026-08-18,Present
ATN000923,B05411,P0048,2026-07-07,Present
ATN000924,B05069,P0040,2026-07-26,Absent
ATN000925,B05291,P0034,2026-08-11,Present
ATN000926,B05280,P0006,2026-07-27,Late
ATN000927,B05090,P0002,2026-08-27,Present
ATN000928,B05449,P0005,2026-07-15,Late
ATN000929,B05224,P0015,2026-08-01,Present
ATN000930,B05138,P0009,2026-08-04,Absent
ATN000931,B05442,P0007,2026-07-24,Present
ATN000932,B05121,P0025,2026-07-21,Late
ATN000933,B05344,P0037,2026-07-18,Present
ATN000934,B05144,P0028,2026-08-07,Late
ATN000935,B05088,P0045,2026-08-24,Present
ATN000936,B05426,P0001,2026-07-19,Late
ATN000937,B05221,P0038,2026-07-23,Present
ATN000938,B05405,P0046,2026-08-23,Absent
ATN000939,B05026,P0011,2026-07-23,Present
ATN000940,B05301,P0024,2026-08-03,Absent
ATN000941,B05453,P0010,2026-07-01,Present
ATN000942,B05196,P0002,2026-08-17,Present
ATN000943,B05433,P0034,2026-07-08,Late
ATN000944,B05029,P0001,2026-07-08,Absent
ATN000945,B05328,P0035,2026-07-25,Present
ATN000946,B05200,P0056,2026-08-09,Present
ATN000947,B05075,P0027,2026-07-07,Absent
ATN000948,B05356,P0002,2026-07-16,Absent
ATN000949,B05446,P0003,2026-08-20,Present
ATN000950,B05384,P0054,2026-08-04,Present
ATN000951,B05179,P0018,2026-07-17,Present
ATN000952,B05013,P0010,2026-08-17,Present
ATN000953,B05107,P0048,2026-07-22,Present
ATN000954,B05112,P0020,2026-07-27,Present
ATN000955,B05250,P0029,2026-08-06,Present
ATN000956,B05314,P0005,2026-07-11,Present
ATN000957,B05423,P0029,2026-07-03,Present
ATN000958,B05127,P0013,2026-07-14,Present
ATN000959,B05025,P0023,2026-08-23,Present
ATN000960,B05467,P0045,2026-07-18,Late
ATN000961,B05292,P0001,2026-08-26,Present
ATN000962,B05046,P0006,2026-08-24,Present
ATN000963,B05217,P0043,2026-07-09,Absent
ATN000964,B05240,P0049,2026-08-26,Present
ATN000965,B05481,P0032,2026-07-08,Present
ATN000966,B05212,P0048,2026-07-04,Absent
ATN000967,B05269,P0058,2026-08-19,Present
ATN000968,B05028,P0034,2026-08-29,Absent
ATN000969,B05416,P0036,2026-07-01,Present
ATN000970,B05045,P0051,2026-08-26,Present
ATN000971,B05187,P0051,2026-07-14,Absent
ATN000972,B05174,P0006,2026-08-16,Present
ATN000973,B05113,P0045,2026-07-26,Present
ATN000974,B05477,P0039,2026-08-04,Present
ATN000975,B05317,P0019,2026-08-24,Absent
ATN000976,B05138,P0021,2026-08-14,Present
ATN000977,B05020,P0055,2026-08-08,Present
ATN000978,B05480,P0012,2026-07-09,Present
ATN000979,B05092,P0012,2026-07-08,Late
ATN000980,B05251,P0001,2026-08-15,Present
ATN000981,B05204,P0049,2026-07-21,Present
ATN000982,B05102,P0029,2026-08-12,Absent
ATN000983,B05310,P0049,2026-08-28,Present
ATN000984,B05329,P0017,2026-08-01,Present
ATN000985,B05488,P0035,2026-07-07,Present
ATN000986,B05184,P0063,2026-07-16,Late
ATN000987,B05211,P0004,2026-08-01,Present
ATN000988,B05182,P0021,2026-08-01,Present
ATN000989,B05241,P0035,2026-08-19,Present
ATN000990,B05187,P0055,2026-08-24,Absent
ATN000991,B05095,P0053,2026-08-04,Present
ATN000992,B05211,P0004,2026-08-22,Present
ATN000993,B05330,P0049,2026-07-10,Present
ATN000994,B05023,P0023,2026-08-01,Present
ATN000995,B05361,P0042,2026-07-23,Present
ATN000996,B05194,P0066,2026-07-20,Present
ATN000997,B05425,P0036,2026-07-01,Present
ATN000998,B05441,P0022,2026-08-05,Present
ATN000999,B05122,P0033,2026-07-31,Present
ATN001000,B05056,P0052,2026-07-07,Present
ATN001001,B05127,P0023,2026-08-24,Late
ATN001002,B05414,P0023,2026-08-17,Present
ATN001003,B05480,P0013,2026-07-27,Present
ATN001004,B05369,P0001,2026-07-02,Present
ATN001005,B05290,P0034,2026-07-28,Present
ATN001006,B05405,P0038,2026-08-21,Present
ATN001007,B05399,P0024,2026-08-03,Absent
ATN001008,B05286,P0065,2026-07-22,Present
ATN001009,B05054,P0007,2026-07-10,Present
ATN001010,B05488,P0062,2026-07-23,Absent
ATN001011,B05178,P0028,2026-08-19,Present
ATN001012,B05328,P0001,2026-07-19,Present
ATN001013,B05019,P0013,2026-08-09,Present
ATN001014,B05030,P0051,2026-08-13,Present
ATN001015,B05089,P0050,2026-08-27,Absent
ATN001016,B05078,P0061,2026-08-15,Present
ATN001017,B05131,P0056,2026-08-13,Present
ATN001018,B05176,P0022,2026-08-21,Present
ATN001019,B05019,P0053,2026-08-23,Present
ATN001020,B05361,P0021,2026-07-10,Present
ATN001021,B05465,P0016,2026-07-23,Present
ATN001022,B05126,P0058,2026-08-24,Present
ATN001023,B05441,P0015,2026-07-28,Present
ATN001024,B05070,P0053,2026-08-27,Absent
ATN001025,B05183,P0020,2026-08-18,Present
ATN001026,B05233,P0053,2026-08-29,Present
ATN001027,B05184,P0023,2026-07-14,Present
ATN001028,B05409,P0057,2026-08-14,Present
ATN001029,B05312,P0020,2026-07-13,Present
ATN001030,B05340,P0031,2026-07-26,Present
ATN001031,B05377,P0048,2026-07-25,Present
ATN001032,B05207,P0009,2026-07-13,Present
ATN001033,B05081,P0005,2026-07-29,Present
ATN001034,B05136,P0014,2026-07-02,Present
ATN001035,B05169,P0039,2026-08-04,Late
ATN001036,B05293,P0049,2026-08-09,Absent
ATN001037,B05256,P0010,2026-08-13,Present
ATN001038,B05030,P0032,2026-08-21,Present
ATN001039,B05453,P0064,2026-08-23,Absent
ATN001040,B05241,P0060,2026-08-10,Present
ATN001041,B05188,P0027,2026-07-28,Present
ATN001042,B05292,P0002,2026-07-09,Present
ATN001043,B05302,P0041,2026-08-07,Present
ATN001044,B05205,P0051,2026-07-28,Present
ATN001045,B05331,P0067,2026-08-05,Present
ATN001046,B05270,P0061,2026-07-03,Present
ATN001047,B05145,P0008,2026-07-05,Absent
ATN001048,B05457,P0006,2026-08-05,Present
ATN001049,B05127,P0057,2026-07-05,Present
ATN001050,B05063,P0056,2026-07-26,Present
ATN001051,B05329,P0022,2026-07-14,Present
ATN001052,B05254,P0050,2026-07-25,Present
ATN001053,B05499,P0036,2026-08-16,Present
ATN001054,B05304,P0037,2026-07-03,Present
ATN001055,B05472,P0062,2026-07-19,Present
ATN001056,B05024,P0029,2026-08-18,Present
ATN001057,B05391,P0065,2026-08-15,Present
ATN001058,B05414,P0007,2026-07-29,Present
ATN001059,B05228,P0009,2026-07-20,Present
ATN001060,B05481,P0011,2026-07-11,Absent
ATN001061,B05112,P0061,2026-08-16,Present
ATN001062,B05082,P0004,2026-07-12,Present
ATN001063,B05159,P0062,2026-08-05,Present
ATN001064,B05422,P0063,2026-08-13,Present
ATN001065,B05207,P0040,2026-07-09,Present
ATN001066,B05426,P0021,2026-08-23,Present
ATN001067,B05027,P0025,2026-08-15,Absent
ATN001068,B05184,P0042,2026-08-25,Present
ATN001069,B05110,P0049,2026-08-23,Present
ATN001070,B05466,P0029,2026-07-29,Present
ATN001071,B05449,P0061,2026-07-10,Present
ATN001072,B05286,P0010,2026-07-03,Present
ATN001073,B05029,P0041,2026-07-18,Present
ATN001074,B05442,P0046,2026-07-01,Absent
ATN001075,B05012,P0059,2026-08-13,Present
ATN001076,B05140,P0058,2026-08-01,Present
ATN001077,B05451,P0004,2026-07-14,Absent
ATN001078,B05091,P0041,2026-08-05,Present
ATN001079,B05193,P0017,2026-07-04,Present
ATN001080,B05354,P0054,2026-08-24,Present
ATN001081,B05288,P0064,2026-08-11,Late
ATN001082,B05169,P0047,2026-08-24,Present
ATN001083,B05053,P0055,2026-08-25,Late
ATN001084,B05233,P0041,2026-07-04,Late
ATN001085,B05057,P0013,2026-08-25,Present
ATN001086,B05295,P0050,2026-08-24,Present
ATN001087,B05283,P0040,2026-07-01,Present
ATN001088,B05169,P0058,2026-08-04,Late
ATN001089,B05322,P0033,2026-07-15,Present
ATN001090,B05394,P0032,2026-08-04,Present
ATN001091,B05471,P0045,2026-08-12,Present
ATN001092,B05233,P0011,2026-07-04,Present
ATN001093,B05085,P0028,2026-07-15,Present
ATN001094,B05009,P0039,2026-07-23,Present
ATN001095,B05411,P0032,2026-08-02,Present
ATN001096,B05024,P0060,2026-08-24,Present
ATN001097,B05199,P0003,2026-08-09,Absent
ATN001098,B05442,P0026,2026-08-26,Present
ATN001099,B05394,P0026,2026-08-09,Present
ATN001100,B05048,P0019,2026-08-17,Present
ATN001101,B05066,P0060,2026-07-07,Present
ATN001102,B05046,P0046,2026-07-04,Present
ATN001103,B05222,P0022,2026-07-05,Absent
ATN001104,B05318,P0014,2026-08-28,Present
ATN001105,B05169,P0035,2026-07-10,Present
ATN001106,B05356,P0005,2026-08-20,Present
ATN001107,B05110,P0034,2026-07-12,Present
ATN001108,B05142,P0041,2026-08-02,Present
ATN001109,B05417,P0010,2026-08-03,Late
ATN001110,B05004,P0055,2026-08-03,Present
ATN001111,B05052,P0047,2026-08-25,Present
ATN001112,B05372,P0011,2026-08-23,Present
ATN001113,B05310,P0052,2026-08-24,Present
ATN001114,B05161,P0031,2026-07-25,Present
ATN001115,B05115,P0025,2026-07-19,Present
ATN001116,B05186,P0034,2026-07-04,Present
ATN001117,B05152,P0027,2026-07-24,Present
ATN001118,B05057,P0065,2026-08-01,Absent
ATN001119,B05064,P0013,2026-08-01,Present
ATN001120,B05248,P0038,2026-08-09,Present
ATN001121,B05270,P0066,2026-08-16,Present
ATN001122,B05140,P0065,2026-07-16,Present
ATN001123,B05049,P0002,2026-07-22,Present
ATN001124,B05416,P0032,2026-07-15,Present
ATN001125,B05096,P0039,2026-08-26,Present
ATN001126,B05013,P0033,2026-07-20,Present
ATN001127,B05318,P0036,2026-08-27,Present
ATN001128,B05454,P0021,2026-08-20,Present
ATN001129,B05421,P0005,2026-08-16,Present
ATN001130,B05359,P0014,2026-07-28,Present
ATN001131,B05233,P0054,2026-07-10,Absent
ATN001132,B05260,P0012,2026-07-16,Present
ATN001133,B05330,P0035,2026-08-23,Present
ATN001134,B05298,P0067,2026-08-29,Absent
ATN001135,B05189,P0020,2026-08-16,Present
ATN001136,B05024,P0059,2026-08-24,Late
ATN001137,B05076,P0017,2026-07-17,Present
ATN001138,B05352,P0056,2026-08-05,Absent
ATN001139,B05175,P0032,2026-07-29,Present
ATN001140,B05033,P0015,2026-07-17,Present
ATN001141,B05078,P0043,2026-08-11,Present
ATN001142,B05486,P0022,2026-07-30,Present
ATN001143,B05231,P0066,2026-07-30,Present
ATN001144,B05045,P0011,2026-08-23,Present
ATN001145,B05202,P0041,2026-08-11,Present
ATN001146,B05393,P0046,2026-07-20,Present
ATN001147,B05322,P0009,2026-08-09,Present
ATN001148,B05488,P0039,2026-07-28,Absent
ATN001149,B05420,P0066,2026-08-11,Present
ATN001150,B05206,P0049,2026-07-10,Present
ATN001151,B05485,P0042,2026-07-27,Present
ATN001152,B05408,P0014,2026-07-02,Present
ATN001153,B05455,P0064,2026-08-24,Present
ATN001154,B05147,P0065,2026-07-04,Present
ATN001155,B05348,P0012,2026-08-05,Present
ATN001156,B05485,P0045,2026-08-11,Present
ATN001157,B05139,P0007,2026-08-01,Present
ATN001158,B05228,P0023,2026-08-07,Present
ATN001159,B05222,P0061,2026-07-02,Present
ATN001160,B05177,P0065,2026-07-14,Present
ATN001161,B05096,P0055,2026-08-14,Present
ATN001162,B05416,P0036,2026-08-07,Late
ATN001163,B05378,P0043,2026-08-12,Present
ATN001164,B05273,P0010,2026-08-20,Present
ATN001165,B05457,P0013,2026-07-27,Present
ATN001166,B05261,P0063,2026-07-14,Absent
ATN001167,B05410,P0058,2026-08-18,Present
ATN001168,B05403,P0031,2026-07-01,Late
ATN001169,B05429,P0043,2026-07-23,Present
ATN001170,B05300,P0023,2026-08-07,Late
ATN001171,B05337,P0035,2026-07-14,Absent
ATN001172,B05018,P0059,2026-08-15,Present
ATN001173,B05130,P0055,2026-07-09,Present
ATN001174,B05400,P0028,2026-07-22,Present
ATN001175,B05437,P0048,2026-08-03,Present
ATN001176,B05357,P0019,2026-08-11,Present
ATN001177,B05257,P0016,2026-08-23,Present
ATN001178,B05416,P0039,2026-08-14,Absent
ATN001179,B05207,P0067,2026-07-14,Present
ATN001180,B05034,P0005,2026-07-13,Present
ATN001181,B05212,P0037,2026-08-04,Present
ATN001182,B05302,P0026,2026-08-20,Present
ATN001183,B05374,P0028,2026-07-17,Present
ATN001184,B05333,P0055,2026-08-02,Present
ATN001185,B05383,P0026,2026-07-26,Present
ATN001186,B05255,P0034,2026-08-27,Present
ATN001187,B05236,P0007,2026-07-18,Present
ATN001188,B05022,P0034,2026-07-28,Present
ATN001189,B05098,P0045,2026-07-17,Present
ATN001190,B05383,P0044,2026-08-18,Absent
ATN001191,B05122,P0005,2026-07-03,Absent
ATN001192,B05177,P0045,2026-08-10,Absent
ATN001193,B05217,P0040,2026-07-22,Late
ATN001194,B05277,P0025,2026-08-18,Present
ATN001195,B05238,P0010,2026-07-16,Present
ATN001196,B05171,P0036,2026-07-28,Present
ATN001197,B05126,P0044,2026-07-13,Absent
ATN001198,B05260,P0021,2026-08-18,Present
ATN001199,B05317,P0021,2026-07-04,Present
ATN001200,B05225,P0039,2026-07-22,Present
ATN001201,B05323,P0042,2026-08-21,Absent
ATN001202,B05103,P0038,2026-08-13,Present
ATN001203,B05193,P0004,2026-07-03,Present
ATN001204,B05354,P0046,2026-08-24,Absent
ATN001205,B05330,P0045,2026-07-16,Present
ATN001206,B05047,P0054,2026-07-31,Absent
ATN001207,B05309,P0019,2026-07-06,Absent
ATN001208,B05263,P0018,2026-08-11,Present
ATN001209,B05382,P0038,2026-08-18,Present
ATN001210,B05086,P0018,2026-08-16,Late
ATN001211,B05133,P0055,2026-08-29,Present
ATN001212,B05464,P0047,2026-07-22,Present
ATN001213,B05233,P0005,2026-07-24,Present
ATN001214,B05093,P0027,2026-08-28,Late
ATN001215,B05312,P0023,2026-07-09,Present
ATN001216,B05133,P0005,2026-07-12,Present
ATN001217,B05030,P0009,2026-08-08,Absent
ATN001218,B05186,P0001,2026-08-24,Present
ATN001219,B05226,P0037,2026-07-14,Present
ATN001220,B05475,P0027,2026-08-15,Present
ATN001221,B05189,P0038,2026-08-10,Late
ATN001222,B05138,P0059,2026-08-05,Late
ATN001223,B05304,P0042,2026-08-26,Present
ATN001224,B05330,P0021,2026-07-24,Present
ATN001225,B05370,P0013,2026-08-10,Present
ATN001226,B05279,P0034,2026-07-16,Present
ATN001227,B05006,P0017,2026-07-30,Present
ATN001228,B05283,P0049,2026-08-24,Absent
ATN001229,B05373,P0024,2026-07-26,Absent
ATN001230,B05180,P0056,2026-07-22,Present
ATN001231,B05334,P0045,2026-08-18,Absent
ATN001232,B05112,P0036,2026-08-25,Present
ATN001233,B05215,P0043,2026-07-13,Present
ATN001234,B05162,P0033,2026-08-10,Present
ATN001235,B05249,P0035,2026-07-26,Present
ATN001236,B05081,P0029,2026-08-16,Present
ATN001237,B05180,P0013,2026-07-14,Present
ATN001238,B05354,P0030,2026-08-03,Present
ATN001239,B05031,P0066,2026-08-09,Present
ATN001240,B05278,P0053,2026-08-16,Present
ATN001241,B05500,P0042,2026-08-17,Present
ATN001242,B05133,P0027,2026-07-29,Present
ATN001243,B05329,P0067,2026-07-26,Present
ATN001244,B05274,P0026,2026-08-15,Present
ATN001245,B05277,P0061,2026-08-02,Present
ATN001246,B05317,P0043,2026-08-25,Absent
ATN001247,B05256,P0024,2026-07-18,Late
ATN001248,B05301,P0011,2026-07-16,Present
ATN001249,B05070,P0030,2026-08-23,Present
ATN001250,B05108,P0003,2026-07-19,Present
ATN001251,B05029,P0008,2026-07-15,Present
ATN001252,B05467,P0029,2026-07-20,Present
ATN001253,B05111,P0048,2026-07-20,Absent
ATN001254,B05103,P0037,2026-07-05,Present
ATN001255,B05430,P0026,2026-08-14,Present
ATN001256,B05435,P0012,2026-07-17,Present
ATN001257,B05388,P0019,2026-07-19,Present
ATN001258,B05172,P0027,2026-08-17,Present
ATN001259,B05359,P0053,2026-07-22,Present
ATN001260,B05489,P0021,2026-07-25,Present
ATN001261,B05128,P0028,2026-07-24,Absent
ATN001262,B05034,P0058,2026-08-23,Present
ATN001263,B05172,P0063,2026-08-04,Absent
ATN001264,B05323,P0027,2026-08-02,Absent
ATN001265,B05366,P0049,2026-08-07,Present
ATN001266,B05058,P0044,2026-07-28,Absent
ATN001267,B05476,P0058,2026-08-05,Absent
ATN001268,B05445,P0041,2026-07-31,Present
ATN001269,B05332,P0009,2026-07-14,Present
ATN001270,B05379,P0042,2026-08-08,Present
ATN001271,B05394,P0057,2026-08-19,Present
ATN001272,B05013,P0013,2026-08-09,Present
ATN001273,B05285,P0065,2026-08-15,Present
ATN001274,B05179,P0049,2026-07-08,Present
ATN001275,B05174,P0028,2026-07-03,Present
ATN001276,B05407,P0057,2026-08-07,Present
ATN001277,B05023,P0043,2026-08-11,Present
ATN001278,B05091,P0037,2026-07-09,Present
ATN001279,B05108,P0024,2026-08-18,Absent
ATN001280,B05311,P0053,2026-08-04,Absent
ATN001281,B05311,P0014,2026-07-11,Absent
ATN001282,B05454,P0010,2026-07-07,Present
ATN001283,B05211,P0020,2026-07-20,Present
ATN001284,B05060,P0042,2026-08-10,Present
ATN001285,B05153,P0066,2026-08-06,Present
ATN001286,B05461,P0036,2026-07-19,Present
ATN001287,B05459,P0031,2026-08-16,Present
ATN001288,B05174,P0062,2026-08-16,Present
ATN001289,B05454,P0044,2026-07-12,Absent
ATN001290,B05046,P0034,2026-07-21,Late
ATN001291,B05083,P0052,2026-08-18,Present
ATN001292,B05151,P0042,2026-07-12,Late
ATN001293,B05416,P0022,2026-08-05,Present
ATN001294,B05043,P0058,2026-08-10,Present
ATN001295,B05497,P0041,2026-07-14,Present
ATN001296,B05021,P0059,2026-07-21,Absent
ATN001297,B05100,P0051,2026-07-19,Present
ATN001298,B05346,P0053,2026-08-23,Present
ATN001299,B05087,P0002,2026-08-15,Present
ATN001300,B05472,P0026,2026-07-27,Late
ATN001301,B05456,P0067,2026-08-27,Present
ATN001302,B05324,P0048,2026-07-21,Late
ATN001303,B05016,P0003,2026-08-23,Present
ATN001304,B05084,P0057,2026-08-16,Present
ATN001305,B05384,P0041,2026-07-18,Late
ATN001306,B05187,P0018,2026-08-07,Present
ATN001307,B05213,P0044,2026-07-14,Present
ATN001308,B05049,P0056,2026-07-08,Present
ATN001309,B05040,P0048,2026-08-17,Present
ATN001310,B05112,P0017,2026-08-07,Late
ATN001311,B05047,P0054,2026-08-27,Present
ATN001312,B05115,P0015,2026-07-05,Present
ATN001313,B05287,P0048,2026-07-07,Present
ATN001314,B05200,P0034,2026-07-22,Present
ATN001315,B05483,P0043,2026-08-04,Late
ATN001316,B05029,P0049,2026-08-11,Present
ATN001317,B05134,P0064,2026-07-04,Absent
ATN001318,B05011,P0022,2026-07-28,Present
ATN001319,B05064,P0061,2026-07-13,Present
ATN001320,B05384,P0042,2026-08-10,Absent
ATN001321,B05409,P0035,2026-07-12,Present
ATN001322,B05324,P0053,2026-08-22,Present
ATN001323,B05377,P0049,2026-08-02,Present
ATN001324,B05169,P0022,2026-08-25,Present
ATN001325,B05159,P0035,2026-08-06,Present
ATN001326,B05478,P0049,2026-07-17,Present
ATN001327,B05380,P0048,2026-07-03,Present
ATN001328,B05434,P0011,2026-07-27,Absent
ATN001329,B05146,P0037,2026-07-06,Present
ATN001330,B05034,P0049,2026-07-12,Present
ATN001331,B05499,P0016,2026-08-14,Present
ATN001332,B05311,P0019,2026-08-24,Present
ATN001333,B05167,P0030,2026-07-17,Absent
ATN001334,B05213,P0031,2026-08-21,Present
ATN001335,B05382,P0019,2026-08-23,Present
ATN001336,B05032,P0006,2026-08-21,Present
ATN001337,B05110,P0045,2026-08-09,Present
ATN001338,B05371,P0062,2026-08-22,Present
ATN001339,B05489,P0019,2026-08-23,Present
ATN001340,B05071,P0029,2026-07-19,Present
ATN001341,B05406,P0048,2026-07-04,Present
ATN001342,B05226,P0042,2026-08-07,Present
ATN001343,B05369,P0066,2026-07-18,Present
ATN001344,B05032,P0050,2026-08-07,Present
ATN001345,B05443,P0063,2026-07-07,Present
ATN001346,B05116,P0062,2026-07-24,Present
ATN001347,B05313,P0036,2026-08-05,Present
ATN001348,B05009,P0010,2026-08-14,Present
ATN001349,B05107,P0054,2026-08-14,Absent
ATN001350,B05289,P0043,2026-07-24,Present
ATN001351,B05006,P0016,2026-08-27,Present
ATN001352,B05088,P0049,2026-08-23,Present
ATN001353,B05120,P0046,2026-08-21,Present
ATN001354,B05143,P0015,2026-07-19,Present
ATN001355,B05013,P0005,2026-08-05,Absent
ATN001356,B05142,P0055,2026-07-19,Absent
ATN001357,B05014,P0008,2026-07-23,Present
ATN001358,B05458,P0058,2026-07-15,Present
ATN001359,B05347,P0054,2026-07-21,Present
ATN001360,B05237,P0005,2026-08-13,Present
ATN001361,B05167,P0044,2026-07-18,Present
ATN001362,B05269,P0007,2026-07-22,Absent
ATN001363,B05167,P0006,2026-08-16,Absent
ATN001364,B05204,P0056,2026-07-24,Absent
ATN001365,B05314,P0019,2026-07-11,Present
ATN001366,B05109,P0038,2026-07-11,Present
ATN001367,B05221,P0062,2026-08-13,Absent
ATN001368,B05268,P0047,2026-07-29,Present
ATN001369,B05104,P0010,2026-08-22,Present
ATN001370,B05287,P0051,2026-07-06,Present
ATN001371,B05188,P0007,2026-07-28,Present
ATN001372,B05471,P0016,2026-07-22,Present
ATN001373,B05237,P0030,2026-07-02,Present
ATN001374,B05498,P0062,2026-08-20,Present
ATN001375,B05351,P0037,2026-08-02,Present
ATN001376,B05339,P0014,2026-07-23,Present
ATN001377,B05369,P0048,2026-07-26,Present
ATN001378,B05254,P0017,2026-08-26,Present
ATN001379,B05096,P0008,2026-07-06,Present
ATN001380,B05385,P0013,2026-07-05,Present
ATN001381,B05013,P0029,2026-08-27,Present
ATN001382,B05035,P0067,2026-07-17,Present
ATN001383,B05252,P0005,2026-07-18,Present
ATN001384,B05430,P0062,2026-08-16,Absent
ATN001385,B05393,P0036,2026-08-24,Present
ATN001386,B05141,P0035,2026-07-05,Present
ATN001387,B05306,P0050,2026-08-23,Present
ATN001388,B05035,P0005,2026-07-29,Present
ATN001389,B05072,P0013,2026-08-01,Present
ATN001390,B05172,P0024,2026-08-04,Present
ATN001391,B05233,P0025,2026-07-09,Absent
ATN001392,B05395,P0009,2026-07-11,Present
ATN001393,B05483,P0024,2026-07-18,Present
ATN001394,B05466,P0028,2026-07-31,Present
ATN001395,B05206,P0054,2026-08-05,Present
ATN001396,B05107,P0018,2026-08-19,Absent
ATN001397,B05194,P0053,2026-07-01,Present
ATN001398,B05304,P0060,2026-07-30,Present
ATN001399,B05497,P0033,2026-07-08,Present
ATN001400,B05143,P0009,2026-07-26,Present
ATN001401,B05448,P0051,2026-08-07,Absent
ATN001402,B05296,P0047,2026-07-16,Present
ATN001403,B05432,P0053,2026-07-02,Present
ATN001404,B05023,P0050,2026-08-01,Present
ATN001405,B05015,P0061,2026-08-16,Present
ATN001406,B05493,P0006,2026-07-29,Present
ATN001407,B05450,P0041,2026-07-01,Present
ATN001408,B05213,P0062,2026-07-04,Present
ATN001409,B05151,P0029,2026-07-29,Late
ATN001410,B05221,P0053,2026-08-01,Present
ATN001411,B05351,P0034,2026-07-29,Present
ATN001412,B05086,P0022,2026-08-27,Present
ATN001413,B05326,P0038,2026-08-23,Late
ATN001414,B05239,P0003,2026-08-19,Present
ATN001415,B05499,P0053,2026-08-06,Present
ATN001416,B05012,P0048,2026-08-20,Present
ATN001417,B05346,P0026,2026-08-10,Absent
ATN001418,B05202,P0026,2026-07-04,Present
ATN001419,B05332,P0028,2026-07-05,Late
ATN001420,B05271,P0020,2026-07-16,Present
ATN001421,B05274,P0052,2026-07-28,Absent
ATN001422,B05197,P0037,2026-08-28,Present
ATN001423,B05207,P0041,2026-07-19,Present
ATN001424,B05092,P0057,2026-08-11,Present
ATN001425,B05329,P0010,2026-07-12,Late
ATN001426,B05356,P0061,2026-07-13,Present
ATN001427,B05081,P0060,2026-08-17,Present
ATN001428,B05405,P0055,2026-08-28,Present
ATN001429,B05347,P0003,2026-08-29,Present
ATN001430,B05029,P0064,2026-08-22,Present
ATN001431,B05188,P0026,2026-08-22,Present
ATN001432,B05436,P0017,2026-08-22,Present
ATN001433,B05246,P0025,2026-08-24,Present
ATN001434,B05363,P0063,2026-08-05,Absent
ATN001435,B05234,P0027,2026-07-21,Present
ATN001436,B05295,P0013,2026-07-20,Absent
ATN001437,B05010,P0014,2026-08-06,Present
ATN001438,B05232,P0020,2026-07-20,Present
ATN001439,B05195,P0049,2026-07-19,Present
ATN001440,B05452,P0043,2026-07-30,Present
ATN001441,B05433,P0053,2026-07-16,Absent
ATN001442,B05354,P0007,2026-07-04,Present
ATN001443,B05170,P0023,2026-07-11,Present
ATN001444,B05142,P0063,2026-07-13,Present
ATN001445,B05407,P0025,2026-07-22,Present
ATN001446,B05287,P0002,2026-07-19,Present
ATN001447,B05166,P0061,2026-07-29,Present
ATN001448,B05232,P0023,2026-07-11,Present
ATN001449,B05114,P0031,2026-08-19,Present
ATN001450,B05433,P0013,2026-08-26,Present
ATN001451,B05323,P0054,2026-08-21,Present
ATN001452,B05013,P0039,2026-07-09,Present
ATN001453,B05245,P0011,2026-08-04,Present
ATN001454,B05447,P0066,2026-07-30,Present
ATN001455,B05147,P0030,2026-07-21,Present
ATN001456,B05098,P0065,2026-07-01,Present
ATN001457,B05479,P0011,2026-07-04,Present
ATN001458,B05451,P0052,2026-07-27,Present
ATN001459,B05390,P0058,2026-08-18,Present
ATN001460,B05177,P0014,2026-08-16,Present
ATN001461,B05239,P0064,2026-07-17,Present
ATN001462,B05309,P0009,2026-08-23,Absent
ATN001463,B05495,P0048,2026-08-12,Present
ATN001464,B05219,P0001,2026-08-16,Absent
ATN001465,B05437,P0040,2026-07-13,Present
ATN001466,B05134,P0058,2026-08-10,Present
ATN001467,B05264,P0062,2026-08-21,Present
ATN001468,B05416,P0058,2026-08-09,Present
ATN001469,B05077,P0037,2026-07-27,Present
ATN001470,B05035,P0047,2026-08-11,Absent
ATN001471,B05002,P0034,2026-08-01,Present
ATN001472,B05353,P0019,2026-08-12,Present
ATN001473,B05016,P0065,2026-07-10,Present
ATN001474,B05477,P0059,2026-08-24,Present
ATN001475,B05293,P0002,2026-08-06,Present
ATN001476,B05172,P0019,2026-07-07,Absent
ATN001477,B05192,P0047,2026-07-11,Present
ATN001478,B05394,P0027,2026-08-10,Late
ATN001479,B05224,P0008,2026-08-17,Present
ATN001480,B05313,P0037,2026-08-26,Present
ATN001481,B05095,P0023,2026-07-15,Present
ATN001482,B05141,P0054,2026-07-01,Present
ATN001483,B05314,P0014,2026-08-28,Late
ATN001484,B05422,P0044,2026-07-17,Present
ATN001485,B05128,P0028,2026-07-02,Present
ATN001486,B05057,P0006,2026-08-21,Late
ATN001487,B05384,P0015,2026-08-26,Present
ATN001488,B05208,P0041,2026-08-09,Present
ATN001489,B05026,P0037,2026-07-29,Present
ATN001490,B05324,P0057,2026-08-29,Present
ATN001491,B05476,P0065,2026-08-27,Present
ATN001492,B05399,P0005,2026-08-17,Present
ATN001493,B05300,P0030,2026-07-01,Present
ATN001494,B05294,P0065,2026-08-29,Late
ATN001495,B05441,P0019,2026-08-08,Absent
ATN001496,B05411,P0028,2026-08-10,Present
ATN001497,B05348,P0024,2026-07-05,Present
ATN001498,B05280,P0011,2026-08-12,Present
ATN001499,B05121,P0010,2026-08-16,Present
ATN001500,B05411,P0053,2026-08-18,Present
ATN001501,B05151,P0006,2026-08-27,Present
ATN001502,B05397,P0064,2026-07-17,Present
ATN001503,B05388,P0015,2026-08-19,Present
ATN001504,B05237,P0026,2026-07-17,Present
ATN001505,B05187,P0021,2026-07-30,Present
ATN001506,B05033,P0060,2026-08-08,Present
ATN001507,B05251,P0031,2026-08-28,Present
ATN001508,B05415,P0011,2026-08-22,Present
ATN001509,B05194,P0009,2026-07-11,Absent
ATN001510,B05380,P0007,2026-08-23,Absent
ATN001511,B05155,P0037,2026-08-12,Present
ATN001512,B05214,P0027,2026-08-04,Present
ATN001513,B05243,P0004,2026-07-20,Present
ATN001514,B05075,P0051,2026-07-12,Present
ATN001515,B05240,P0051,2026-08-09,Absent
ATN001516,B05412,P0022,2026-07-06,Present
ATN001517,B05034,P0007,2026-07-03,Late
ATN001518,B05217,P0007,2026-07-06,Present
ATN001519,B05322,P0048,2026-08-25,Present
ATN001520,B05296,P0007,2026-08-10,Present
ATN001521,B05436,P0004,2026-08-18,Present
ATN001522,B05266,P0024,2026-08-11,Present
ATN001523,B05270,P0051,2026-08-06,Present
ATN001524,B05387,P0019,2026-07-22,Late
ATN001525,B05438,P0012,2026-07-02,Late
ATN001526,B05329,P0061,2026-07-21,Present
ATN001527,B05224,P0004,2026-07-09,Present
ATN001528,B05158,P0048,2026-08-07,Absent
ATN001529,B05352,P0062,2026-08-07,Present
ATN001530,B05259,P0032,2026-07-17,Present
ATN001531,B05145,P0044,2026-08-21,Present
ATN001532,B05433,P0042,2026-07-03,Late
ATN001533,B05463,P0044,2026-08-04,Present
ATN001534,B05086,P0065,2026-08-27,Present
ATN001535,B05482,P0047,2026-08-29,Present
ATN001536,B05182,P0007,2026-07-19,Present
ATN001537,B05366,P0063,2026-07-28,Present
ATN001538,B05308,P0034,2026-07-20,Present
ATN001539,B05247,P0047,2026-07-05,Present
ATN001540,B05397,P0025,2026-07-24,Present
ATN001541,B05082,P0040,2026-07-10,Present
ATN001542,B05150,P0010,2026-07-31,Absent
ATN001543,B05430,P0006,2026-08-15,Present
ATN001544,B05015,P0032,2026-08-17,Present
ATN001545,B05463,P0031,2026-07-22,Present
ATN001546,B05136,P0026,2026-07-23,Present
ATN001547,B05125,P0043,2026-08-20,Present
ATN001548,B05303,P0025,2026-08-10,Present
ATN001549,B05348,P0067,2026-07-23,Absent
ATN001550,B05379,P0005,2026-08-01,Present
ATN001551,B05496,P0044,2026-07-09,Present
ATN001552,B05084,P0065,2026-07-25,Present
ATN001553,B05188,P0062,2026-07-29,Late
ATN001554,B05058,P0044,2026-08-16,Present
ATN001555,B05108,P0049,2026-07-25,Present
ATN001556,B05039,P0018,2026-07-14,Present
ATN001557,B05464,P0030,2026-07-04,Present
ATN001558,B05406,P0011,2026-08-25,Present
ATN001559,B05031,P0015,2026-08-11,Present
ATN001560,B05078,P0049,2026-07-05,Present
ATN001561,B05300,P0033,2026-07-14,Late
ATN001562,B05247,P0050,2026-07-01,Present
ATN001563,B05346,P0014,2026-07-30,Present
ATN001564,B05376,P0029,2026-08-23,Present
ATN001565,B05302,P0048,2026-07-27,Present
ATN001566,B05019,P0059,2026-08-23,Absent
ATN001567,B05015,P0018,2026-07-21,Absent
ATN001568,B05304,P0063,2026-07-27,Late
ATN001569,B05477,P0025,2026-08-08,Present
ATN001570,B05242,P0014,2026-07-11,Present
ATN001571,B05036,P0062,2026-08-29,Present
ATN001572,B05034,P0037,2026-08-21,Present
ATN001573,B05216,P0032,2026-08-11,Absent
ATN001574,B05142,P0060,2026-08-14,Present
ATN001575,B05197,P0055,2026-07-01,Present
ATN001576,B05065,P0050,2026-08-06,Present
ATN001577,B05163,P0059,2026-08-19,Late
ATN001578,B05108,P0008,2026-08-07,Present
ATN001579,B05190,P0026,2026-07-27,Present
ATN001580,B05383,P0004,2026-07-04,Late
ATN001581,B05093,P0060,2026-07-02,Present
ATN001582,B05223,P0013,2026-07-02,Present
ATN001583,B05306,P0025,2026-08-19,Present
ATN001584,B05281,P0061,2026-07-13,Present
ATN001585,B05401,P0026,2026-08-14,Present
ATN001586,B05061,P0051,2026-07-30,Absent
ATN001587,B05241,P0016,2026-08-29,Present
ATN001588,B05070,P0009,2026-08-01,Present
ATN001589,B05432,P0044,2026-08-02,Present
ATN001590,B05347,P0031,2026-07-21,Present
ATN001591,B05461,P0023,2026-08-21,Present
ATN001592,B05277,P0037,2026-07-05,Present
ATN001593,B05316,P0053,2026-08-23,Present
ATN001594,B05074,P0003,2026-08-15,Present
ATN001595,B05172,P0023,2026-07-21,Present
ATN001596,B05168,P0043,2026-07-14,Present
ATN001597,B05354,P0066,2026-07-02,Present
ATN001598,B05046,P0059,2026-08-25,Present
ATN001599,B05399,P0064,2026-07-25,Present
ATN001600,B05407,P0016,2026-08-24,Present
ATN001601,B05032,P0019,2026-07-07,Present
ATN001602,B05470,P0038,2026-07-19,Present
ATN001603,B05042,P0002,2026-07-11,Present
ATN001604,B05436,P0023,2026-07-03,Present
ATN001605,B05112,P0053,2026-07-18,Present
ATN001606,B05094,P0002,2026-08-15,Present
ATN001607,B05190,P0057,2026-08-05,Absent
ATN001608,B05306,P0033,2026-08-10,Present
ATN001609,B05091,P0046,2026-07-20,Present
ATN001610,B05351,P0050,2026-08-18,Absent
ATN001611,B05324,P0062,2026-07-05,Absent
ATN001612,B05384,P0023,2026-07-02,Late
ATN001613,B05040,P0032,2026-07-29,Present
ATN001614,B05226,P0046,2026-08-15,Present
ATN001615,B05281,P0023,2026-08-14,Present
ATN001616,B05110,P0013,2026-08-09,Late
ATN001617,B05404,P0012,2026-07-27,Present
ATN001618,B05280,P0019,2026-07-10,Absent
ATN001619,B05151,P0003,2026-08-21,Late
ATN001620,B05301,P0018,2026-08-10,Present
ATN001621,B05390,P0004,2026-08-22,Present
ATN001622,B05461,P0015,2026-07-09,Present
ATN001623,B05121,P0016,2026-08-02,Present
ATN001624,B05325,P0027,2026-07-18,Present
ATN001625,B05321,P0022,2026-08-08,Present
ATN001626,B05481,P0061,2026-08-18,Present
ATN001627,B05456,P0022,2026-08-26,Present
ATN001628,B05170,P0061,2026-07-03,Present
ATN001629,B05443,P0055,2026-07-14,Absent
ATN001630,B05009,P0048,2026-07-11,Present
ATN001631,B05017,P0052,2026-08-24,Absent
ATN001632,B05223,P0065,2026-08-14,Present
ATN001633,B05351,P0004,2026-07-20,Present
ATN001634,B05070,P0058,2026-08-18,Present
ATN001635,B05172,P0049,2026-08-21,Present
ATN001636,B05074,P0056,2026-08-12,Absent
ATN001637,B05390,P0016,2026-08-09,Present
ATN001638,B05207,P0045,2026-07-25,Present
ATN001639,B05129,P0047,2026-08-15,Present
ATN001640,B05024,P0062,2026-08-01,Present
ATN001641,B05128,P0021,2026-08-29,Present
ATN001642,B05115,P0023,2026-08-18,Present
ATN001643,B05136,P0020,2026-07-24,Present
ATN001644,B05083,P0032,2026-07-14,Present
ATN001645,B05030,P0019,2026-07-06,Present
ATN001646,B05236,P0024,2026-07-26,Present
ATN001647,B05098,P0011,2026-07-23,Present
ATN001648,B05044,P0017,2026-08-03,Present
ATN001649,B05477,P0030,2026-08-19,Present
ATN001650,B05130,P0046,2026-08-07,Late
ATN001651,B05366,P0035,2026-07-27,Present
ATN001652,B05212,P0015,2026-08-09,Present
ATN001653,B05008,P0002,2026-07-21,Present
ATN001654,B05079,P0003,2026-08-13,Present
ATN001655,B05214,P0049,2026-07-01,Present
ATN001656,B05002,P0051,2026-08-11,Present
ATN001657,B05023,P0034,2026-07-01,Present
ATN001658,B05273,P0050,2026-07-04,Present
ATN001659,B05077,P0001,2026-07-10,Absent
ATN001660,B05010,P0065,2026-08-11,Present
ATN001661,B05234,P0029,2026-07-11,Present
ATN001662,B05256,P0005,2026-07-04,Present
ATN001663,B05093,P0067,2026-08-26,Present
ATN001664,B05145,P0060,2026-08-18,Present
ATN001665,B05075,P0030,2026-07-26,Absent
ATN001666,B05352,P0065,2026-07-08,Absent
ATN001667,B05109,P0017,2026-08-15,Present
ATN001668,B05325,P0039,2026-08-16,Present
ATN001669,B05316,P0055,2026-08-18,Present
ATN001670,B05041,P0004,2026-07-06,Late
ATN001671,B05134,P0040,2026-07-23,Present
ATN001672,B05329,P0052,2026-07-04,Present
ATN001673,B05408,P0066,2026-08-20,Absent
ATN001674,B05262,P0055,2026-07-26,Present
ATN001675,B05065,P0052,2026-08-20,Present
ATN001676,B05412,P0012,2026-08-28,Absent
ATN001677,B05493,P0006,2026-08-13,Present
ATN001678,B05417,P0061,2026-08-15,Absent
ATN001679,B05041,P0041,2026-07-26,Present
ATN001680,B05121,P0061,2026-07-27,Present
ATN001681,B05339,P0054,2026-07-08,Present
ATN001682,B05097,P0044,2026-07-22,Absent
ATN001683,B05250,P0033,2026-08-07,Present
ATN001684,B05382,P0045,2026-07-08,Present
ATN001685,B05035,P0030,2026-07-23,Present
ATN001686,B05390,P0010,2026-07-12,Present
ATN001687,B05488,P0008,2026-07-19,Present
ATN001688,B05099,P0023,2026-07-20,Present
ATN001689,B05060,P0004,2026-08-02,Present
ATN001690,B05189,P0053,2026-07-10,Present
ATN001691,B05124,P0033,2026-07-11,Present
ATN001692,B05276,P0015,2026-08-03,Present
ATN001693,B05136,P0012,2026-07-07,Present
ATN001694,B05053,P0020,2026-07-20,Present
ATN001695,B05111,P0062,2026-07-06,Present
ATN001696,B05051,P0035,2026-07-21,Present
ATN001697,B05319,P0031,2026-08-19,Present
ATN001698,B05171,P0056,2026-08-03,Present
ATN001699,B05020,P0043,2026-07-28,Present
ATN001700,B05461,P0064,2026-08-22,Present
ATN001701,B05263,P0032,2026-08-24,Present
ATN001702,B05491,P0027,2026-07-12,Present
ATN001703,B05144,P0023,2026-08-27,Present
ATN001704,B05225,P0044,2026-07-22,Present
ATN001705,B05442,P0035,2026-08-23,Present
ATN001706,B05474,P0038,2026-07-01,Present
ATN001707,B05184,P0049,2026-08-20,Present
ATN001708,B05277,P0050,2026-07-14,Present
ATN001709,B05395,P0004,2026-08-06,Present
ATN001710,B05111,P0012,2026-07-28,Present
ATN001711,B05044,P0051,2026-08-07,Absent
ATN001712,B05262,P0012,2026-07-06,Absent
ATN001713,B05023,P0063,2026-07-07,Present
ATN001714,B05409,P0031,2026-07-31,Present
ATN001715,B05192,P0045,2026-07-04,Present
ATN001716,B05303,P0023,2026-08-20,Present
ATN001717,B05116,P0041,2026-07-26,Present
ATN001718,B05310,P0033,2026-07-27,Absent
ATN001719,B05380,P0039,2026-08-27,Present
ATN001720,B05080,P0058,2026-08-08,Present
ATN001721,B05090,P0064,2026-07-24,Present
ATN001722,B05437,P0044,2026-08-03,Present
ATN001723,B05090,P0056,2026-07-22,Present
ATN001724,B05005,P0036,2026-07-01,Present
ATN001725,B05458,P0017,2026-08-26,Present
ATN001726,B05012,P0061,2026-08-13,Present
ATN001727,B05125,P0042,2026-07-23,Present
ATN001728,B05276,P0048,2026-07-27,Present
ATN001729,B05453,P0008,2026-08-25,Present
ATN001730,B05050,P0056,2026-08-21,Late
ATN001731,B05152,P0045,2026-07-14,Absent
ATN001732,B05498,P0019,2026-08-09,Present
ATN001733,B05394,P0023,2026-07-11,Late
ATN001734,B05317,P0031,2026-08-29,Present
ATN001735,B05251,P0045,2026-07-24,Absent
ATN001736,B05457,P0003,2026-07-24,Absent
ATN001737,B05013,P0016,2026-08-06,Present
ATN001738,B05216,P0041,2026-08-26,Absent
ATN001739,B05317,P0002,2026-08-21,Present
ATN001740,B05403,P0038,2026-08-20,Present
ATN001741,B05439,P0064,2026-07-16,Present
ATN001742,B05022,P0018,2026-07-08,Present
ATN001743,B05194,P0003,2026-07-07,Present
ATN001744,B05372,P0014,2026-07-10,Present
ATN001745,B05001,P0021,2026-08-24,Late
ATN001746,B05451,P0044,2026-08-29,Present
ATN001747,B05060,P0064,2026-08-27,Present
ATN001748,B05052,P0048,2026-08-23,Present
ATN001749,B05189,P0062,2026-07-18,Present
ATN001750,B05495,P0049,2026-08-07,Present
ATN001751,B05377,P0034,2026-08-28,Absent
ATN001752,B05097,P0056,2026-08-27,Present
ATN001753,B05281,P0054,2026-08-17,Present
ATN001754,B05023,P0056,2026-08-21,Absent
ATN001755,B05390,P0040,2026-07-05,Present
ATN001756,B05339,P0004,2026-08-11,Absent
ATN001757,B05371,P0062,2026-08-06,Present
ATN001758,B05429,P0023,2026-07-08,Present
ATN001759,B05305,P0018,2026-08-06,Present
ATN001760,B05108,P0041,2026-07-08,Present
ATN001761,B05458,P0054,2026-07-09,Present
ATN001762,B05293,P0046,2026-07-11,Present
ATN001763,B05018,P0049,2026-07-08,Present
ATN001764,B05306,P0001,2026-07-30,Present
ATN001765,B05357,P0004,2026-08-13,Present
ATN001766,B05225,P0064,2026-08-01,Present
ATN001767,B05227,P0033,2026-07-27,Present
ATN001768,B05229,P0032,2026-07-02,Present
ATN001769,B05183,P0053,2026-07-12,Absent
ATN001770,B05260,P0022,2026-08-05,Absent
ATN001771,B05484,P0005,2026-07-24,Present
ATN001772,B05288,P0014,2026-08-12,Present
ATN001773,B05271,P0025,2026-07-31,Present
ATN001774,B05176,P0005,2026-08-22,Present
ATN001775,B05312,P0058,2026-07-10,Present
ATN001776,B05085,P0004,2026-08-28,Present
ATN001777,B05469,P0042,2026-07-18,Present
ATN001778,B05046,P0012,2026-08-13,Present
ATN001779,B05126,P0038,2026-07-07,Present
ATN001780,B05026,P0032,2026-08-12,Present
ATN001781,B05395,P0037,2026-07-22,Absent
ATN001782,B05361,P0038,2026-08-28,Absent
ATN001783,B05220,P0022,2026-08-01,Present
ATN001784,B05344,P0021,2026-07-17,Present
ATN001785,B05015,P0045,2026-07-09,Present
ATN001786,B05094,P0016,2026-08-11,Present
ATN001787,B05355,P0061,2026-07-19,Present
ATN001788,B05350,P0023,2026-08-20,Late
ATN001789,B05066,P0048,2026-08-17,Present
ATN001790,B05475,P0054,2026-08-14,Present
ATN001791,B05265,P0012,2026-08-10,Present
ATN001792,B05485,P0011,2026-08-09,Present
ATN001793,B05205,P0003,2026-07-01,Present
ATN001794,B05031,P0001,2026-07-30,Present
ATN001795,B05037,P0067,2026-07-28,Absent
ATN001796,B05378,P0024,2026-07-30,Present
ATN001797,B05167,P0038,2026-07-27,Present
ATN001798,B05247,P0034,2026-08-05,Present
ATN001799,B05433,P0011,2026-08-03,Present
ATN001800,B05343,P0008,2026-07-23,Present
ATN001801,B05455,P0002,2026-08-26,Late
ATN001802,B05319,P0050,2026-08-11,Present
ATN001803,B05199,P0009,2026-08-17,Present
ATN001804,B05051,P0023,2026-07-14,Present
ATN001805,B05396,P0062,2026-08-15,Present
ATN001806,B05058,P0012,2026-08-17,Present
ATN001807,B05209,P0045,2026-08-21,Present
ATN001808,B05196,P0060,2026-08-03,Present
ATN001809,B05205,P0015,2026-08-01,Present
ATN001810,B05231,P0049,2026-07-12,Present
ATN001811,B05127,P0040,2026-07-14,Late
ATN001812,B05464,P0059,2026-08-06,Present
ATN001813,B05201,P0040,2026-07-19,Present
ATN001814,B05168,P0041,2026-07-15,Present
ATN001815,B05179,P0043,2026-08-24,Late
ATN001816,B05274,P0046,2026-07-23,Present
ATN001817,B05473,P0035,2026-07-05,Present
ATN001818,B05270,P0057,2026-07-04,Present
ATN001819,B05039,P0066,2026-08-15,Present
ATN001820,B05157,P0026,2026-07-30,Present
ATN001821,B05310,P0050,2026-08-13,Present
ATN001822,B05415,P0040,2026-07-10,Late
ATN001823,B05450,P0035,2026-08-27,Present
ATN001824,B05140,P0040,2026-07-09,Present
ATN001825,B05325,P0030,2026-07-31,Present
ATN001826,B05300,P0008,2026-08-20,Present
ATN001827,B05413,P0066,2026-07-07,Present
ATN001828,B05263,P0010,2026-07-27,Present
ATN001829,B05307,P0057,2026-08-27,Present
ATN001830,B05202,P0049,2026-08-20,Present
ATN001831,B05271,P0040,2026-07-21,Present
ATN001832,B05064,P0001,2026-07-16,Present
ATN001833,B05417,P0067,2026-07-18,Present
ATN001834,B05476,P0047,2026-08-05,Present
ATN001835,B05156,P0058,2026-08-19,Present
ATN001836,B05068,P0025,2026-08-14,Present
ATN001837,B05243,P0047,2026-07-14,Absent
ATN001838,B05331,P0042,2026-07-22,Present
ATN001839,B05183,P0043,2026-07-12,Absent
ATN001840,B05246,P0039,2026-08-17,Present
ATN001841,B05219,P0024,2026-07-21,Present
ATN001842,B05373,P0065,2026-08-26,Present
ATN001843,B05007,P0057,2026-07-22,Present
ATN001844,B05439,P0035,2026-08-29,Present
ATN001845,B05054,P0043,2026-08-24,Present
ATN001846,B05230,P0040,2026-07-19,Present
ATN001847,B05243,P0039,2026-08-01,Present
ATN001848,B05088,P0007,2026-07-25,Present
ATN001849,B05062,P0016,2026-07-03,Present
ATN001850,B05430,P0046,2026-07-29,Present
ATN001851,B05250,P0051,2026-08-15,Present
ATN001852,B05362,P0011,2026-08-27,Present
ATN001853,B05024,P0036,2026-07-02,Present
ATN001854,B05184,P0030,2026-07-26,Present
ATN001855,B05246,P0026,2026-08-05,Present
ATN001856,B05461,P0034,2026-08-04,Present
ATN001857,B05199,P0032,2026-07-28,Present
ATN001858,B05012,P0007,2026-08-11,Late
ATN001859,B05467,P0054,2026-07-14,Present
ATN001860,B05480,P0037,2026-07-22,Present
ATN001861,B05471,P0008,2026-08-12,Present
ATN001862,B05211,P0054,2026-07-23,Present
ATN001863,B05160,P0010,2026-08-16,Present
ATN001864,B05403,P0037,2026-08-01,Present
ATN001865,B05116,P0012,2026-08-03,Present
ATN001866,B05482,P0004,2026-07-05,Present
ATN001867,B05044,P0049,2026-07-19,Present
ATN001868,B05490,P0045,2026-08-04,Late
ATN001869,B05471,P0034,2026-08-14,Present
ATN001870,B05412,P0015,2026-07-31,Late
ATN001871,B05213,P0014,2026-07-11,Late
ATN001872,B05280,P0035,2026-08-15,Present
ATN001873,B05276,P0016,2026-07-29,Present
ATN001874,B05480,P0015,2026-07-31,Present
ATN001875,B05142,P0067,2026-08-28,Present
ATN001876,B05374,P0043,2026-07-10,Present
ATN001877,B05097,P0044,2026-08-21,Present
ATN001878,B05124,P0026,2026-08-26,Present
ATN001879,B05131,P0040,2026-08-11,Late
ATN001880,B05176,P0047,2026-08-18,Present
ATN001881,B05098,P0031,2026-07-22,Present
ATN001882,B05271,P0003,2026-08-16,Present
ATN001883,B05100,P0035,2026-07-17,Present
ATN001884,B05282,P0050,2026-07-11,Present
ATN001885,B05201,P0024,2026-07-03,Present
ATN001886,B05078,P0022,2026-08-27,Present
ATN001887,B05128,P0036,2026-07-05,Present
ATN001888,B05393,P0034,2026-07-12,Present
ATN001889,B05033,P0037,2026-07-20,Present
ATN001890,B05220,P0035,2026-08-02,Present
ATN001891,B05059,P0001,2026-07-01,Present
ATN001892,B05361,P0053,2026-08-15,Present
ATN001893,B05259,P0004,2026-08-25,Late
ATN001894,B05151,P0001,2026-07-06,Absent
ATN001895,B05262,P0047,2026-08-28,Present
ATN001896,B05462,P0039,2026-07-10,Present
ATN001897,B05072,P0064,2026-07-13,Present
ATN001898,B05471,P0033,2026-07-10,Present
ATN001899,B05431,P0027,2026-07-17,Present
ATN001900,B05171,P0030,2026-07-10,Present
ATN001901,B05351,P0042,2026-07-08,Present
ATN001902,B05116,P0058,2026-07-15,Present
ATN001903,B05049,P0008,2026-08-26,Present
ATN001904,B05145,P0042,2026-07-26,Absent
ATN001905,B05103,P0019,2026-07-02,Present
ATN001906,B05202,P0020,2026-07-21,Present
ATN001907,B05268,P0066,2026-08-27,Absent
ATN001908,B05150,P0060,2026-07-08,Present
ATN001909,B05139,P0039,2026-07-17,Present
ATN001910,B05278,P0058,2026-08-17,Present
ATN001911,B05345,P0049,2026-08-17,Present
ATN001912,B05004,P0051,2026-07-24,Present
ATN001913,B05226,P0027,2026-07-21,Present
ATN001914,B05338,P0007,2026-07-01,Present
ATN001915,B05123,P0052,2026-07-24,Present
ATN001916,B05271,P0067,2026-08-13,Present
ATN001917,B05427,P0030,2026-08-29,Present
ATN001918,B05249,P0026,2026-07-03,Absent
ATN001919,B05231,P0003,2026-08-11,Present
ATN001920,B05297,P0043,2026-08-09,Present
ATN001921,B05098,P0036,2026-08-09,Present
ATN001922,B05121,P0028,2026-08-23,Present
ATN001923,B05406,P0041,2026-08-02,Present
ATN001924,B05324,P0045,2026-07-28,Present
ATN001925,B05171,P0002,2026-08-14,Present
ATN001926,B05434,P0027,2026-07-14,Present
ATN001927,B05457,P0057,2026-08-11,Present
ATN001928,B05432,P0052,2026-07-29,Present
ATN001929,B05360,P0005,2026-08-25,Present
ATN001930,B05310,P0052,2026-07-03,Present
ATN001931,B05007,P0066,2026-07-24,Present
ATN001932,B05444,P0032,2026-07-26,Late
ATN001933,B05023,P0063,2026-07-24,Present
ATN001934,B05297,P0002,2026-07-13,Late
ATN001935,B05061,P0057,2026-07-14,Present
ATN001936,B05139,P0057,2026-07-11,Present
ATN001937,B05370,P0011,2026-07-04,Present
ATN001938,B05194,P0050,2026-08-22,Present
ATN001939,B05170,P0026,2026-07-03,Present
ATN001940,B05143,P0034,2026-08-07,Late
ATN001941,B05226,P0058,2026-08-28,Absent
ATN001942,B05100,P0002,2026-07-12,Late
ATN001943,B05333,P0003,2026-08-20,Present
ATN001944,B05403,P0015,2026-08-08,Absent
ATN001945,B05491,P0016,2026-07-01,Present
ATN001946,B05079,P0059,2026-07-14,Present
ATN001947,B05241,P0001,2026-07-22,Present
ATN001948,B05046,P0046,2026-07-24,Present
ATN001949,B05233,P0066,2026-07-13,Present
ATN001950,B05106,P0002,2026-07-05,Absent
ATN001951,B05225,P0013,2026-08-04,Late
ATN001952,B05273,P0015,2026-07-25,Absent
ATN001953,B05066,P0065,2026-08-14,Late
ATN001954,B05006,P0046,2026-07-21,Present
ATN001955,B05330,P0051,2026-08-06,Present
ATN001956,B05150,P0033,2026-08-21,Present
ATN001957,B05241,P0037,2026-07-29,Absent
ATN001958,B05363,P0019,2026-08-20,Present
ATN001959,B05019,P0034,2026-07-21,Present
ATN001960,B05425,P0055,2026-07-27,Absent
ATN001961,B05031,P0029,2026-07-21,Present
ATN001962,B05260,P0059,2026-08-27,Present
ATN001963,B05190,P0003,2026-07-22,Present
ATN001964,B05142,P0044,2026-07-15,Late
ATN001965,B05053,P0045,2026-07-18,Absent
ATN001966,B05224,P0058,2026-08-03,Present
ATN001967,B05115,P0040,2026-07-02,Present
ATN001968,B05217,P0009,2026-08-12,Present
ATN001969,B05294,P0043,2026-07-30,Present
ATN001970,B05122,P0013,2026-07-02,Present
ATN001971,B05381,P0032,2026-08-20,Late
ATN001972,B05251,P0021,2026-08-20,Present
ATN001973,B05444,P0051,2026-08-04,Present
ATN001974,B05389,P0016,2026-07-30,Present
ATN001975,B05009,P0048,2026-07-17,Present
ATN001976,B05132,P0048,2026-08-21,Present
ATN001977,B05116,P0057,2026-08-20,Late
ATN001978,B05333,P0023,2026-08-29,Present
ATN001979,B05115,P0055,2026-07-13,Present
ATN001980,B05438,P0024,2026-08-02,Present
ATN001981,B05248,P0004,2026-07-15,Present
ATN001982,B05255,P0010,2026-08-26,Present
ATN001983,B05362,P0012,2026-07-03,Present
ATN001984,B05441,P0042,2026-08-02,Present
ATN001985,B05008,P0030,2026-08-28,Present
ATN001986,B05474,P0001,2026-07-11,Present
ATN001987,B05249,P0019,2026-07-11,Present
ATN001988,B05014,P0037,2026-08-24,Absent
ATN001989,B05028,P0022,2026-07-26,Present
ATN001990,B05220,P0002,2026-08-23,Present
ATN001991,B05465,P0066,2026-07-21,Absent
ATN001992,B05175,P0039,2026-08-11,Absent
ATN001993,B05492,P0007,2026-08-08,Present
ATN001994,B05343,P0018,2026-07-30,Present
ATN001995,B05480,P0001,2026-07-30,Present
ATN001996,B05245,P0065,2026-07-14,Present
ATN001997,B05053,P0038,2026-08-08,Present
ATN001998,B05078,P0067,2026-08-08,Present
ATN001999,B05330,P0018,2026-07-13,Present
ATN002000,B05483,P0022,2026-08-18,Present
ATN002001,B05067,P0008,2026-08-24,Present
ATN002002,B05322,P0038,2026-07-14,Present
ATN002003,B05367,P0003,2026-08-19,Absent
ATN002004,B05082,P0017,2026-07-29,Present
ATN002005,B05389,P0007,2026-08-14,Present
ATN002006,B05095,P0011,2026-08-03,Present
ATN002007,B05393,P0048,2026-08-16,Absent
ATN002008,B05453,P0019,2026-08-11,Absent
ATN002009,B05272,P0029,2026-07-03,Present
ATN002010,B05280,P0028,2026-08-07,Present
ATN002011,B05115,P0028,2026-07-16,Present
ATN002012,B05459,P0061,2026-08-21,Present
ATN002013,B05442,P0036,2026-08-21,Present
ATN002014,B05144,P0024,2026-07-14,Absent
ATN002015,B05032,P0055,2026-08-04,Present
ATN002016,B05309,P0031,2026-08-15,Present
ATN002017,B05418,P0008,2026-08-10,Present
ATN002018,B05389,P0048,2026-07-26,Present
ATN002019,B05376,P0018,2026-08-06,Present
ATN002020,B05439,P0040,2026-07-31,Present
ATN002021,B05492,P0012,2026-08-02,Present
ATN002022,B05245,P0052,2026-08-13,Present
ATN002023,B05484,P0051,2026-08-23,Present
ATN002024,B05047,P0058,2026-08-14,Absent
ATN002025,B05383,P0008,2026-08-01,Present
ATN002026,B05022,P0019,2026-07-28,Present
ATN002027,B05205,P0024,2026-07-07,Present
ATN002028,B05215,P0030,2026-08-11,Present
ATN002029,B05465,P0032,2026-07-10,Present
ATN002030,B05163,P0011,2026-07-21,Present
ATN002031,B05050,P0002,2026-08-21,Present
ATN002032,B05431,P0066,2026-07-28,Present
ATN002033,B05241,P0028,2026-07-13,Absent
ATN002034,B05215,P0011,2026-07-22,Present
ATN002035,B05395,P0027,2026-07-21,Present
ATN002036,B05348,P0043,2026-08-09,Present
ATN002037,B05274,P0007,2026-08-14,Present
ATN002038,B05019,P0025,2026-07-26,Present
ATN002039,B05314,P0017,2026-08-16,Present
ATN002040,B05465,P0058,2026-07-12,Present
ATN002041,B05022,P0047,2026-07-02,Present
ATN002042,B05135,P0020,2026-08-25,Present
ATN002043,B05208,P0066,2026-08-04,Absent
ATN002044,B05283,P0066,2026-08-26,Present
ATN002045,B05002,P0028,2026-08-20,Present
ATN002046,B05148,P0014,2026-07-17,Absent
ATN002047,B05476,P0015,2026-07-12,Present
ATN002048,B05077,P0058,2026-08-11,Present
ATN002049,B05149,P0019,2026-07-18,Absent
ATN002050,B05495,P0047,2026-07-06,Present
ATN002051,B05042,P0035,2026-07-14,Absent
ATN002052,B05159,P0006,2026-07-19,Absent
ATN002053,B05063,P0043,2026-08-18,Late
ATN002054,B05260,P0024,2026-08-13,Late
ATN002055,B05222,P0030,2026-07-29,Present
ATN002056,B05491,P0043,2026-08-17,Present
ATN002057,B05393,P0016,2026-07-07,Present
ATN002058,B05101,P0021,2026-08-28,Present
ATN002059,B05420,P0011,2026-07-31,Present
ATN002060,B05217,P0034,2026-07-06,Present
ATN002061,B05474,P0031,2026-08-27,Present
ATN002062,B05269,P0027,2026-08-05,Present
ATN002063,B05492,P0045,2026-08-16,Present
ATN002064,B05236,P0012,2026-08-23,Present
ATN002065,B05184,P0037,2026-07-25,Present
ATN002066,B05362,P0067,2026-08-11,Present
ATN002067,B05236,P0045,2026-07-21,Present
ATN002068,B05389,P0056,2026-07-16,Present
ATN002069,B05377,P0050,2026-07-05,Present
ATN002070,B05271,P0050,2026-07-19,Present
ATN002071,B05190,P0033,2026-07-27,Late
ATN002072,B05131,P0056,2026-08-20,Present
ATN002073,B05436,P0028,2026-08-04,Late
ATN002074,B05024,P0019,2026-07-07,Present
ATN002075,B05111,P0039,2026-07-04,Present
ATN002076,B05404,P0010,2026-07-30,Late
ATN002077,B05496,P0006,2026-08-09,Present
ATN002078,B05500,P0054,2026-07-28,Present
ATN002079,B05010,P0044,2026-08-25,Present
ATN002080,B05064,P0059,2026-08-02,Present
ATN002081,B05379,P0019,2026-07-16,Absent
ATN002082,B05283,P0034,2026-08-20,Present
ATN002083,B05433,P0006,2026-07-27,Present
ATN002084,B05052,P0061,2026-08-27,Late
ATN002085,B05146,P0004,2026-07-14,Present
ATN002086,B05305,P0054,2026-08-22,Absent
ATN002087,B05188,P0039,2026-07-18,Present
ATN002088,B05438,P0012,2026-08-11,Absent
ATN002089,B05315,P0043,2026-08-28,Present
ATN002090,B05454,P0051,2026-07-18,Present
ATN002091,B05212,P0065,2026-07-22,Present
ATN002092,B05228,P0009,2026-08-09,Present
ATN002093,B05454,P0038,2026-07-04,Present
ATN002094,B05387,P0038,2026-07-20,Absent
ATN002095,B05164,P0043,2026-08-13,Late
ATN002096,B05016,P0053,2026-07-16,Present
ATN002097,B05275,P0054,2026-07-31,Present
ATN002098,B05113,P0050,2026-08-29,Present
ATN002099,B05061,P0030,2026-07-08,Present
ATN002100,B05211,P0035,2026-07-12,Absent
ATN002101,B05401,P0027,2026-07-20,Present
ATN002102,B05466,P0056,2026-08-11,Present
ATN002103,B05345,P0005,2026-07-15,Present
ATN002104,B05036,P0033,2026-08-07,Present
ATN002105,B05216,P0030,2026-07-28,Present
ATN002106,B05176,P0053,2026-08-20,Present
ATN002107,B05027,P0001,2026-07-17,Present
ATN002108,B05049,P0021,2026-07-16,Present
ATN002109,B05247,P0018,2026-08-24,Absent
ATN002110,B05350,P0016,2026-07-08,Present
ATN002111,B05361,P0005,2026-07-12,Present
ATN002112,B05202,P0009,2026-07-21,Present
ATN002113,B05095,P0016,2026-07-30,Present
ATN002114,B05357,P0033,2026-07-24,Present
ATN002115,B05481,P0046,2026-08-19,Present
ATN002116,B05441,P0006,2026-08-05,Present
ATN002117,B05488,P0053,2026-08-10,Present
ATN002118,B05499,P0062,2026-08-02,Present
ATN002119,B05106,P0063,2026-08-13,Present
ATN002120,B05026,P0004,2026-08-28,Present
ATN002121,B05348,P0060,2026-08-20,Present
ATN002122,B05481,P0002,2026-07-12,Present
ATN002123,B05336,P0014,2026-08-22,Present
ATN002124,B05353,P0026,2026-08-25,Present
ATN002125,B05336,P0029,2026-07-26,Present
ATN002126,B05110,P0036,2026-07-04,Present
ATN002127,B05006,P0052,2026-07-19,Absent
ATN002128,B05109,P0008,2026-08-12,Present
ATN002129,B05435,P0050,2026-08-14,Present
ATN002130,B05193,P0014,2026-08-07,Present
ATN002131,B05165,P0052,2026-07-27,Present
ATN002132,B05352,P0013,2026-08-09,Present
ATN002133,B05170,P0062,2026-07-02,Present
ATN002134,B05291,P0011,2026-07-05,Present
ATN002135,B05481,P0012,2026-07-15,Present
ATN002136,B05159,P0065,2026-08-26,Late
ATN002137,B05288,P0064,2026-08-17,Absent
ATN002138,B05288,P0048,2026-08-06,Present
ATN002139,B05294,P0009,2026-08-07,Present
ATN002140,B05339,P0037,2026-08-04,Present
ATN002141,B05064,P0026,2026-07-16,Absent
ATN002142,B05333,P0001,2026-07-09,Late
ATN002143,B05306,P0014,2026-07-22,Present
ATN002144,B05277,P0046,2026-07-27,Present
ATN002145,B05164,P0032,2026-07-12,Absent
ATN002146,B05129,P0039,2026-08-20,Present
ATN002147,B05020,P0003,2026-07-05,Present
ATN002148,B05043,P0037,2026-08-08,Present
ATN002149,B05022,P0024,2026-07-24,Present
ATN002150,B05374,P0017,2026-08-03,Late
ATN002151,B05385,P0033,2026-07-14,Present
ATN002152,B05153,P0066,2026-08-20,Absent
ATN002153,B05275,P0031,2026-07-21,Late
ATN002154,B05252,P0004,2026-07-06,Present
ATN002155,B05060,P0007,2026-08-17,Present
ATN002156,B05104,P0062,2026-08-08,Present
ATN002157,B05010,P0028,2026-07-20,Present
ATN002158,B05240,P0048,2026-07-22,Present
ATN002159,B05176,P0007,2026-08-05,Late
ATN002160,B05246,P0065,2026-08-09,Present
ATN002161,B05301,P0059,2026-08-27,Present
ATN002162,B05263,P0059,2026-08-03,Present
ATN002163,B05402,P0015,2026-08-03,Present
ATN002164,B05240,P0067,2026-08-01,Present
ATN002165,B05376,P0041,2026-08-28,Present
ATN002166,B05187,P0036,2026-07-04,Late
ATN002167,B05233,P0016,2026-07-29,Absent
ATN002168,B05078,P0066,2026-08-16,Late
ATN002169,B05330,P0062,2026-07-18,Present
ATN002170,B05306,P0047,2026-08-10,Present
ATN002171,B05402,P0032,2026-07-21,Present
ATN002172,B05478,P0025,2026-08-26,Present
ATN002173,B05264,P0057,2026-07-22,Present
ATN002174,B05369,P0023,2026-07-08,Present
ATN002175,B05293,P0016,2026-07-23,Present
ATN002176,B05378,P0031,2026-07-12,Late
ATN002177,B05251,P0045,2026-08-27,Present
ATN002178,B05437,P0042,2026-07-17,Present
ATN002179,B05035,P0032,2026-08-05,Present
ATN002180,B05400,P0037,2026-08-29,Present
ATN002181,B05177,P0046,2026-08-29,Present
ATN002182,B05190,P0043,2026-08-08,Present
ATN002183,B05387,P0029,2026-07-29,Present
ATN002184,B05415,P0057,2026-08-13,Present
ATN002185,B05407,P0027,2026-07-28,Present
ATN002186,B05356,P0019,2026-07-09,Present
ATN002187,B05244,P0066,2026-08-29,Present
ATN002188,B05048,P0018,2026-07-18,Present
ATN002189,B05150,P0043,2026-07-17,Present
ATN002190,B05366,P0067,2026-07-18,Late
ATN002191,B05225,P0030,2026-07-14,Present
ATN002192,B05166,P0056,2026-08-13,Present
ATN002193,B05413,P0002,2026-08-01,Present
ATN002194,B05383,P0023,2026-08-10,Present
ATN002195,B05457,P0034,2026-07-18,Absent
ATN002196,B05069,P0033,2026-07-13,Present
ATN002197,B05276,P0055,2026-07-29,Present
ATN002198,B05444,P0055,2026-08-26,Absent
ATN002199,B05492,P0044,2026-08-08,Present
ATN002200,B05495,P0039,2026-07-26,Absent
ATN002201,B05402,P0019,2026-07-22,Present
ATN002202,B05476,P0003,2026-07-31,Present
ATN002203,B05328,P0018,2026-07-01,Present
ATN002204,B05289,P0049,2026-07-16,Present
ATN002205,B05190,P0023,2026-07-25,Present
ATN002206,B05117,P0020,2026-07-12,Present
ATN002207,B05406,P0014,2026-08-10,Present
ATN002208,B05276,P0039,2026-07-12,Present
ATN002209,B05246,P0030,2026-08-15,Present
ATN002210,B05481,P0064,2026-08-13,Present
ATN002211,B05058,P0062,2026-07-31,Present
ATN002212,B05164,P0023,2026-07-11,Absent
ATN002213,B05393,P0016,2026-07-01,Present
ATN002214,B05149,P0061,2026-07-06,Present
ATN002215,B05096,P0065,2026-07-05,Present
ATN002216,B05284,P0031,2026-07-19,Present
ATN002217,B05399,P0049,2026-08-25,Present
ATN002218,B05347,P0043,2026-08-16,Present
ATN002219,B05494,P0060,2026-08-01,Absent
ATN002220,B05336,P0046,2026-07-05,Absent
ATN002221,B05428,P0015,2026-07-11,Present
ATN002222,B05287,P0049,2026-08-13,Present
ATN002223,B05033,P0053,2026-07-29,Absent
ATN002224,B05250,P0005,2026-07-07,Present
ATN002225,B05284,P0007,2026-08-11,Present
ATN002226,B05279,P0021,2026-07-27,Present
ATN002227,B05056,P0044,2026-07-28,Present
ATN002228,B05168,P0065,2026-07-20,Present
ATN002229,B05022,P0062,2026-08-26,Late
ATN002230,B05499,P0047,2026-07-14,Present
ATN002231,B05378,P0029,2026-08-13,Present
ATN002232,B05203,P0063,2026-08-11,Late
ATN002233,B05215,P0024,2026-08-01,Present
ATN002234,B05058,P0048,2026-07-17,Present
ATN002235,B05448,P0005,2026-08-14,Present
ATN002236,B05151,P0022,2026-07-28,Present
ATN002237,B05212,P0001,2026-07-24,Present
ATN002238,B05129,P0028,2026-07-11,Present
ATN002239,B05463,P0001,2026-08-15,Present
ATN002240,B05466,P0037,2026-07-29,Present
ATN002241,B05498,P0038,2026-07-25,Present
ATN002242,B05088,P0009,2026-07-23,Present
ATN002243,B05285,P0034,2026-08-28,Absent
ATN002244,B05303,P0043,2026-08-15,Present
ATN002245,B05087,P0060,2026-07-13,Present
ATN002246,B05360,P0053,2026-08-23,Present
ATN002247,B05044,P0048,2026-07-22,Absent
ATN002248,B05438,P0033,2026-07-31,Present
ATN002249,B05500,P0045,2026-07-06,Absent
ATN002250,B05160,P0026,2026-08-02,Absent
ATN002251,B05059,P0009,2026-08-01,Present
ATN002252,B05158,P0060,2026-07-16,Present
ATN002253,B05489,P0006,2026-08-29,Present
ATN002254,B05071,P0039,2026-07-25,Present
ATN002255,B05217,P0019,2026-08-04,Late
ATN002256,B05244,P0044,2026-08-04,Present
ATN002257,B05285,P0028,2026-07-17,Present
ATN002258,B05217,P0003,2026-07-19,Absent
ATN002259,B05339,P0014,2026-07-03,Present
ATN002260,B05044,P0015,2026-07-26,Present
ATN002261,B05341,P0027,2026-07-19,Absent
ATN002262,B05216,P0030,2026-08-09,Present
ATN002263,B05294,P0009,2026-07-31,Absent
ATN002264,B05033,P0045,2026-08-29,Present
ATN002265,B05237,P0060,2026-08-18,Present
ATN002266,B05090,P0062,2026-08-24,Present
ATN002267,B05040,P0065,2026-07-16,Present
ATN002268,B05141,P0017,2026-08-13,Absent
ATN002269,B05386,P0049,2026-08-11,Present
ATN002270,B05043,P0001,2026-07-15,Present
ATN002271,B05065,P0030,2026-08-16,Present
ATN002272,B05034,P0042,2026-08-02,Present
ATN002273,B05442,P0010,2026-08-10,Present
ATN002274,B05020,P0035,2026-07-22,Late
ATN002275,B05257,P0022,2026-08-17,Present
ATN002276,B05425,P0019,2026-07-13,Present
ATN002277,B05154,P0031,2026-08-03,Absent
ATN002278,B05190,P0002,2026-08-21,Late
ATN002279,B05242,P0061,2026-07-15,Present
ATN002280,B05084,P0037,2026-08-28,Present
ATN002281,B05338,P0053,2026-08-25,Absent
ATN002282,B05168,P0033,2026-07-12,Present
ATN002283,B05499,P0025,2026-08-26,Absent
ATN002284,B05100,P0016,2026-07-20,Present
ATN002285,B05478,P0026,2026-08-14,Present
ATN002286,B05348,P0060,2026-08-17,Present
ATN002287,B05402,P0021,2026-08-16,Absent
ATN002288,B05029,P0014,2026-08-14,Present
ATN002289,B05120,P0041,2026-07-25,Present
ATN002290,B05226,P0056,2026-08-01,Present
ATN002291,B05042,P0050,2026-07-11,Present
ATN002292,B05026,P0038,2026-08-23,Absent
ATN002293,B05091,P0030,2026-07-23,Present
ATN002294,B05479,P0056,2026-08-04,Present
ATN002295,B05221,P0008,2026-08-03,Present
ATN002296,B05013,P0010,2026-08-20,Absent
ATN002297,B05356,P0026,2026-08-02,Present
ATN002298,B05059,P0046,2026-08-26,Present
ATN002299,B05433,P0004,2026-07-29,Present
ATN002300,B05033,P0004,2026-07-28,Present
ATN002301,B05123,P0062,2026-07-13,Present
ATN002302,B05263,P0047,2026-08-06,Present
ATN002303,B05154,P0020,2026-08-11,Present
ATN002304,B05097,P0045,2026-08-05,Present
ATN002305,B05434,P0052,2026-08-13,Present
ATN002306,B05147,P0063,2026-08-18,Present
ATN002307,B05256,P0038,2026-07-20,Absent
ATN002308,B05322,P0057,2026-08-29,Absent
ATN002309,B05304,P0066,2026-08-12,Present
ATN002310,B05483,P0017,2026-08-13,Present
ATN002311,B05150,P0036,2026-07-27,Present
ATN002312,B05500,P0024,2026-08-17,Absent
ATN002313,B05152,P0004,2026-08-06,Present
ATN002314,B05033,P0059,2026-08-05,Absent
ATN002315,B05450,P0028,2026-08-29,Present
ATN002316,B05327,P0027,2026-07-01,Present
ATN002317,B05030,P0009,2026-07-10,Present
ATN002318,B05164,P0004,2026-07-01,Present
ATN002319,B05263,P0010,2026-08-09,Present
ATN002320,B05457,P0015,2026-08-19,Present
ATN002321,B05344,P0057,2026-08-26,Present
ATN002322,B05408,P0003,2026-07-21,Present
ATN002323,B05379,P0040,2026-08-23,Absent
ATN002324,B05043,P0035,2026-07-21,Present
ATN002325,B05345,P0042,2026-07-28,Present
ATN002326,B05380,P0036,2026-08-12,Present
ATN002327,B05427,P0038,2026-07-01,Present
ATN002328,B05445,P0030,2026-07-07,Present
ATN002329,B05004,P0064,2026-08-14,Present
ATN002330,B05123,P0027,2026-07-10,Present
ATN002331,B05184,P0006,2026-07-18,Present
ATN002332,B05131,P0023,2026-08-27,Present
ATN002333,B05145,P0027,2026-08-29,Present
ATN002334,B05110,P0025,2026-07-13,Present
ATN002335,B05333,P0022,2026-08-12,Present
ATN002336,B05354,P0022,2026-07-27,Present
ATN002337,B05227,P0046,2026-07-23,Present
ATN002338,B05265,P0063,2026-07-29,Present
ATN002339,B05440,P0049,2026-07-14,Present
ATN002340,B05460,P0059,2026-07-13,Present
ATN002341,B05483,P0051,2026-07-22,Present
ATN002342,B05498,P0027,2026-07-12,Present
ATN002343,B05439,P0012,2026-07-01,Present
ATN002344,B05277,P0049,2026-08-19,Present
ATN002345,B05039,P0061,2026-07-23,Present
ATN002346,B05226,P0047,2026-08-17,Present
ATN002347,B05165,P0006,2026-08-29,Present
ATN002348,B05080,P0034,2026-08-06,Present
ATN002349,B05042,P0017,2026-08-01,Absent
ATN002350,B05476,P0018,2026-08-06,Present
ATN002351,B05315,P0041,2026-08-29,Present
ATN002352,B05278,P0001,2026-07-19,Present
ATN002353,B05326,P0025,2026-08-16,Present
ATN002354,B05116,P0047,2026-07-25,Present
ATN002355,B05484,P0052,2026-08-13,Present
ATN002356,B05168,P0015,2026-07-05,Present
ATN002357,B05470,P0035,2026-07-12,Late
ATN002358,B05393,P0022,2026-08-14,Present
ATN002359,B05172,P0048,2026-08-02,Present
ATN002360,B05411,P0064,2026-07-11,Present
ATN002361,B05222,P0045,2026-08-19,Present
ATN002362,B05343,P0066,2026-08-06,Absent
ATN002363,B05237,P0051,2026-07-14,Present
ATN002364,B05482,P0048,2026-07-18,Present
ATN002365,B05202,P0045,2026-07-24,Absent
ATN002366,B05185,P0063,2026-08-10,Present
ATN002367,B05184,P0035,2026-08-22,Present
ATN002368,B05464,P0001,2026-07-24,Present
ATN002369,B05178,P0017,2026-07-05,Present
ATN002370,B05297,P0022,2026-08-05,Present
ATN002371,B05441,P0002,2026-07-24,Present
ATN002372,B05092,P0055,2026-07-03,Present
ATN002373,B05332,P0065,2026-08-25,Present
ATN002374,B05012,P0029,2026-07-03,Present
ATN002375,B05025,P0047,2026-07-18,Present
ATN002376,B05205,P0057,2026-07-18,Present
ATN002377,B05186,P0051,2026-08-19,Present
ATN002378,B05496,P0034,2026-07-19,Present
ATN002379,B05296,P0044,2026-07-02,Present
ATN002380,B05418,P0018,2026-08-29,Absent
ATN002381,B05080,P0023,2026-07-14,Present
ATN002382,B05365,P0044,2026-07-30,Absent
ATN002383,B05348,P0018,2026-07-06,Late
ATN002384,B05376,P0002,2026-07-24,Present
ATN002385,B05282,P0045,2026-08-14,Present
ATN002386,B05216,P0002,2026-07-25,Absent
ATN002387,B05290,P0022,2026-08-29,Absent
ATN002388,B05267,P0063,2026-07-22,Present
ATN002389,B05036,P0003,2026-08-16,Present
ATN002390,B05368,P0004,2026-08-11,Present
ATN002391,B05322,P0035,2026-08-27,Present
ATN002392,B05237,P0042,2026-07-06,Present
ATN002393,B05433,P0010,2026-07-31,Absent
ATN002394,B05077,P0060,2026-07-20,Present
ATN002395,B05289,P0011,2026-07-18,Present
ATN002396,B05164,P0036,2026-08-14,Absent
ATN002397,B05109,P0018,2026-08-23,Present
ATN002398,B05099,P0018,2026-07-01,Present
ATN002399,B05174,P0028,2026-07-26,Present
ATN002400,B05242,P0009,2026-08-08,Late
ATN002401,B05238,P0031,2026-07-29,Present
ATN002402,B05374,P0050,2026-08-04,Present
ATN002403,B05320,P0066,2026-08-25,Present
ATN002404,B05235,P0011,2026-07-25,Present
ATN002405,B05205,P0023,2026-08-16,Present
ATN002406,B05304,P0004,2026-07-03,Present
ATN002407,B05048,P0016,2026-08-27,Present
ATN002408,B05022,P0012,2026-07-23,Present
ATN002409,B05217,P0044,2026-07-19,Present
ATN002410,B05382,P0043,2026-08-20,Present
ATN002411,B05395,P0040,2026-07-14,Present
ATN002412,B05219,P0046,2026-07-31,Present
ATN002413,B05382,P0041,2026-07-13,Present
ATN002414,B05001,P0050,2026-08-05,Late
ATN002415,B05110,P0007,2026-08-06,Present
ATN002416,B05490,P0043,2026-08-14,Present
ATN002417,B05276,P0066,2026-07-07,Absent
ATN002418,B05007,P0018,2026-08-12,Present
ATN002419,B05181,P0014,2026-07-24,Present
ATN002420,B05020,P0004,2026-07-24,Present
ATN002421,B05275,P0018,2026-08-03,Present
ATN002422,B05362,P0056,2026-07-12,Present
ATN002423,B05451,P0034,2026-07-24,Present
ATN002424,B05133,P0012,2026-08-28,Present
ATN002425,B05390,P0026,2026-08-10,Present
ATN002426,B05464,P0066,2026-08-08,Present
ATN002427,B05310,P0003,2026-07-26,Present
ATN002428,B05405,P0037,2026-07-08,Present
ATN002429,B05074,P0055,2026-08-16,Absent
ATN002430,B05365,P0019,2026-08-13,Present
ATN002431,B05049,P0036,2026-08-28,Present
ATN002432,B05136,P0056,2026-08-02,Present
ATN002433,B05101,P0050,2026-08-20,Present
ATN002434,B05366,P0066,2026-07-02,Absent
ATN002435,B05079,P0014,2026-08-08,Absent
ATN002436,B05307,P0050,2026-07-14,Present
ATN002437,B05216,P0051,2026-08-25,Present
ATN002438,B05368,P0065,2026-08-16,Present
ATN002439,B05298,P0003,2026-08-19,Present
ATN002440,B05440,P0051,2026-08-01,Present
ATN002441,B05325,P0016,2026-08-19,Present
ATN002442,B05298,P0033,2026-08-07,Present
ATN002443,B05491,P0044,2026-07-22,Present
ATN002444,B05332,P0061,2026-07-29,Present
ATN002445,B05029,P0050,2026-07-22,Present
ATN002446,B05338,P0042,2026-07-22,Present
ATN002447,B05432,P0034,2026-07-15,Present
ATN002448,B05293,P0056,2026-07-31,Absent
ATN002449,B05428,P0047,2026-08-09,Present
ATN002450,B05003,P0019,2026-08-19,Present
ATN002451,B05364,P0066,2026-08-05,Present
ATN002452,B05237,P0037,2026-08-04,Present
ATN002453,B05378,P0014,2026-07-31,Present
ATN002454,B05411,P0009,2026-07-18,Present
ATN002455,B05366,P0019,2026-07-31,Present
ATN002456,B05278,P0043,2026-07-11,Present
ATN002457,B05070,P0039,2026-07-05,Present
ATN002458,B05233,P0054,2026-07-07,Present
ATN002459,B05484,P0050,2026-08-06,Present
ATN002460,B05403,P0044,2026-07-20,Absent
ATN002461,B05496,P0046,2026-08-27,Present
ATN002462,B05104,P0046,2026-07-06,Present
ATN002463,B05090,P0038,2026-07-12,Absent
ATN002464,B05466,P0025,2026-08-07,Present
ATN002465,B05233,P0043,2026-08-28,Present
ATN002466,B05357,P0007,2026-08-20,Late
ATN002467,B05222,P0032,2026-07-15,Absent
ATN002468,B05324,P0056,2026-08-07,Present
ATN002469,B05304,P0036,2026-07-13,Present
ATN002470,B05146,P0011,2026-08-25,Present
ATN002471,B05251,P0033,2026-07-14,Present
ATN002472,B05080,P0050,2026-08-22,Absent
ATN002473,B05412,P0016,2026-07-21,Absent
ATN002474,B05042,P0067,2026-08-12,Absent
ATN002475,B05481,P0042,2026-07-30,Absent
ATN002476,B05396,P0010,2026-07-06,Present
ATN002477,B05376,P0007,2026-08-05,Present
ATN002478,B05322,P0058,2026-08-29,Present
ATN002479,B05123,P0047,2026-08-04,Late
ATN002480,B05020,P0060,2026-08-03,Present
ATN002481,B05335,P0020,2026-08-09,Absent
ATN002482,B05500,P0005,2026-08-29,Late
ATN002483,B05364,P0062,2026-08-05,Absent
ATN002484,B05039,P0038,2026-08-27,Present
ATN002485,B05320,P0004,2026-07-29,Present
ATN002486,B05472,P0056,2026-08-28,Absent
ATN002487,B05436,P0017,2026-07-03,Present
ATN002488,B05061,P0042,2026-07-05,Present
ATN002489,B05290,P0060,2026-07-09,Present
ATN002490,B05258,P0026,2026-07-20,Present
ATN002491,B05290,P0046,2026-08-05,Absent
ATN002492,B05092,P0030,2026-08-05,Present
ATN002493,B05019,P0005,2026-08-05,Present
ATN002494,B05240,P0016,2026-07-15,Present
ATN002495,B05316,P0062,2026-07-07,Absent
ATN002496,B05096,P0040,2026-07-19,Absent
ATN002497,B05160,P0022,2026-08-26,Present
ATN002498,B05434,P0013,2026-08-03,Present
ATN002499,B05029,P0002,2026-07-11,Present
ATN002500,B05164,P0062,2026-07-19,Absent
ATN002501,B05258,P0053,2026-07-19,Present
ATN002502,B05300,P0013,2026-08-14,Absent
ATN002503,B05488,P0060,2026-07-26,Absent
ATN002504,B05166,P0049,2026-07-22,Present
ATN002505,B05167,P0039,2026-07-21,Present
ATN002506,B05321,P0042,2026-08-02,Present
ATN002507,B05024,P0053,2026-07-21,Present
ATN002508,B05137,P0003,2026-08-29,Present
ATN002509,B05115,P0018,2026-07-26,Present
ATN002510,B05115,P0037,2026-07-14,Present
ATN002511,B05383,P0036,2026-08-25,Late
ATN002512,B05211,P0048,2026-08-12,Present
ATN002513,B05278,P0031,2026-07-18,Present
ATN002514,B05112,P0001,2026-08-19,Present
ATN002515,B05223,P0057,2026-07-06,Present
ATN002516,B05473,P0059,2026-07-10,Present
ATN002517,B05245,P0037,2026-07-16,Present
ATN002518,B05396,P0014,2026-08-16,Present
ATN002519,B05382,P0002,2026-08-02,Present
ATN002520,B05203,P0003,2026-08-11,Absent
ATN002521,B05215,P0050,2026-08-25,Present
ATN002522,B05372,P0027,2026-07-02,Present
ATN002523,B05122,P0006,2026-08-12,Present
ATN002524,B05242,P0037,2026-08-04,Present
ATN002525,B05006,P0013,2026-07-23,Present
ATN002526,B05335,P0016,2026-08-25,Present
ATN002527,B05403,P0053,2026-07-26,Present
ATN002528,B05009,P0001,2026-07-20,Present
ATN002529,B05476,P0043,2026-07-21,Present
ATN002530,B05158,P0028,2026-08-29,Present
ATN002531,B05346,P0023,2026-08-12,Present
ATN002532,B05494,P0047,2026-08-19,Absent
ATN002533,B05114,P0023,2026-08-12,Present
ATN002534,B05319,P0054,2026-07-26,Absent
ATN002535,B05317,P0056,2026-08-22,Present
ATN002536,B05084,P0017,2026-07-25,Present
ATN002537,B05237,P0058,2026-07-07,Present
ATN002538,B05164,P0063,2026-07-28,Absent
ATN002539,B05115,P0015,2026-08-29,Present
ATN002540,B05307,P0064,2026-07-12,Present
ATN002541,B05414,P0023,2026-08-06,Present
ATN002542,B05162,P0043,2026-08-12,Late
ATN002543,B05244,P0009,2026-08-26,Present
ATN002544,B05018,P0044,2026-07-23,Present
ATN002545,B05131,P0060,2026-08-22,Present
ATN002546,B05323,P0027,2026-08-20,Present
ATN002547,B05219,P0062,2026-07-05,Present
ATN002548,B05025,P0044,2026-07-14,Present
ATN002549,B05012,P0046,2026-08-21,Present
ATN002550,B05172,P0014,2026-08-04,Present
ATN002551,B05277,P0013,2026-07-13,Present
ATN002552,B05298,P0021,2026-07-04,Present
ATN002553,B05111,P0044,2026-07-13,Present
ATN002554,B05476,P0003,2026-07-14,Present
ATN002555,B05237,P0006,2026-08-16,Present
ATN002556,B05152,P0004,2026-08-09,Present
ATN002557,B05013,P0016,2026-08-22,Present
ATN002558,B05119,P0064,2026-07-18,Present
ATN002559,B05012,P0016,2026-08-01,Present
ATN002560,B05331,P0019,2026-07-25,Absent
ATN002561,B05434,P0048,2026-08-01,Present
ATN002562,B05020,P0003,2026-07-26,Late
ATN002563,B05246,P0013,2026-07-19,Absent
ATN002564,B05416,P0041,2026-08-06,Present
ATN002565,B05031,P0007,2026-07-12,Present
ATN002566,B05344,P0058,2026-08-05,Present
ATN002567,B05014,P0005,2026-07-22,Present
ATN002568,B05429,P0007,2026-08-07,Present
ATN002569,B05032,P0042,2026-07-07,Present
ATN002570,B05371,P0049,2026-07-20,Present
ATN002571,B05407,P0028,2026-07-18,Present
ATN002572,B05063,P0015,2026-07-11,Present
ATN002573,B05424,P0065,2026-07-01,Present
ATN002574,B05467,P0019,2026-07-15,Present
ATN002575,B05335,P0045,2026-07-21,Present
ATN002576,B05206,P0009,2026-07-11,Present
ATN002577,B05370,P0010,2026-07-03,Present
ATN002578,B05147,P0037,2026-08-08,Present
ATN002579,B05141,P0063,2026-08-26,Present
ATN002580,B05264,P0051,2026-08-25,Late
ATN002581,B05238,P0008,2026-08-27,Present
ATN002582,B05132,P0006,2026-08-07,Late
ATN002583,B05287,P0055,2026-08-20,Present
ATN002584,B05386,P0063,2026-07-26,Present
ATN002585,B05414,P0020,2026-07-11,Late
ATN002586,B05356,P0032,2026-08-03,Present
ATN002587,B05211,P0059,2026-08-29,Present
ATN002588,B05368,P0003,2026-08-10,Present
ATN002589,B05211,P0037,2026-07-03,Present
ATN002590,B05238,P0048,2026-08-11,Present
ATN002591,B05190,P0047,2026-07-30,Present
ATN002592,B05284,P0016,2026-07-03,Present
ATN002593,B05403,P0045,2026-08-12,Present
ATN002594,B05471,P0011,2026-07-26,Present
ATN002595,B05053,P0018,2026-07-18,Present
ATN002596,B05108,P0058,2026-07-14,Late
ATN002597,B05085,P0054,2026-07-14,Present
ATN002598,B05091,P0063,2026-07-15,Present
ATN002599,B05170,P0011,2026-08-24,Present
ATN002600,B05237,P0031,2026-08-17,Absent
ATN002601,B05030,P0034,2026-07-22,Late
ATN002602,B05235,P0046,2026-08-22,Absent
ATN002603,B05161,P0057,2026-07-05,Present
ATN002604,B05451,P0043,2026-08-01,Present
ATN002605,B05021,P0051,2026-07-30,Present
ATN002606,B05425,P0028,2026-07-07,Present
ATN002607,B05376,P0032,2026-07-08,Present
ATN002608,B05447,P0037,2026-08-10,Present
ATN002609,B05482,P0021,2026-08-16,Present
ATN002610,B05334,P0039,2026-08-01,Present
ATN002611,B05065,P0026,2026-07-02,Present
ATN002612,B05384,P0007,2026-08-14,Present
ATN002613,B05399,P0024,2026-07-06,Present
ATN002614,B05131,P0044,2026-08-23,Present
ATN002615,B05496,P0063,2026-08-21,Present
ATN002616,B05435,P0034,2026-08-11,Present
ATN002617,B05453,P0056,2026-08-04,Present
ATN002618,B05220,P0030,2026-08-20,Present
ATN002619,B05031,P0020,2026-08-18,Present
ATN002620,B05445,P0054,2026-07-04,Present
ATN002621,B05330,P0023,2026-07-20,Present
ATN002622,B05494,P0025,2026-07-27,Present
ATN002623,B05133,P0019,2026-07-03,Present
ATN002624,B05207,P0027,2026-07-20,Late
ATN002625,B05095,P0061,2026-08-20,Late
ATN002626,B05191,P0013,2026-07-29,Present
ATN002627,B05168,P0040,2026-07-27,Present
ATN002628,B05019,P0022,2026-08-16,Present
ATN002629,B05185,P0007,2026-08-16,Present
ATN002630,B05028,P0049,2026-07-01,Present
ATN002631,B05220,P0016,2026-07-31,Present
ATN002632,B05268,P0053,2026-08-15,Present
ATN002633,B05275,P0015,2026-07-03,Present
ATN002634,B05469,P0022,2026-08-06,Present
ATN002635,B05323,P0056,2026-07-17,Present
ATN002636,B05132,P0035,2026-07-21,Absent
ATN002637,B05182,P0025,2026-07-22,Present
ATN002638,B05177,P0010,2026-08-11,Present
ATN002639,B05302,P0022,2026-07-22,Absent
ATN002640,B05131,P0044,2026-08-10,Present
ATN002641,B05349,P0043,2026-07-14,Present
ATN002642,B05250,P0036,2026-08-12,Present
ATN002643,B05250,P0063,2026-08-28,Present
ATN002644,B05039,P0052,2026-07-31,Present
ATN002645,B05074,P0037,2026-07-12,Present
ATN002646,B05355,P0032,2026-07-05,Late
ATN002647,B05170,P0030,2026-08-17,Present
ATN002648,B05003,P0062,2026-08-10,Absent
ATN002649,B05051,P0050,2026-07-23,Absent
ATN002650,B05208,P0053,2026-07-24,Present
ATN002651,B05486,P0042,2026-07-09,Present
ATN002652,B05030,P0030,2026-07-07,Present
ATN002653,B05410,P0009,2026-08-21,Present
ATN002654,B05193,P0002,2026-07-07,Present
ATN002655,B05016,P0006,2026-07-18,Late
ATN002656,B05403,P0064,2026-08-21,Present
ATN002657,B05204,P0008,2026-07-21,Late
ATN002658,B05380,P0039,2026-08-06,Present
ATN002659,B05005,P0055,2026-07-01,Present
ATN002660,B05055,P0057,2026-08-08,Present
ATN002661,B05472,P0009,2026-08-15,Present
ATN002662,B05406,P0012,2026-07-02,Absent
ATN002663,B05203,P0050,2026-07-24,Late
ATN002664,B05026,P0005,2026-07-14,Present
ATN002665,B05440,P0004,2026-08-18,Present
ATN002666,B05405,P0012,2026-08-08,Present
ATN002667,B05365,P0039,2026-07-03,Absent
ATN002668,B05433,P0019,2026-07-21,Present
ATN002669,B05393,P0059,2026-08-03,Present
ATN002670,B05345,P0057,2026-08-21,Present
ATN002671,B05243,P0062,2026-08-11,Late
ATN002672,B05031,P0059,2026-08-04,Present
ATN002673,B05301,P0047,2026-08-24,Absent
ATN002674,B05319,P0067,2026-07-20,Present
ATN002675,B05131,P0047,2026-08-07,Present
ATN002676,B05025,P0023,2026-07-09,Present
ATN002677,B05255,P0013,2026-08-17,Present
ATN002678,B05422,P0009,2026-08-28,Present
ATN002679,B05473,P0046,2026-07-15,Present
ATN002680,B05156,P0039,2026-08-25,Present
ATN002681,B05201,P0054,2026-07-31,Present
ATN002682,B05287,P0061,2026-08-10,Present
ATN002683,B05407,P0041,2026-07-09,Late
ATN002684,B05457,P0009,2026-07-13,Present
ATN002685,B05436,P0047,2026-08-07,Present
ATN002686,B05275,P0058,2026-08-01,Present
ATN002687,B05066,P0026,2026-07-20,Absent
ATN002688,B05318,P0063,2026-07-21,Present
ATN002689,B05227,P0038,2026-07-19,Present
ATN002690,B05393,P0002,2026-07-27,Present
ATN002691,B05350,P0004,2026-08-24,Absent
ATN002692,B05467,P0062,2026-08-29,Present
ATN002693,B05189,P0054,2026-07-11,Absent
ATN002694,B05096,P0032,2026-07-15,Absent
ATN002695,B05277,P0006,2026-07-08,Present
ATN002696,B05131,P0056,2026-08-29,Absent
ATN002697,B05407,P0047,2026-07-09,Present
ATN002698,B05152,P0022,2026-08-08,Present
ATN002699,B05226,P0023,2026-08-06,Absent
ATN002700,B05181,P0007,2026-08-20,Present
ATN002701,B05109,P0017,2026-07-20,Present
ATN002702,B05273,P0058,2026-08-18,Present
ATN002703,B05345,P0059,2026-08-21,Absent
ATN002704,B05322,P0016,2026-08-24,Present
ATN002705,B05290,P0032,2026-07-10,Present
ATN002706,B05106,P0039,2026-07-19,Present
ATN002707,B05182,P0058,2026-07-10,Absent
ATN002708,B05432,P0045,2026-07-22,Present
ATN002709,B05237,P0030,2026-08-17,Present
ATN002710,B05104,P0028,2026-07-25,Absent
ATN002711,B05118,P0033,2026-07-24,Present
ATN002712,B05415,P0035,2026-07-26,Present
ATN002713,B05370,P0019,2026-07-15,Present
ATN002714,B05149,P0063,2026-08-26,Present
ATN002715,B05395,P0060,2026-08-21,Present
ATN002716,B05169,P0032,2026-07-31,Present
ATN002717,B05354,P0024,2026-08-04,Present
ATN002718,B05453,P0013,2026-07-07,Present
ATN002719,B05010,P0019,2026-07-27,Present
ATN002720,B05383,P0002,2026-08-23,Present
ATN002721,B05422,P0017,2026-08-29,Present
ATN002722,B05115,P0032,2026-08-27,Present
ATN002723,B05120,P0038,2026-07-05,Present
ATN002724,B05116,P0046,2026-07-13,Present
ATN002725,B05472,P0051,2026-07-04,Present
ATN002726,B05238,P0046,2026-08-11,Late
ATN002727,B05407,P0045,2026-07-29,Present
ATN002728,B05016,P0047,2026-07-11,Present
ATN002729,B05268,P0026,2026-07-29,Present
ATN002730,B05434,P0051,2026-07-08,Present
ATN002731,B05016,P0040,2026-08-18,Late
ATN002732,B05098,P0043,2026-08-12,Present
ATN002733,B05206,P0023,2026-08-03,Present
ATN002734,B05277,P0038,2026-07-18,Present
ATN002735,B05001,P0013,2026-08-26,Late
ATN002736,B05294,P0017,2026-07-26,Present
ATN002737,B05374,P0009,2026-08-18,Present
ATN002738,B05064,P0045,2026-07-18,Present
ATN002739,B05095,P0051,2026-08-14,Present
ATN002740,B05300,P0031,2026-08-12,Present
ATN002741,B05308,P0012,2026-07-24,Present
ATN002742,B05359,P0019,2026-08-04,Present
ATN002743,B05036,P0014,2026-08-20,Present
ATN002744,B05417,P0064,2026-08-02,Present
ATN002745,B05095,P0051,2026-07-18,Present
ATN002746,B05148,P0038,2026-07-31,Present
ATN002747,B05161,P0034,2026-08-14,Present
ATN002748,B05412,P0043,2026-07-29,Present
ATN002749,B05158,P0012,2026-07-01,Present
ATN002750,B05238,P0063,2026-08-19,Present
ATN002751,B05148,P0061,2026-07-17,Present
ATN002752,B05262,P0036,2026-08-23,Present
ATN002753,B05189,P0052,2026-08-24,Present
ATN002754,B05373,P0060,2026-08-04,Present
ATN002755,B05139,P0066,2026-07-24,Present
ATN002756,B05279,P0045,2026-07-03,Present
ATN002757,B05453,P0047,2026-08-24,Present
ATN002758,B05380,P0038,2026-08-06,Present
ATN002759,B05484,P0040,2026-08-25,Present
ATN002760,B05147,P0061,2026-07-22,Present
ATN002761,B05035,P0031,2026-07-21,Absent
ATN002762,B05383,P0025,2026-08-26,Absent
ATN002763,B05455,P0015,2026-08-19,Present
ATN002764,B05418,P0009,2026-07-16,Late
ATN002765,B05021,P0030,2026-07-17,Present
ATN002766,B05345,P0010,2026-08-08,Late
ATN002767,B05193,P0022,2026-07-02,Present
ATN002768,B05250,P0048,2026-08-22,Absent
ATN002769,B05246,P0045,2026-08-02,Present
ATN002770,B05161,P0004,2026-08-18,Late
ATN002771,B05423,P0010,2026-08-14,Present
ATN002772,B05258,P0054,2026-07-31,Absent
ATN002773,B05123,P0019,2026-08-12,Present
ATN002774,B05044,P0031,2026-08-17,Present
ATN002775,B05016,P0029,2026-08-28,Present
ATN002776,B05443,P0012,2026-08-18,Present
ATN002777,B05111,P0008,2026-07-12,Present
ATN002778,B05001,P0021,2026-07-17,Present
ATN002779,B05167,P0053,2026-08-03,Present
ATN002780,B05054,P0049,2026-07-02,Present
ATN002781,B05289,P0046,2026-07-24,Absent
ATN002782,B05169,P0033,2026-08-02,Present
ATN002783,B05329,P0064,2026-07-15,Present
ATN002784,B05418,P0064,2026-07-09,Late
ATN002785,B05406,P0045,2026-07-12,Present
ATN002786,B05209,P0051,2026-08-06,Present
ATN002787,B05078,P0023,2026-08-09,Present
ATN002788,B05145,P0017,2026-08-13,Present
ATN002789,B05245,P0030,2026-08-21,Present
ATN002790,B05307,P0054,2026-07-05,Present
ATN002791,B05378,P0065,2026-07-02,Present
ATN002792,B05379,P0013,2026-08-14,Present
ATN002793,B05139,P0010,2026-08-22,Present
ATN002794,B05494,P0037,2026-07-28,Present
ATN002795,B05281,P0065,2026-07-21,Present
ATN002796,B05421,P0014,2026-08-29,Present
ATN002797,B05422,P0014,2026-08-18,Absent
ATN002798,B05340,P0060,2026-07-14,Present
ATN002799,B05443,P0010,2026-08-17,Present
ATN002800,B05073,P0038,2026-07-01,Present
ATN002801,B05351,P0063,2026-07-22,Present
ATN002802,B05327,P0002,2026-07-04,Present
ATN002803,B05491,P0017,2026-08-26,Present
ATN002804,B05230,P0054,2026-07-08,Present
ATN002805,B05203,P0059,2026-07-02,Present
ATN002806,B05369,P0051,2026-07-16,Present
ATN002807,B05045,P0063,2026-07-16,Present
ATN002808,B05192,P0010,2026-08-13,Present
ATN002809,B05480,P0004,2026-08-14,Present
ATN002810,B05008,P0062,2026-08-05,Present
ATN002811,B05179,P0008,2026-07-31,Present
ATN002812,B05014,P0050,2026-08-18,Present
ATN002813,B05191,P0056,2026-08-15,Present
ATN002814,B05203,P0062,2026-08-28,Present
ATN002815,B05035,P0023,2026-07-12,Present
ATN002816,B05201,P0055,2026-07-30,Present
ATN002817,B05500,P0012,2026-08-13,Present
ATN002818,B05390,P0001,2026-07-28,Present
ATN002819,B05060,P0006,2026-07-26,Present
ATN002820,B05351,P0024,2026-08-15,Present
ATN002821,B05432,P0061,2026-07-16,Present
ATN002822,B05218,P0013,2026-08-28,Present
ATN002823,B05330,P0012,2026-07-07,Present
ATN002824,B05471,P0060,2026-08-29,Present
ATN002825,B05436,P0038,2026-07-13,Absent
ATN002826,B05111,P0028,2026-07-08,Present
ATN002827,B05229,P0043,2026-07-27,Present
ATN002828,B05011,P0057,2026-07-31,Present
ATN002829,B05092,P0008,2026-07-08,Present
ATN002830,B05301,P0067,2026-07-15,Present
ATN002831,B05131,P0045,2026-07-29,Present
ATN002832,B05368,P0041,2026-07-30,Present
ATN002833,B05102,P0035,2026-07-11,Present
ATN002834,B05437,P0044,2026-08-06,Late
ATN002835,B05356,P0005,2026-08-15,Late
ATN002836,B05046,P0026,2026-07-02,Present
ATN002837,B05389,P0064,2026-07-28,Present
ATN002838,B05213,P0046,2026-07-05,Present
ATN002839,B05308,P0036,2026-08-11,Present
ATN002840,B05499,P0027,2026-08-19,Present
ATN002841,B05176,P0065,2026-08-03,Present
ATN002842,B05434,P0062,2026-07-25,Present
ATN002843,B05392,P0059,2026-07-03,Absent
ATN002844,B05051,P0048,2026-08-11,Present
ATN002845,B05174,P0004,2026-08-16,Present
ATN002846,B05369,P0061,2026-07-30,Present
ATN002847,B05270,P0048,2026-08-18,Present
ATN002848,B05046,P0064,2026-08-06,Absent
ATN002849,B05146,P0004,2026-08-14,Present
ATN002850,B05054,P0034,2026-08-17,Late
ATN002851,B05464,P0064,2026-07-26,Present
ATN002852,B05002,P0031,2026-08-01,Present
ATN002853,B05360,P0013,2026-07-24,Present
ATN002854,B05450,P0037,2026-07-17,Present
ATN002855,B05151,P0040,2026-08-04,Present
ATN002856,B05095,P0050,2026-07-16,Present
ATN002857,B05105,P0049,2026-07-05,Present
ATN002858,B05129,P0047,2026-08-22,Late
ATN002859,B05289,P0018,2026-08-17,Present
ATN002860,B05479,P0058,2026-08-01,Present
ATN002861,B05118,P0030,2026-07-28,Present
ATN002862,B05066,P0006,2026-07-03,Present
ATN002863,B05143,P0045,2026-08-22,Present
ATN002864,B05484,P0003,2026-07-26,Present
ATN002865,B05164,P0050,2026-08-28,Present
ATN002866,B05475,P0057,2026-07-21,Present
ATN002867,B05177,P0045,2026-07-11,Absent
ATN002868,B05465,P0028,2026-08-16,Present
ATN002869,B05178,P0049,2026-07-02,Present
ATN002870,B05296,P0061,2026-07-02,Present
ATN002871,B05456,P0042,2026-08-16,Present
ATN002872,B05500,P0038,2026-07-04,Present
ATN002873,B05155,P0013,2026-07-27,Present
ATN002874,B05214,P0031,2026-07-24,Absent
ATN002875,B05344,P0064,2026-07-03,Present
ATN002876,B05484,P0033,2026-07-16,Absent
ATN002877,B05320,P0018,2026-08-10,Present
ATN002878,B05142,P0049,2026-08-07,Present
ATN002879,B05207,P0046,2026-08-22,Present
ATN002880,B05423,P0052,2026-07-29,Present
ATN002881,B05478,P0056,2026-08-05,Present
ATN002882,B05040,P0043,2026-08-23,Present
ATN002883,B05351,P0042,2026-07-25,Absent
ATN002884,B05433,P0019,2026-08-19,Late
ATN002885,B05253,P0029,2026-08-10,Present
ATN002886,B05343,P0015,2026-08-02,Present
ATN002887,B05335,P0033,2026-07-05,Absent
ATN002888,B05397,P0061,2026-07-13,Absent
ATN002889,B05317,P0041,2026-08-19,Absent
ATN002890,B05371,P0055,2026-08-12,Present
ATN002891,B05277,P0001,2026-07-04,Present
ATN002892,B05442,P0053,2026-08-05,Present
ATN002893,B05203,P0007,2026-08-29,Late
ATN002894,B05429,P0053,2026-07-17,Present
ATN002895,B05479,P0057,2026-08-08,Present
ATN002896,B05303,P0016,2026-07-24,Present
ATN002897,B05261,P0041,2026-07-29,Present
ATN002898,B05129,P0024,2026-07-20,Present
ATN002899,B05232,P0058,2026-08-12,Present
ATN002900,B05182,P0037,2026-08-22,Late
ATN002901,B05496,P0063,2026-07-11,Present
ATN002902,B05424,P0010,2026-08-04,Present
ATN002903,B05001,P0027,2026-07-21,Present
ATN002904,B05099,P0023,2026-08-26,Absent
ATN002905,B05415,P0002,2026-08-19,Present
ATN002906,B05227,P0009,2026-08-17,Present
ATN002907,B05483,P0037,2026-07-10,Present
ATN002908,B05459,P0031,2026-07-27,Present
ATN002909,B05073,P0012,2026-07-11,Present
ATN002910,B05032,P0056,2026-07-06,Present
ATN002911,B05253,P0015,2026-08-08,Present
ATN002912,B05420,P0020,2026-08-28,Late
ATN002913,B05267,P0026,2026-08-03,Present
ATN002914,B05230,P0049,2026-07-11,Present
ATN002915,B05383,P0024,2026-07-23,Present
ATN002916,B05159,P0014,2026-07-05,Absent
ATN002917,B05146,P0066,2026-08-02,Absent
ATN002918,B05238,P0052,2026-07-06,Present
ATN002919,B05491,P0003,2026-07-05,Present
ATN002920,B05430,P0022,2026-07-23,Present
ATN002921,B05181,P0011,2026-08-08,Present
ATN002922,B05024,P0063,2026-08-18,Present
ATN002923,B05103,P0017,2026-07-16,Present
ATN002924,B05259,P0008,2026-08-26,Present
ATN002925,B05046,P0034,2026-07-16,Late
ATN002926,B05477,P0065,2026-08-04,Present
ATN002927,B05218,P0014,2026-07-26,Present
ATN002928,B05020,P0053,2026-08-18,Present
ATN002929,B05208,P0004,2026-08-07,Present
ATN002930,B05173,P0046,2026-07-19,Present
ATN002931,B05061,P0003,2026-08-14,Present
ATN002932,B05019,P0041,2026-08-22,Present
ATN002933,B05053,P0045,2026-08-01,Present
ATN002934,B05032,P0053,2026-07-13,Present
ATN002935,B05263,P0026,2026-07-01,Present
ATN002936,B05301,P0031,2026-08-29,Present
ATN002937,B05221,P0043,2026-08-29,Absent
ATN002938,B05206,P0042,2026-08-25,Present
ATN002939,B05058,P0040,2026-07-15,Present
ATN002940,B05370,P0053,2026-07-10,Present
ATN002941,B05205,P0047,2026-07-18,Present
ATN002942,B05168,P0028,2026-07-27,Present
ATN002943,B05484,P0014,2026-08-10,Present
ATN002944,B05193,P0023,2026-08-19,Present
ATN002945,B05322,P0021,2026-07-31,Present
ATN002946,B05141,P0059,2026-08-02,Present
ATN002947,B05233,P0044,2026-07-02,Present
ATN002948,B05048,P0051,2026-07-06,Present
ATN002949,B05025,P0061,2026-07-27,Present
ATN002950,B05086,P0055,2026-08-14,Present
ATN002951,B05379,P0063,2026-08-12,Absent
ATN002952,B05372,P0010,2026-08-29,Present
ATN002953,B05115,P0045,2026-08-25,Present
ATN002954,B05237,P0020,2026-07-15,Present
ATN002955,B05137,P0019,2026-07-08,Present
ATN002956,B05126,P0004,2026-08-27,Present
ATN002957,B05121,P0005,2026-08-28,Present
ATN002958,B05128,P0004,2026-08-05,Present
ATN002959,B05369,P0064,2026-08-03,Present
ATN002960,B05264,P0006,2026-07-06,Present
ATN002961,B05499,P0011,2026-07-25,Present
ATN002962,B05042,P0053,2026-08-23,Present
ATN002963,B05492,P0066,2026-08-24,Present
ATN002964,B05256,P0045,2026-08-29,Present
ATN002965,B05200,P0009,2026-08-04,Present
ATN002966,B05153,P0009,2026-08-01,Present
ATN002967,B05272,P0027,2026-08-08,Present
ATN002968,B05436,P0041,2026-07-24,Present
ATN002969,B05286,P0024,2026-07-26,Present
ATN002970,B05097,P0026,2026-07-04,Present
ATN002971,B05343,P0045,2026-08-06,Present
ATN002972,B05135,P0048,2026-08-28,Present
ATN002973,B05499,P0065,2026-07-21,Present
ATN002974,B05042,P0065,2026-07-24,Late
ATN002975,B05365,P0045,2026-07-21,Present
ATN002976,B05192,P0025,2026-07-16,Late
ATN002977,B05499,P0036,2026-07-05,Present
ATN002978,B05209,P0023,2026-07-19,Present
ATN002979,B05424,P0040,2026-08-12,Present
ATN002980,B05414,P0022,2026-08-13,Present
ATN002981,B05348,P0047,2026-07-30,Absent
ATN002982,B05366,P0057,2026-08-17,Present
ATN002983,B05267,P0015,2026-08-04,Present
ATN002984,B05246,P0004,2026-08-26,Present
ATN002985,B05277,P0032,2026-07-10,Present
ATN002986,B05071,P0011,2026-08-17,Present
ATN002987,B05061,P0007,2026-07-03,Present
ATN002988,B05317,P0006,2026-07-17,Present
ATN002989,B05406,P0009,2026-07-09,Present
ATN002990,B05369,P0016,2026-08-18,Present
ATN002991,B05477,P0019,2026-08-22,Present
ATN002992,B05432,P0040,2026-08-13,Present
ATN002993,B05255,P0007,2026-08-03,Present
ATN002994,B05135,P0053,2026-07-11,Absent
ATN002995,B05061,P0056,2026-07-18,Present
ATN002996,B05368,P0031,2026-08-21,Present
ATN002997,B05072,P0036,2026-08-23,Present
ATN002998,B05312,P0061,2026-07-03,Present
ATN002999,B05185,P0058,2026-08-11,Present
ATN003000,B05011,P0012,2026-08-05,Present
