activity_id,program_id,activity_date,activity_type,participation_count
A000001,P0027,2025-09-16,Workshop,28.0
A000002,P0008,2025-09-17,Awareness Session,22.0
A000003,P0060,2026-05-21,Counselling,70.0
A000004,P0032,2026-06-04,Training,21.0
A000005,P0006,2026-04-23,Awareness Session,5.0
A000006,P0028,2025-11-17,Training,28.0
A000007,P0019,2025-04-06,Awareness Session,31.0
A000008,P0044,2025-10-12,Counselling,6.0
A000009,P0012,2025-08-08,Training,15.0
A000010,P0039,2025-08-27,Assessment,9.0
A000011,P0057,2025-07-03,Workshop,42.0
A000012,P0036,2025-06-30,Assessment,11.0
A000013,P0021,2025-12-03,Awareness Session,80.0
A000014,P0018,2026-05-03,Counselling,29.0
A000015,P0017,2026-01-10,Counselling,18.0
A000016,P0024,2025-08-22,Awareness Session,61.0
A000017,P0048,2026-04-04,Training,34.0
A000018,P0015,2026-03-30,Counselling,43.0
A000019,P0040,2025-08-02,Workshop,61.0
A000020,P0058,2025-05-20,Community Activity,26.0
A000021,P0040,2026-04-23,Assessment,65.0
A000022,P0039,2025-10-23,Workshop,37.0
A000023,P0005,2026-06-15,Community Activity,57.0
A000024,P0014,2025-04-16,Counselling,34.0
A000025,P0065,2025-08-17,Training,48.0
A000026,P0035,2025-10-08,Assessment,64.0
A000027,P0045,2025-07-04,Counselling,12.0
A000028,P0027,2026-06-14,Counselling,5.0
A000029,P0023,2026-01-10,Awareness Session,55.0
A000030,P0005,2026-06-05,Workshop,52.0
A000031,P0042,2026-01-19,Assessment,67.0
A000032,P0053,2025-11-22,Community Activity,73.0
A000033,P0056,2025-05-08,Training,60.0
A000034,P0003,2025-07-01,Awareness Session,36.0
A000035,P0027,2025-07-08,Training,44.0
A000036,P0046,2025-07-06,Workshop,55.0
A000037,P0022,2025-11-09,Community Activity,65.0
A000038,P0063,2026-02-22,Workshop,47.0
A000039,P0061,2025-11-09,Assessment,56.0
A000040,P0048,2026-04-03,Assessment,10.0
A000041,P0013,2025-05-24,Training,80.0
A000042,P0029,2025-10-14,Assessment,20.0
A000043,P0013,2025-07-11,Assessment,46.0
A000044,P0047,2025-07-29,Community Activity,30.0
A000045,P0025,2026-05-14,Awareness Session,64.0
A000046,P0052,2025-04-09,Community Activity,47.0
A000047,P0013,2026-05-10,Workshop,57.0
A000048,P0039,2026-02-05,Community Activity,20.0
A000049,P0028,2025-06-05,Counselling,77.0
A000050,P0044,2026-03-23,Training,80.0
A000051,P0042,2025-06-09,Training,57.0
A000052,P0025,2026-01-01,Assessment,71.0
A000053,P0067,2025-10-22,Awareness Session,23.0
A000054,P0039,2025-06-17,Counselling,29.0
A000055,P0036,2026-04-22,Awareness Session,24.0
A000056,P0054,2026-03-30,Training,56.0
A000057,P0020,2026-03-27,Assessment,14.0
A000058,P0065,2025-05-14,Workshop,25.0
A000059,P0044,2025-12-02,Awareness Session,11.0
A000060,P0065,2026-05-30,Counselling,65.0
A000061,P0001,2025-08-31,Training,77.0
A000062,P0043,2025-05-21,Awareness Session,37.0
A000063,P0053,2025-04-15,Counselling,5.0
A000064,P0060,2025-07-15,Training,58.0
A000065,P0027,2025-10-22,Counselling,58.0
A000066,P0048,2025-09-03,Awareness Session,47.0
A000067,P0067,2025-10-04,Assessment,79.0
A000068,P0052,2025-11-21,Awareness Session,28.0
A000069,P0045,2026-02-18,Assessment,73.0
A000070,P0029,2025-06-29,Awareness Session,73.0
A000071,P0018,2026-01-26,Counselling,30.0
A000072,P0013,2025-10-28,Counselling,78.0
A000073,P0014,2025-10-10,Awareness Session,20.0
A000074,P0001,2025-07-15,Training,
A000075,P0021,2026-01-10,Assessment,74.0
A000076,P0027,2025-09-03,Community Activity,5.0
A000077,P0022,2026-01-16,Workshop,60.0
A000078,P0062,2025-04-13,Community Activity,22.0
A000079,P0020,2026-06-09,Community Activity,22.0
A000080,P0033,2025-04-14,Training,23.0
A000081,P0029,2025-06-12,Counselling,77.0
A000082,P0006,2025-10-11,Counselling,18.0
A000083,P0059,2025-12-01,Assessment,62.0
A000084,P0013,2026-02-28,Workshop,43.0
A000085,P0034,2025-12-15,Workshop,77.0
A000086,P0042,2025-04-04,Community Activity,75.0
A000087,P0012,2026-06-03,Assessment,21.0
A000088,P0021,2025-10-16,Workshop,8.0
A000089,P0006,2025-12-27,Awareness Session,72.0
A000090,P0027,2025-09-27,Counselling,58.0
A000091,P0006,2025-07-21,Community Activity,43.0
A000092,P0017,2025-06-15,Workshop,17.0
A000093,P0060,2026-06-17,Awareness Session,55.0
A000094,P0002,2025-04-17,Community Activity,42.0
A000095,P0042,2025-12-29,Community Activity,68.0
A000096,P0015,2025-12-18,Awareness Session,58.0
A000097,P0031,2025-09-26,Counselling,31.0
A000098,P0060,2026-06-02,Assessment,58.0
A000099,P0067,2025-05-18,Workshop,58.0
A000100,P0065,2026-04-22,Awareness Session,79.0
A000101,P0053,2025-04-12,Awareness Session,75.0
A000102,P0040,2026-02-04,Community Activity,32.0
A000103,P0056,2025-05-22,Training,35.0
A000104,P0059,2025-09-09,Community Activity,65.0
A000105,P0063,2025-06-04,Training,60.0
A000106,P0063,2025-11-29,Awareness Session,13.0
A000107,P0057,2026-04-24,Assessment,41.0
A000108,P0024,2025-06-09,Workshop,60.0
A000109,P0010,2025-12-27,Community Activity,73.0
A000110,P0037,2026-02-12,Counselling,50.0
A000111,P0067,2026-02-02,Workshop,23.0
A000112,P0050,2026-05-10,Assessment,55.0
A000113,P0054,2026-02-14,Training,69.0
A000114,P0039,2026-04-03,Awareness Session,10.0
A000115,P0007,2026-01-15,Assessment,48.0
A000116,P0022,2026-02-04,Training,27.0
A000117,P0016,2025-04-08,Training,64.0
A000118,P0043,2025-08-11,Workshop,23.0
A000119,P0022,2026-03-12,Assessment,67.0
A000120,P0014,2025-10-18,Workshop,18.0
A000121,P0049,2026-01-02,Workshop,75.0
A000122,P0015,2026-03-29,Awareness Session,78.0
A000123,P0024,2026-03-09,Assessment,18.0
A000124,P0021,2025-06-26,Assessment,55.0
A000125,P0027,2025-12-04,Community Activity,44.0
A000126,P0019,2026-03-14,Community Activity,21.0
A000127,P0018,2025-06-10,Training,62.0
A000128,P0006,2026-03-15,Awareness Session,43.0
A000129,P0020,2025-11-02,Counselling,6.0
A000130,P0004,2025-09-30,Counselling,49.0
A000131,P0017,2026-05-16,Assessment,66.0
A000132,P0053,2025-09-30,Assessment,17.0
A000133,P0048,2025-04-21,Awareness Session,45.0
A000134,P0011,2026-05-23,Training,60.0
A000135,P0058,2025-10-21,Community Activity,25.0
A000136,P0048,2026-05-06,Counselling,31.0
A000137,P0001,2025-12-18,Workshop,34.0
A000138,P0023,2026-04-20,Workshop,35.0
A000139,P0003,2026-04-10,Workshop,28.0
A000140,P0012,2025-08-15,Awareness Session,55.0
A000141,P0019,2025-05-12,Community Activity,78.0
A000142,P0008,2025-06-25,Awareness Session,38.0
A000143,P0004,2025-09-13,Assessment,23.0
A000144,P0006,2025-04-01,Training,21.0
A000145,P0057,2025-04-28,Community Activity,57.0
A000146,P0027,2025-06-13,Workshop,38.0
A000147,P0061,2025-07-02,Workshop,18.0
A000148,P0062,2026-04-01,Training,32.0
A000149,P0058,2025-06-17,Assessment,15.0
A000150,P0021,2025-07-29,Assessment,42.0
A000151,P0058,2026-06-04,Community Activity,53.0
A000152,P0009,2025-08-19,Assessment,58.0
A000153,P0004,2025-06-05,Training,11.0
A000154,P0058,2026-05-09,Community Activity,22.0
A000155,P0029,2025-06-05,Community Activity,37.0
A000156,P0044,2025-04-18,Awareness Session,66.0
A000157,P0029,2026-02-19,Training,15.0
A000158,P0037,2026-05-15,Workshop,53.0
A000159,P0006,2026-02-18,Assessment,62.0
A000160,P0067,2026-04-12,Assessment,59.0
A000161,P0039,2025-11-09,Workshop,
A000162,P0007,2025-12-16,Counselling,54.0
A000163,P0047,2026-06-03,Training,63.0
A000164,P0055,2025-05-27,Workshop,19.0
A000165,P0011,2026-04-30,Counselling,8.0
A000166,P0019,2026-02-16,Counselling,42.0
A000167,P0019,2025-12-21,Community Activity,68.0
A000168,P0053,2025-06-16,Assessment,50.0
A000169,P0020,2025-07-29,Community Activity,47.0
A000170,P0058,2025-06-01,Training,67.0
A000171,P0009,2026-05-31,Community Activity,42.0
A000172,P0011,2025-12-01,Counselling,10.0
A000173,P0043,2026-05-05,Awareness Session,34.0
A000174,P0041,2025-10-27,Assessment,73.0
A000175,P0036,2025-05-07,Training,15.0
A000176,P0028,2026-01-10,Workshop,77.0
A000177,P0043,2025-09-07,Assessment,17.0
A000178,P0065,2026-03-04,Community Activity,64.0
A000179,P0058,2026-03-13,Assessment,21.0
A000180,P0016,2026-02-28,Training,59.0
A000181,P0022,2025-12-21,Awareness Session,12.0
A000182,P0054,2026-03-20,Counselling,6.0
A000183,P0023,2025-12-23,Training,23.0
A000184,P0003,2025-08-29,Training,55.0
A000185,P0041,2025-08-31,Workshop,63.0
A000186,P0053,2025-10-27,Workshop,26.0
A000187,P0057,2026-03-26,Assessment,15.0
A000188,P0032,2025-12-19,Training,20.0
A000189,P0048,2025-09-08,Counselling,39.0
A000190,P0017,2025-12-07,Assessment,80.0
A000191,P0045,2026-06-13,Counselling,12.0
A000192,P0010,2025-11-07,Assessment,9.0
A000193,P0036,2025-12-18,Community Activity,17.0
A000194,P0006,2025-04-04,Community Activity,20.0
A000195,P0025,2025-06-20,Workshop,75.0
A000196,P0057,2025-11-04,Training,61.0
A000197,P0016,2025-04-17,Counselling,43.0
A000198,P0052,2025-11-19,Counselling,37.0
A000199,P0067,2026-01-09,Workshop,42.0
A000200,P0043,2026-03-23,Workshop,66.0
A000201,P0053,2026-04-21,Workshop,40.0
A000202,P0023,2025-10-19,Awareness Session,44.0
A000203,P0066,2025-07-04,Community Activity,65.0
A000204,P0058,2026-01-18,Community Activity,67.0
A000205,P0065,2025-10-28,Community Activity,71.0
A000206,P0015,2026-04-28,Training,50.0
A000207,P0062,2026-02-08,Counselling,77.0
A000208,P0061,2026-04-02,Training,52.0
A000209,P0002,2025-11-12,Counselling,16.0
A000210,P0005,2025-06-21,Training,7.0
A000211,P0027,2025-12-11,Assessment,20.0
A000212,P0057,2026-03-04,Workshop,36.0
A000213,P0028,2025-08-17,Community Activity,24.0
A000214,P0031,2025-09-21,Assessment,34.0
A000215,P0059,2025-05-30,Assessment,64.0
A000216,P0031,2025-12-25,Training,44.0
A000217,P0028,2025-05-04,Assessment,37.0
A000218,P0017,2025-10-26,Training,30.0
A000219,P0019,2026-03-16,Counselling,51.0
A000220,P0005,2025-12-31,Assessment,52.0
A000221,P0055,2025-06-03,Awareness Session,66.0
A000222,P0055,2026-05-16,Workshop,20.0
A000223,P0062,2026-04-19,Assessment,33.0
A000224,P0065,2025-07-21,Assessment,35.0
A000225,P0059,2026-05-19,Counselling,66.0
A000226,P0043,2025-07-20,Training,66.0
A000227,P0023,2025-08-25,Training,30.0
A000228,P0031,2025-05-29,Training,22.0
A000229,P0042,2025-08-02,Training,49.0
A000230,P0038,2025-09-02,Workshop,9.0
A000231,P0021,2025-09-09,Counselling,9.0
A000232,P0013,2025-05-07,Workshop,11.0
A000233,P0056,2025-04-16,Community Activity,13.0
A000234,P0018,2025-07-09,Training,79.0
A000235,P0009,2025-10-05,Training,67.0
A000236,P0061,2025-09-28,Training,61.0
A000237,P0015,2026-02-17,Counselling,63.0
A000238,P0036,2026-01-21,Workshop,40.0
A000239,P0056,2025-12-14,Counselling,67.0
A000240,P0061,2025-11-24,Training,17.0
A000241,P0048,2025-11-21,Workshop,23.0
A000242,P0047,2025-05-07,Workshop,14.0
A000243,P0059,2025-12-24,Training,79.0
A000244,P0063,2026-05-07,Counselling,34.0
A000245,P0049,2026-04-19,Workshop,40.0
A000246,P0054,2026-05-20,Training,8.0
A000247,P0057,2025-09-24,Workshop,34.0
A000248,P0010,2026-04-08,Community Activity,65.0
A000249,P0007,2026-06-06,Community Activity,36.0
A000250,P0030,2026-06-19,Training,78.0
A000251,P0033,2025-12-06,Counselling,49.0
A000252,P0004,2026-05-19,Awareness Session,35.0
A000253,P0005,2026-04-07,Community Activity,60.0
A000254,P0019,2026-02-01,Awareness Session,46.0
A000255,P0057,2025-06-20,Training,79.0
A000256,P0011,2025-10-22,Counselling,17.0
A000257,P0056,2026-06-18,Counselling,57.0
A000258,P0034,2025-04-15,Awareness Session,58.0
A000259,P0011,2025-05-12,Workshop,47.0
A000260,P0039,2026-03-02,Counselling,28.0
A000261,P0013,2025-09-29,Awareness Session,27.0
A000262,P0022,2025-06-04,Community Activity,23.0
A000263,P0015,2025-12-28,Workshop,43.0
A000264,P0035,2025-07-09,Counselling,25.0
A000265,P0031,2025-09-17,Assessment,51.0
A000266,P0067,2025-06-04,Community Activity,14.0
A000267,P0029,2025-07-24,Workshop,63.0
A000268,P0038,2026-01-25,Awareness Session,45.0
A000269,P0066,2025-04-01,Counselling,67.0
A000270,P0015,2025-05-20,Community Activity,39.0
A000271,P0016,2026-04-14,Awareness Session,20.0
A000272,P0039,2025-10-06,Awareness Session,38.0
A000273,P0060,2026-03-23,Assessment,38.0
A000274,P0054,2025-10-31,Community Activity,48.0
A000275,P0045,2025-11-06,Assessment,10.0
A000276,P0004,2025-11-28,Counselling,25.0
A000277,P0036,2025-09-10,Workshop,75.0
A000278,P0011,2025-12-30,Awareness Session,60.0
A000279,P0001,2025-09-30,Assessment,29.0
A000280,P0016,2026-06-06,Awareness Session,56.0
A000281,P0055,2025-05-14,Community Activity,55.0
A000282,P0053,2025-04-11,Awareness Session,62.0
A000283,P0064,2026-05-06,Assessment,66.0
A000284,P0024,2026-01-20,Community Activity,52.0
A000285,P0063,2026-01-18,Training,33.0
A000286,P0066,2026-03-17,Assessment,56.0
A000287,P0052,2025-05-11,Assessment,72.0
A000288,P0004,2025-05-25,Awareness Session,48.0
A000289,P0066,2025-07-05,Community Activity,47.0
A000290,P0040,2026-06-20,Workshop,45.0
A000291,P0040,2026-04-03,Awareness Session,32.0
A000292,P0039,2025-09-08,Awareness Session,25.0
A000293,P0009,2026-01-31,Assessment,6.0
A000294,P0044,2026-05-27,Awareness Session,58.0
A000295,P0029,2025-08-22,Awareness Session,20.0
A000296,P0051,2026-05-23,Workshop,42.0
A000297,P0005,2026-02-28,Training,48.0
A000298,P0039,2025-08-06,Training,10.0
A000299,P0044,2026-05-25,Training,21.0
A000300,P0015,2025-04-15,Training,56.0
A000301,P0062,2025-10-26,Awareness Session,10.0
A000302,P0040,2025-05-26,Counselling,8.0
A000303,P0027,2026-06-15,Community Activity,72.0
A000304,P0018,2025-06-17,Counselling,57.0
A000305,P0013,2025-06-27,Awareness Session,55.0
A000306,P0041,2025-04-11,Awareness Session,73.0
A000307,P0052,2025-07-02,Community Activity,40.0
A000308,P0058,2026-02-18,Training,7.0
A000309,P0034,2026-03-18,Awareness Session,60.0
A000310,P0002,2025-05-02,Assessment,16.0
A000311,P0046,2026-02-17,Workshop,27.0
A000312,P0008,2026-04-25,Workshop,63.0
A000313,P0062,2026-05-08,Community Activity,65.0
A000314,P0019,2025-08-23,Assessment,20.0
A000315,P0016,2025-08-02,Workshop,54.0
A000316,P0033,2025-05-18,Counselling,40.0
A000317,P0045,2025-10-09,Training,76.0
A000318,P0051,2026-04-24,Counselling,70.0
A000319,P0065,2025-10-19,Counselling,67.0
A000320,P0019,2025-08-03,Assessment,62.0
A000321,P0023,2026-03-13,Assessment,56.0
A000322,P0008,2026-01-17,Training,38.0
A000323,P0006,2026-06-15,Community Activity,47.0
A000324,P0041,2025-07-05,Assessment,11.0
A000325,P0055,2025-05-13,Workshop,27.0
A000326,P0001,2025-07-07,Workshop,64.0
A000327,P0001,2025-11-27,Workshop,74.0
A000328,P0060,2026-03-01,Community Activity,69.0
A000329,P0013,2026-02-23,Workshop,22.0
A000330,P0025,2025-08-08,Assessment,68.0
A000331,P0016,2025-07-12,Community Activity,32.0
A000332,P0048,2026-06-03,Counselling,11.0
A000333,P0015,2026-02-20,Community Activity,5.0
A000334,P0035,2025-10-30,Workshop,38.0
A000335,P0039,2026-05-23,Training,56.0
A000336,P0049,2026-04-15,Awareness Session,72.0
A000337,P0019,2026-03-26,Counselling,36.0
A000338,P0004,2025-04-22,Workshop,47.0
A000339,P0050,2025-04-08,Assessment,24.0
A000340,P0056,2025-04-20,Counselling,13.0
A000341,P0006,2026-06-16,Workshop,74.0
A000342,P0002,2025-05-08,Assessment,62.0
A000343,P0047,2026-04-28,Training,45.0
A000344,P0021,2025-08-25,Training,25.0
A000345,P0006,2026-05-21,Awareness Session,69.0
A000346,P0045,2025-06-14,Awareness Session,48.0
A000347,P0061,2026-04-12,Awareness Session,40.0
A000348,P0012,2025-10-07,Community Activity,22.0
A000349,P0024,2025-07-27,Workshop,48.0
A000350,P0009,2026-03-14,Training,13.0
A000351,P0056,2025-07-22,Workshop,13.0
A000352,P0046,2025-09-11,Workshop,80.0
A000353,P0030,2025-04-21,Training,73.0
A000354,P0050,2026-06-24,Training,62.0
A000355,P0061,2025-06-10,Awareness Session,39.0
A000356,P0007,2026-04-07,Community Activity,40.0
A000357,P0015,2026-03-11,Counselling,66.0
A000358,P0065,2026-01-23,Assessment,53.0
A000359,P0015,2025-11-14,Awareness Session,54.0
A000360,P0018,2025-05-27,Training,57.0
A000361,P0021,2025-06-24,Awareness Session,25.0
A000362,P0047,2026-03-24,Community Activity,27.0
A000363,P0065,2025-11-19,Assessment,15.0
A000364,P0016,2025-06-16,Community Activity,44.0
A000365,P0034,2025-06-29,Awareness Session,11.0
A000366,P0009,2025-06-26,Workshop,56.0
A000367,P0004,2025-08-19,Counselling,52.0
A000368,P0066,2025-09-11,Training,55.0
A000369,P0060,2025-11-07,Community Activity,25.0
A000370,P0022,2026-04-28,Community Activity,11.0
A000371,P0006,2025-06-23,Training,78.0
A000372,P0029,2026-05-30,Awareness Session,25.0
A000373,P0012,2025-06-11,Awareness Session,67.0
A000374,P0018,2025-12-11,Training,27.0
A000375,P0066,2025-04-26,Training,53.0
A000376,P0023,2025-05-08,Training,19.0
A000377,P0042,2025-06-30,Counselling,43.0
A000378,P0033,2025-09-29,Counselling,61.0
A000379,P0064,2025-06-26,Assessment,49.0
A000380,P0005,2026-05-03,Assessment,60.0
A000381,P0031,2026-05-06,Awareness Session,33.0
A000382,P0061,2025-11-30,Workshop,20.0
A000383,P0014,2025-06-01,Assessment,11.0
A000384,P0052,2025-10-17,Counselling,64.0
A000385,P0005,2025-10-07,Community Activity,25.0
A000386,P0022,2025-10-08,Community Activity,34.0
A000387,P0022,2025-08-16,Counselling,6.0
A000388,P0028,2025-08-21,Awareness Session,18.0
A000389,P0061,2025-10-03,Community Activity,40.0
A000390,P0009,2025-11-09,Counselling,72.0
A000391,P0067,2026-05-12,Training,41.0
A000392,P0039,2026-01-15,Workshop,56.0
A000393,P0065,2025-08-29,Workshop,70.0
A000394,P0010,2025-10-30,Workshop,10.0
A000395,P0031,2025-10-19,Awareness Session,43.0
A000396,P0048,2026-01-03,Awareness Session,22.0
A000397,P0049,2025-09-17,Training,35.0
A000398,P0037,2025-09-04,Training,66.0
A000399,P0004,2026-06-07,Counselling,9.0
A000400,P0036,2025-08-23,Counselling,56.0
A000401,P0034,2026-05-17,Community Activity,66.0
A000402,P0008,2026-05-29,Counselling,69.0
A000403,P0036,2026-04-13,Awareness Session,10.0
A000404,P0030,2025-04-23,Counselling,57.0
A000405,P0037,2026-06-02,Community Activity,43.0
A000406,P0025,2025-12-13,Assessment,17.0
A000407,P0033,2026-01-23,Awareness Session,72.0
A000408,P0028,2025-06-05,Community Activity,40.0
A000409,P0006,2025-12-29,Workshop,14.0
A000410,P0059,2025-07-07,Counselling,14.0
A000411,P0024,2025-12-25,Workshop,50.0
A000412,P0016,2026-04-26,Awareness Session,31.0
A000413,P0052,2025-04-26,Assessment,56.0
A000414,P0061,2026-06-16,Workshop,19.0
A000415,P0051,2026-03-14,Awareness Session,39.0
A000416,P0005,2025-06-10,Workshop,72.0
A000417,P0041,2025-08-05,Awareness Session,16.0
A000418,P0059,2026-04-14,Assessment,45.0
A000419,P0060,2025-10-18,Training,27.0
A000420,P0005,2025-11-03,Training,46.0
A000421,P0065,2026-02-12,Counselling,60.0
A000422,P0040,2025-05-11,Counselling,32.0
A000423,P0042,2026-03-25,Workshop,72.0
A000424,P0041,2026-06-02,Community Activity,74.0
A000425,P0063,2025-04-08,Community Activity,21.0
A000426,P0028,2026-02-13,Counselling,58.0
A000427,P0043,2025-12-19,Awareness Session,75.0
A000428,P0025,2026-02-20,Counselling,71.0
A000429,P0056,2025-04-10,Community Activity,23.0
A000430,P0007,2025-09-02,Counselling,51.0
A000431,P0049,2026-03-06,Counselling,34.0
A000432,P0061,2025-12-15,Community Activity,42.0
A000433,P0019,2025-12-01,Training,55.0
A000434,P0043,2026-05-19,Awareness Session,36.0
A000435,P0054,2025-11-10,Community Activity,73.0
A000436,P0025,2026-03-17,Awareness Session,54.0
A000437,P0024,2026-01-02,Assessment,25.0
A000438,P0045,2026-03-06,Training,22.0
A000439,P0064,2026-01-16,Awareness Session,55.0
A000440,P0062,2026-02-02,Training,69.0
A000441,P0009,2026-05-07,Awareness Session,17.0
A000442,P0014,2025-11-01,Training,80.0
A000443,P0021,2025-10-05,Awareness Session,40.0
A000444,P0036,2025-04-28,Training,66.0
A000445,P0016,2025-06-17,Workshop,62.0
A000446,P0030,2026-04-03,Assessment,62.0
A000447,P0024,2025-10-17,Workshop,5.0
A000448,P0009,2026-02-08,Workshop,15.0
A000449,P0002,2026-04-04,Training,53.0
A000450,P0053,2026-06-23,Training,31.0
A000451,P0043,2025-08-11,Training,60.0
A000452,P0066,2026-06-18,Training,33.0
A000453,P0005,2025-09-30,Assessment,80.0
A000454,P0061,2026-02-19,Community Activity,43.0
A000455,P0060,2025-11-01,Community Activity,65.0
A000456,P0059,2025-10-05,Assessment,48.0
A000457,P0060,2025-08-24,Community Activity,78.0
A000458,P0039,2026-01-16,Training,36.0
A000459,P0025,2025-12-01,Assessment,16.0
A000460,P0007,2025-07-02,Counselling,70.0
A000461,P0004,2025-06-19,Community Activity,52.0
A000462,P0014,2026-01-01,Awareness Session,70.0
A000463,P0030,2025-11-01,Awareness Session,23.0
A000464,P0007,2025-10-14,Community Activity,58.0
A000465,P0059,2026-02-14,Workshop,40.0
A000466,P0047,2026-04-05,Awareness Session,74.0
A000467,P0002,2025-09-04,Training,19.0
A000468,P0011,2026-06-22,Awareness Session,10.0
A000469,P0009,2025-12-13,Awareness Session,47.0
A000470,P0006,2025-10-10,Community Activity,6.0
A000471,P0022,2026-01-24,Assessment,61.0
A000472,P0014,2026-03-19,Counselling,44.0
A000473,P0016,2026-05-30,Community Activity,17.0
A000474,P0006,2026-04-05,Assessment,64.0
A000475,P0003,2025-07-05,Training,60.0
A000476,P0052,2025-07-13,Assessment,46.0
A000477,P0053,2025-12-30,Training,58.0
A000478,P0035,2025-12-20,Counselling,18.0
A000479,P0034,2025-04-25,Community Activity,50.0
A000480,P0015,2026-05-29,Workshop,7.0
A000481,P0061,2026-02-27,Workshop,61.0
A000482,P0013,2025-07-21,Counselling,31.0
A000483,P0064,2026-06-06,Awareness Session,73.0
A000484,P0047,2025-08-28,Counselling,57.0
A000485,P0012,2026-02-14,Training,31.0
A000486,P0033,2025-10-08,Assessment,41.0
A000487,P0059,2025-12-10,Community Activity,10.0
A000488,P0044,2025-04-30,Counselling,70.0
A000489,P0046,2025-10-13,Assessment,44.0
A000490,P0059,2026-01-17,Training,78.0
A000491,P0006,2025-05-29,Awareness Session,78.0
A000492,P0040,2026-05-08,Training,55.0
A000493,P0057,2026-01-07,Community Activity,40.0
A000494,P0005,2025-05-27,Assessment,34.0
A000495,P0020,2025-06-17,Assessment,6.0
A000496,P0043,2026-06-11,Counselling,32.0
A000497,P0062,2025-08-21,Assessment,72.0
A000498,P0014,2026-04-27,Awareness Session,64.0
A000499,P0067,2025-05-05,Training,55.0
A000500,P0033,2025-10-21,Assessment,25.0
A000501,P0032,2025-08-10,Counselling,45.0
A000502,P0050,2025-06-15,Community Activity,64.0
A000503,P0008,2026-01-13,Awareness Session,58.0
A000504,P0020,2026-04-19,Workshop,48.0
A000505,P0024,2026-01-22,Training,47.0
A000506,P0040,2025-07-06,Awareness Session,77.0
A000507,P0018,2025-04-10,Training,53.0
A000508,P0017,2026-03-11,Workshop,7.0
A000509,P0033,2025-05-13,Training,48.0
A000510,P0017,2026-01-24,Workshop,43.0
A000511,P0023,2025-11-18,Workshop,68.0
A000512,P0005,2026-02-14,Assessment,75.0
A000513,P0007,2026-05-06,Awareness Session,48.0
A000514,P0065,2026-04-30,Workshop,46.0
A000515,P0008,2026-02-08,Assessment,32.0
A000516,P0046,2026-05-31,Awareness Session,60.0
A000517,P0043,2026-06-03,Community Activity,54.0
A000518,P0013,2025-05-19,Workshop,31.0
A000519,P0050,2026-05-20,Assessment,7.0
A000520,P0051,2025-06-18,Counselling,78.0
A000521,P0045,2025-08-06,Counselling,65.0
A000522,P0028,2025-12-26,Community Activity,21.0
A000523,P0036,2025-04-11,Community Activity,61.0
A000524,P0014,2026-02-25,Training,49.0
A000525,P0029,2025-12-28,Counselling,40.0
A000526,P0004,2026-01-23,Assessment,34.0
A000527,P0020,2026-04-21,Counselling,28.0
A000528,P0039,2026-03-13,Awareness Session,6.0
A000529,P0033,2025-09-26,Assessment,52.0
A000530,P0017,2025-05-10,Community Activity,11.0
A000531,P0046,2025-07-05,Community Activity,80.0
A000532,P0027,2025-12-30,Training,67.0
A000533,P0035,2025-11-23,Assessment,58.0
A000534,P0006,2025-10-03,Community Activity,72.0
A000535,P0038,2025-12-02,Community Activity,57.0
A000536,P0057,2025-06-17,Assessment,70.0
A000537,P0065,2025-12-22,Assessment,42.0
A000538,P0032,2025-08-07,Counselling,34.0
A000539,P0008,2026-02-11,Community Activity,8.0
A000540,P0061,2025-08-21,Assessment,24.0
A000541,P0022,2026-01-04,Training,62.0
A000542,P0013,2025-05-24,Training,41.0
A000543,P0058,2026-03-12,Counselling,78.0
A000544,P0055,2026-02-18,Training,17.0
A000545,P0059,2025-09-01,Counselling,8.0
A000546,P0039,2025-08-05,Workshop,26.0
A000547,P0021,2025-11-06,Community Activity,79.0
A000548,P0043,2025-07-20,Awareness Session,41.0
A000549,P0067,2025-09-18,Assessment,18.0
A000550,P0050,2025-05-31,Training,14.0
A000551,P0057,2025-06-16,Training,28.0
A000552,P0005,2025-04-16,Workshop,35.0
A000553,P0053,2025-12-22,Assessment,33.0
A000554,P0001,2026-02-05,Counselling,61.0
A000555,P0006,2025-05-13,Workshop,63.0
A000556,P0067,2026-01-27,Assessment,6.0
A000557,P0017,2026-06-15,Assessment,29.0
A000558,P0040,2026-02-15,Counselling,26.0
A000559,P0001,2025-08-06,Community Activity,5.0
A000560,P0013,2025-10-31,Workshop,12.0
A000561,P0045,2025-05-30,Workshop,45.0
A000562,P0057,2025-07-11,Awareness Session,70.0
A000563,P0015,2026-04-16,Counselling,13.0
A000564,P0029,2025-09-03,Awareness Session,57.0
A000565,P0048,2025-12-18,Assessment,32.0
A000566,P0061,2026-04-01,Awareness Session,11.0
A000567,P0023,2025-07-01,Counselling,67.0
A000568,P0050,2025-04-24,Assessment,36.0
A000569,P0052,2025-05-15,Workshop,5.0
A000570,P0057,2025-11-19,Awareness Session,27.0
A000571,P0040,2025-11-07,Workshop,15.0
A000572,P0022,2025-06-09,Workshop,59.0
A000573,P0032,2025-12-13,Community Activity,28.0
A000574,P0037,2025-09-04,Counselling,61.0
A000575,P0066,2025-04-05,Awareness Session,73.0
A000576,P0061,2025-07-23,Training,66.0
A000577,P0041,2025-12-05,Community Activity,78.0
A000578,P0027,2025-12-24,Workshop,74.0
A000579,P0043,2025-05-24,Counselling,62.0
A000580,P0018,2025-12-06,Community Activity,16.0
A000581,P0029,2026-04-27,Training,75.0
A000582,P0029,2026-03-29,Assessment,9.0
A000583,P0015,2025-06-10,Training,70.0
A000584,P0067,2025-06-09,Counselling,79.0
A000585,P0003,2026-04-27,Assessment,9.0
A000586,P0037,2026-06-22,Workshop,48.0
A000587,P0019,2025-11-13,Assessment,9.0
A000588,P0039,2025-09-01,Awareness Session,76.0
A000589,P0043,2025-12-13,Workshop,71.0
A000590,P0020,2025-09-02,Workshop,23.0
A000591,P0040,2025-11-06,Assessment,6.0
A000592,P0019,2025-09-06,Community Activity,6.0
A000593,P0024,2026-04-10,Training,38.0
A000594,P0060,2026-03-28,Awareness Session,
A000595,P0007,2025-09-28,Awareness Session,66.0
A000596,P0001,2026-04-05,Counselling,14.0
A000597,P0060,2025-07-25,Workshop,6.0
A000598,P0066,2025-05-18,Counselling,54.0
A000599,P0048,2025-08-16,Counselling,80.0
A000600,P0049,2025-09-03,Community Activity,10.0
A000601,P0007,2025-12-24,Counselling,36.0
A000602,P0048,2025-12-27,Awareness Session,8.0
A000603,P0031,2025-06-05,Counselling,78.0
A000604,P0051,2026-03-04,Assessment,27.0
A000605,P0060,2025-07-26,Community Activity,9.0
A000606,P0060,2026-04-16,Awareness Session,14.0
A000607,P0067,2025-10-07,Assessment,18.0
A000608,P0057,2026-01-25,Awareness Session,73.0
A000609,P0024,2025-09-18,Workshop,73.0
A000610,P0023,2025-04-23,Community Activity,45.0
A000611,P0032,2026-04-29,Counselling,62.0
A000612,P0049,2025-04-06,Counselling,58.0
A000613,P0046,2026-04-14,Workshop,50.0
A000614,P0040,2026-05-06,Workshop,78.0
A000615,P0053,2026-06-07,Training,57.0
A000616,P0062,2025-10-03,Community Activity,38.0
A000617,P0003,2026-01-30,Counselling,39.0
A000618,P0002,2025-10-12,Community Activity,32.0
A000619,P0054,2026-02-15,Community Activity,24.0
A000620,P0051,2025-12-22,Training,73.0
A000621,P0046,2025-10-13,Community Activity,60.0
A000622,P0019,2026-03-23,Awareness Session,60.0
A000623,P0022,2025-05-31,Assessment,73.0
A000624,P0019,2025-08-19,Awareness Session,39.0
A000625,P0021,2025-07-01,Community Activity,12.0
A000626,P0027,2025-07-04,Workshop,37.0
A000627,P0021,2025-10-26,Training,34.0
A000628,P0055,2026-05-24,Assessment,37.0
A000629,P0029,2025-08-23,Counselling,66.0
A000630,P0033,2026-04-23,Training,64.0
A000631,P0010,2025-08-18,Workshop,27.0
A000632,P0021,2026-06-24,Community Activity,60.0
A000633,P0017,2026-02-20,Workshop,47.0
A000634,P0058,2025-09-20,Training,15.0
A000635,P0063,2025-08-05,Training,24.0
A000636,P0062,2025-07-23,Workshop,75.0
A000637,P0006,2025-09-15,Assessment,74.0
A000638,P0010,2025-10-20,Awareness Session,65.0
A000639,P0046,2026-04-11,Workshop,37.0
A000640,P0011,2025-08-16,Awareness Session,12.0
A000641,P0043,2025-11-14,Awareness Session,65.0
A000642,P0058,2025-06-22,Community Activity,26.0
A000643,P0038,2025-04-02,Assessment,60.0
A000644,P0023,2026-02-06,Training,52.0
A000645,P0046,2026-02-16,Training,25.0
A000646,P0032,2025-12-09,Training,25.0
A000647,P0067,2025-04-13,Workshop,65.0
A000648,P0009,2026-05-20,Community Activity,58.0
A000649,P0004,2025-05-10,Community Activity,63.0
A000650,P0050,2025-06-04,Counselling,10.0
A000651,P0015,2025-10-23,Counselling,29.0
A000652,P0059,2025-08-22,Counselling,36.0
A000653,P0020,2026-02-27,Assessment,65.0
A000654,P0054,2026-04-08,Community Activity,39.0
A000655,P0013,2025-09-22,Assessment,66.0
A000656,P0009,2025-11-03,Counselling,77.0
A000657,P0012,2025-08-01,Training,29.0
A000658,P0024,2025-07-11,Training,53.0
A000659,P0028,2025-04-07,Counselling,12.0
A000660,P0007,2025-11-08,Training,47.0
A000661,P0048,2025-04-17,Counselling,43.0
A000662,P0015,2026-04-16,Community Activity,38.0
A000663,P0017,2025-07-11,Workshop,33.0
A000664,P0051,2026-05-06,Awareness Session,47.0
A000665,P0040,2026-04-09,Awareness Session,64.0
A000666,P0067,2026-02-11,Awareness Session,50.0
A000667,P0034,2025-11-20,Counselling,50.0
A000668,P0006,2026-02-23,Workshop,70.0
A000669,P0008,2026-04-22,Community Activity,59.0
A000670,P0027,2025-09-20,Assessment,67.0
A000671,P0006,2025-10-04,Awareness Session,35.0
A000672,P0046,2026-06-16,Training,48.0
A000673,P0045,2025-11-24,Community Activity,31.0
A000674,P0040,2025-05-02,Counselling,25.0
A000675,P0004,2026-02-17,Community Activity,64.0
A000676,P0040,2025-12-13,Counselling,72.0
A000677,P0024,2025-07-13,Community Activity,48.0
A000678,P0064,2025-04-08,Assessment,45.0
A000679,P0050,2026-01-11,Training,50.0
A000680,P0053,2025-11-13,Workshop,53.0
A000681,P0019,2025-11-05,Community Activity,13.0
A000682,P0059,2026-06-13,Awareness Session,42.0
A000683,P0019,2025-05-26,Workshop,80.0
A000684,P0038,2025-12-18,Training,6.0
A000685,P0021,2025-09-07,Training,23.0
A000686,P0037,2026-02-17,Counselling,18.0
A000687,P0057,2025-06-07,Workshop,68.0
A000688,P0047,2025-04-28,Assessment,58.0
A000689,P0031,2026-03-31,Training,27.0
A000690,P0038,2026-03-30,Counselling,9.0
A000691,P0003,2025-11-01,Awareness Session,32.0
A000692,P0009,2025-04-13,Assessment,55.0
A000693,P0047,2025-06-26,Community Activity,14.0
A000694,P0061,2026-02-17,Assessment,15.0
A000695,P0009,2026-04-18,Community Activity,80.0
A000696,P0047,2026-01-19,Counselling,75.0
A000697,P0031,2026-01-05,Assessment,28.0
A000698,P0040,2025-12-24,Assessment,73.0
A000699,P0049,2025-12-21,Counselling,49.0
A000700,P0052,2025-12-13,Counselling,12.0
A000701,P0042,2026-05-09,Training,38.0
A000702,P0006,2026-06-14,Counselling,38.0
A000703,P0015,2025-06-20,Awareness Session,54.0
A000704,P0028,2026-01-13,Community Activity,50.0
A000705,P0050,2025-06-08,Community Activity,6.0
A000706,P0064,2026-03-06,Workshop,46.0
A000707,P0010,2025-07-29,Counselling,70.0
A000708,P0039,2025-11-17,Training,65.0
A000709,P0020,2026-06-11,Awareness Session,6.0
A000710,P0004,2026-05-17,Workshop,35.0
A000711,P0046,2025-12-19,Counselling,51.0
A000712,P0027,2026-04-27,Training,65.0
A000713,P0049,2026-05-12,Workshop,12.0
A000714,P0006,2025-12-19,Workshop,56.0
A000715,P0053,2026-03-29,Community Activity,76.0
A000716,P0036,2025-08-30,Training,25.0
A000717,P0022,2026-06-06,Workshop,47.0
A000718,P0061,2025-11-01,Community Activity,19.0
A000719,P0032,2026-03-04,Community Activity,62.0
A000720,P0052,2025-06-27,Community Activity,73.0
A000721,P0052,2026-02-27,Assessment,17.0
A000722,P0053,2025-10-07,Awareness Session,20.0
A000723,P0030,2025-12-20,Assessment,42.0
A000724,P0029,2025-09-20,Community Activity,7.0
A000725,P0060,2025-11-01,Workshop,69.0
A000726,P0031,2026-01-22,Community Activity,63.0
A000727,P0031,2025-11-18,Community Activity,51.0
A000728,P0030,2025-07-20,Counselling,74.0
A000729,P0023,2025-04-19,Training,43.0
A000730,P0028,2025-04-19,Training,55.0
A000731,P0040,2026-04-29,Awareness Session,54.0
A000732,P0032,2026-01-16,Training,5.0
A000733,P0023,2025-04-10,Training,28.0
A000734,P0014,2026-02-22,Awareness Session,17.0
A000735,P0008,2025-09-19,Assessment,34.0
A000736,P0057,2025-08-18,Community Activity,56.0
A000737,P0048,2025-10-03,Assessment,5.0
A000738,P0002,2025-08-30,Workshop,33.0
A000739,P0034,2025-12-19,Training,76.0
A000740,P0054,2025-11-24,Community Activity,38.0
A000741,P0052,2026-06-24,Workshop,66.0
A000742,P0012,2026-01-01,Community Activity,70.0
A000743,P0055,2025-12-27,Workshop,22.0
A000744,P0046,2025-04-19,Workshop,66.0
A000745,P0033,2025-12-23,Awareness Session,65.0
A000746,P0028,2025-04-02,Counselling,23.0
A000747,P0011,2026-05-30,Community Activity,56.0
A000748,P0055,2025-10-15,Assessment,50.0
A000749,P0037,2026-01-29,Community Activity,70.0
A000750,P0023,2026-01-22,Awareness Session,12.0
A000751,P0039,2026-04-11,Counselling,14.0
A000752,P0057,2025-08-27,Community Activity,28.0
A000753,P0017,2026-02-15,Workshop,31.0
A000754,P0015,2026-03-28,Community Activity,24.0
A000755,P0038,2025-08-21,Awareness Session,23.0
A000756,P0028,2026-06-11,Counselling,63.0
A000757,P0067,2026-01-31,Assessment,23.0
A000758,P0065,2025-12-31,Community Activity,7.0
A000759,P0003,2025-11-16,Counselling,62.0
A000760,P0022,2025-11-20,Awareness Session,69.0
A000761,P0022,2025-12-29,Assessment,41.0
A000762,P0005,2026-06-18,Assessment,43.0
A000763,P0049,2025-07-05,Training,41.0
A000764,P0005,2026-05-07,Counselling,28.0
A000765,P0067,2026-04-04,Community Activity,27.0
A000766,P0003,2025-10-05,Counselling,78.0
A000767,P0009,2026-05-15,Community Activity,30.0
A000768,P0009,2025-11-15,Counselling,5.0
A000769,P0026,2026-02-24,Workshop,11.0
A000770,P0011,2025-09-09,Assessment,17.0
A000771,P0058,2026-03-04,Counselling,57.0
A000772,P0041,2025-05-31,Community Activity,65.0
A000773,P0032,2025-05-28,Awareness Session,40.0
A000774,P0019,2025-06-02,Awareness Session,25.0
A000775,P0055,2025-12-01,Training,24.0
A000776,P0014,2025-05-28,Assessment,24.0
A000777,P0017,2025-09-30,Workshop,78.0
A000778,P0012,2025-08-26,Community Activity,68.0
A000779,P0057,2025-05-30,Community Activity,5.0
A000780,P0009,2026-02-11,Training,48.0
A000781,P0013,2025-09-17,Counselling,67.0
A000782,P0067,2025-05-19,Assessment,37.0
A000783,P0033,2025-12-29,Workshop,23.0
A000784,P0039,2025-06-21,Community Activity,45.0
A000785,P0035,2026-01-01,Assessment,57.0
A000786,P0015,2025-06-06,Counselling,28.0
A000787,P0037,2026-04-11,Community Activity,79.0
A000788,P0016,2025-11-11,Training,59.0
A000789,P0048,2026-01-03,Counselling,80.0
A000790,P0005,2026-05-29,Awareness Session,57.0
A000791,P0016,2026-02-03,Training,42.0
A000792,P0049,2025-05-30,Awareness Session,41.0
A000793,P0004,2026-01-16,Counselling,7.0
A000794,P0009,2025-11-13,Training,51.0
A000795,P0013,2026-01-13,Counselling,10.0
A000796,P0047,2025-11-03,Assessment,49.0
A000797,P0050,2026-03-04,Assessment,43.0
A000798,P0002,2025-05-19,Workshop,76.0
A000799,P0052,2025-06-16,Counselling,9.0
A000800,P0024,2025-07-25,Awareness Session,13.0
A000801,P0011,2026-02-07,Workshop,36.0
A000802,P0047,2025-05-31,Training,27.0
A000803,P0064,2026-06-05,Awareness Session,43.0
A000804,P0060,2026-03-29,Assessment,70.0
A000805,P0042,2025-12-22,Community Activity,11.0
A000806,P0035,2025-05-01,Community Activity,56.0
A000807,P0062,2026-03-27,Awareness Session,74.0
A000808,P0015,2025-12-31,Awareness Session,30.0
A000809,P0035,2026-02-22,Workshop,8.0
A000810,P0056,2026-06-06,Counselling,56.0
A000811,P0059,2026-02-22,Assessment,42.0
A000812,P0038,2026-02-10,Training,51.0
A000813,P0004,2025-10-26,Community Activity,67.0
A000814,P0052,2026-04-25,Training,5.0
A000815,P0036,2026-04-11,Assessment,63.0
A000816,P0041,2025-10-24,Training,30.0
A000817,P0009,2026-03-21,Awareness Session,68.0
A000818,P0053,2025-05-27,Training,32.0
A000819,P0010,2025-10-10,Awareness Session,71.0
A000820,P0038,2026-01-18,Community Activity,48.0
A000821,P0030,2026-06-08,Community Activity,49.0
A000822,P0047,2025-04-25,Assessment,17.0
A000823,P0049,2025-12-18,Assessment,6.0
A000824,P0048,2025-05-25,Community Activity,13.0
A000825,P0066,2026-04-01,Workshop,73.0
A000826,P0046,2025-10-06,Training,70.0
A000827,P0061,2025-11-23,Community Activity,28.0
A000828,P0032,2026-03-24,Workshop,73.0
A000829,P0031,2025-11-11,Awareness Session,36.0
A000830,P0004,2025-04-24,Training,21.0
A000831,P0006,2025-04-30,Community Activity,78.0
A000832,P0049,2025-05-21,Workshop,57.0
A000833,P0034,2025-11-25,Community Activity,80.0
A000834,P0004,2025-09-18,Assessment,79.0
A000835,P0033,2026-05-15,Awareness Session,14.0
A000836,P0020,2025-11-29,Awareness Session,77.0
A000837,P0053,2025-11-22,Training,31.0
A000838,P0052,2025-08-07,Training,14.0
A000839,P0015,2025-09-22,Assessment,36.0
A000840,P0032,2025-04-19,Counselling,9.0
A000841,P0057,2026-05-25,Training,14.0
A000842,P0001,2025-10-09,Community Activity,14.0
A000843,P0016,2025-06-01,Counselling,50.0
A000844,P0056,2025-11-06,Training,63.0
A000845,P0036,2025-04-05,Awareness Session,56.0
A000846,P0053,2026-01-29,Counselling,12.0
A000847,P0038,2026-05-16,Workshop,19.0
A000848,P0044,2025-06-21,Community Activity,75.0
A000849,P0056,2026-02-26,Training,79.0
A000850,P0010,2026-02-20,Community Activity,36.0
A000851,P0027,2026-06-17,Awareness Session,47.0
A000852,P0021,2025-08-07,Workshop,62.0
A000853,P0008,2025-09-18,Training,75.0
A000854,P0062,2025-12-13,Training,43.0
A000855,P0017,2025-11-26,Counselling,66.0
A000856,P0059,2025-09-11,Counselling,51.0
A000857,P0042,2025-09-03,Counselling,39.0
A000858,P0016,2025-04-09,Awareness Session,54.0
A000859,P0026,2025-05-22,Assessment,17.0
A000860,P0014,2026-01-03,Counselling,45.0
A000861,P0033,2025-09-18,Workshop,45.0
A000862,P0022,2026-03-30,Counselling,13.0
A000863,P0004,2026-04-24,Awareness Session,43.0
A000864,P0031,2026-02-28,Workshop,63.0
A000865,P0061,2026-04-18,Awareness Session,27.0
A000866,P0009,2025-12-24,Counselling,29.0
A000867,P0039,2026-05-28,Assessment,31.0
A000868,P0032,2025-10-29,Workshop,74.0
A000869,P0027,2026-02-03,Training,12.0
A000870,P0005,2025-05-24,Workshop,43.0
A000871,P0028,2025-05-16,Awareness Session,37.0
A000872,P0044,2025-12-30,Counselling,60.0
A000873,P0054,2025-12-19,Assessment,27.0
A000874,P0046,2025-10-14,Workshop,39.0
A000875,P0049,2026-03-24,Workshop,72.0
A000876,P0036,2025-09-17,Workshop,17.0
A000877,P0038,2025-05-22,Training,21.0
A000878,P0020,2025-06-05,Counselling,44.0
A000879,P0025,2025-12-13,Assessment,80.0
A000880,P0031,2025-04-17,Workshop,18.0
A000881,P0041,2026-03-27,Awareness Session,42.0
A000882,P0049,2026-02-23,Community Activity,69.0
A000883,P0059,2025-07-30,Awareness Session,39.0
A000884,P0056,2025-10-21,Awareness Session,57.0
A000885,P0020,2025-05-17,Training,14.0
A000886,P0036,2025-06-11,Assessment,78.0
A000887,P0025,2025-08-31,Awareness Session,5.0
A000888,P0031,2026-06-16,Training,76.0
A000889,P0009,2026-02-26,Assessment,47.0
A000890,P0017,2025-06-15,Community Activity,22.0
A000891,P0012,2025-05-03,Workshop,73.0
A000892,P0031,2025-09-21,Assessment,44.0
A000893,P0019,2026-03-04,Assessment,66.0
A000894,P0065,2025-09-11,Assessment,19.0
A000895,P0047,2025-05-10,Assessment,73.0
A000896,P0028,2025-07-13,Assessment,64.0
A000897,P0044,2026-04-23,Assessment,38.0
A000898,P0013,2025-12-12,Workshop,39.0
A000899,P0003,2025-05-10,Awareness Session,65.0
A000900,P0057,2025-06-30,Training,63.0
A000901,P0003,2026-03-15,Assessment,6.0
A000902,P0057,2025-04-02,Workshop,27.0
A000903,P0023,2025-11-27,Workshop,25.0
A000904,P0050,2025-12-24,Workshop,9.0
A000905,P0016,2026-06-10,Community Activity,22.0
A000906,P0040,2025-09-20,Training,38.0
A000907,P0013,2025-08-04,Community Activity,31.0
A000908,P0032,2025-07-14,Training,55.0
A000909,P0065,2025-08-25,Awareness Session,32.0
A000910,P0017,2025-07-20,Counselling,21.0
A000911,P0058,2025-12-31,Community Activity,5.0
A000912,P0012,2025-11-04,Awareness Session,31.0
A000913,P0040,2026-03-07,Assessment,63.0
A000914,P0027,2025-05-16,Assessment,78.0
A000915,P0051,2026-03-08,Training,43.0
A000916,P0046,2026-01-18,Awareness Session,58.0
A000917,P0006,2025-07-12,Community Activity,78.0
A000918,P0059,2026-05-01,Workshop,58.0
A000919,P0046,2025-11-30,Workshop,76.0
A000920,P0023,2026-01-17,Awareness Session,77.0
A000921,P0027,2026-02-15,Assessment,40.0
A000922,P0003,2026-06-16,Workshop,22.0
A000923,P0009,2025-04-07,Assessment,9.0
A000924,P0034,2025-10-08,Awareness Session,50.0
A000925,P0040,2025-11-13,Workshop,36.0
A000926,P0015,2025-07-15,Assessment,80.0
A000927,P0062,2026-05-01,Counselling,73.0
A000928,P0033,2026-05-21,Workshop,32.0
A000929,P0030,2025-10-06,Community Activity,21.0
A000930,P0016,2026-05-14,Training,58.0
A000931,P0027,2025-10-17,Community Activity,18.0
A000932,P0012,2025-12-11,Counselling,44.0
A000933,P0041,2026-03-01,Community Activity,18.0
A000934,P0024,2026-01-22,Awareness Session,6.0
A000935,P0028,2025-07-11,Assessment,11.0
A000936,P0042,2026-04-26,Workshop,26.0
A000937,P0014,2026-04-02,Training,22.0
A000938,P0064,2025-11-17,Workshop,12.0
A000939,P0058,2025-11-18,Counselling,
A000940,P0065,2025-05-16,Assessment,42.0
A000941,P0065,2025-09-23,Community Activity,78.0
A000942,P0017,2025-06-28,Assessment,59.0
A000943,P0037,2026-06-20,Training,54.0
A000944,P0055,2025-07-21,Assessment,53.0
A000945,P0016,2025-09-08,Training,40.0
A000946,P0047,2025-06-08,Counselling,34.0
A000947,P0053,2025-07-03,Training,20.0
A000948,P0060,2026-02-16,Community Activity,74.0
A000949,P0050,2025-10-02,Awareness Session,75.0
A000950,P0014,2025-11-22,Awareness Session,28.0
A000951,P0014,2025-11-30,Assessment,71.0
A000952,P0054,2025-11-20,Training,57.0
A000953,P0065,2026-05-23,Training,60.0
A000954,P0055,2026-02-28,Workshop,52.0
A000955,P0038,2026-01-20,Training,25.0
A000956,P0017,2025-12-06,Workshop,13.0
A000957,P0053,2026-03-07,Community Activity,60.0
A000958,P0040,2025-10-07,Community Activity,45.0
A000959,P0043,2026-06-14,Counselling,47.0
A000960,P0047,2026-04-10,Community Activity,16.0
A000961,P0053,2026-01-06,Workshop,28.0
A000962,P0009,2026-05-26,Assessment,48.0
A000963,P0063,2025-10-01,Awareness Session,24.0
A000964,P0027,2025-05-09,Assessment,39.0
A000965,P0025,2025-10-23,Workshop,39.0
A000966,P0059,2026-02-19,Workshop,53.0
A000967,P0011,2025-11-03,Workshop,9.0
A000968,P0013,2025-05-15,Community Activity,52.0
A000969,P0032,2026-02-16,Community Activity,51.0
A000970,P0020,2026-03-21,Assessment,59.0
A000971,P0017,2025-07-21,Training,77.0
A000972,P0023,2025-08-26,Counselling,74.0
A000973,P0004,2026-04-29,Assessment,75.0
A000974,P0011,2025-07-13,Workshop,5.0
A000975,P0066,2025-04-06,Training,26.0
A000976,P0016,2026-03-28,Assessment,40.0
A000977,P0037,2026-05-22,Assessment,67.0
A000978,P0045,2025-06-17,Assessment,9.0
A000979,P0032,2026-04-06,Workshop,51.0
A000980,P0066,2025-11-27,Training,54.0
A000981,P0033,2025-09-01,Assessment,60.0
A000982,P0043,2026-02-11,Awareness Session,40.0
A000983,P0052,2025-06-17,Counselling,19.0
A000984,P0056,2026-05-25,Assessment,53.0
A000985,P0013,2026-02-12,Workshop,43.0
A000986,P0063,2026-03-30,Training,74.0
A000987,P0045,2025-07-23,Counselling,20.0
A000988,P0016,2025-08-29,Awareness Session,
A000989,P0056,2026-03-02,Workshop,34.0
A000990,P0065,2025-06-28,Awareness Session,62.0
A000991,P0013,2025-07-16,Community Activity,78.0
A000992,P0053,2025-09-17,Counselling,78.0
A000993,P0017,2025-10-20,Workshop,71.0
A000994,P0050,2025-09-05,Assessment,45.0
A000995,P0040,2025-10-09,Assessment,22.0
A000996,P0043,2025-08-31,Training,67.0
A000997,P0052,2026-03-17,Awareness Session,33.0
A000998,P0016,2026-04-14,Training,76.0
A000999,P0043,2026-05-06,Workshop,64.0
A001000,P0051,2025-06-29,Workshop,76.0
A001001,P0065,2025-04-06,Community Activity,7.0
A001002,P0060,2026-04-30,Community Activity,14.0
A001003,P0024,2025-12-13,Community Activity,76.0
A001004,P0054,2026-02-27,Awareness Session,61.0
A001005,P0046,2025-04-16,Workshop,75.0
A001006,P0020,2026-02-25,Awareness Session,23.0
A001007,P0049,2026-03-08,Assessment,18.0
A001008,P0014,2026-03-22,Workshop,54.0
A001009,P0001,2025-06-06,Counselling,37.0
A001010,P0053,2026-05-16,Awareness Session,68.0
A001011,P0032,2025-06-19,Awareness Session,44.0
A001012,P0004,2026-03-23,Workshop,69.0
A001013,P0016,2026-01-08,Awareness Session,78.0
A001014,P0030,2025-12-14,Training,36.0
A001015,P0020,2026-01-29,Counselling,36.0
A001016,P0060,2025-04-25,Training,24.0
A001017,P0033,2026-05-25,Counselling,40.0
A001018,P0015,2025-10-28,Assessment,38.0
A001019,P0057,2025-11-20,Assessment,37.0
A001020,P0015,2025-06-28,Workshop,26.0
A001021,P0020,2025-07-12,Awareness Session,34.0
A001022,P0042,2025-06-24,Counselling,67.0
A001023,P0041,2026-01-19,Assessment,51.0
A001024,P0015,2025-09-15,Workshop,12.0
A001025,P0012,2025-04-12,Assessment,32.0
A001026,P0019,2025-09-04,Counselling,77.0
A001027,P0013,2026-02-21,Awareness Session,49.0
A001028,P0033,2025-07-30,Counselling,60.0
A001029,P0007,2025-09-04,Training,59.0
A001030,P0044,2025-07-05,Assessment,69.0
A001031,P0018,2025-06-14,Assessment,9.0
A001032,P0061,2026-01-18,Counselling,59.0
A001033,P0048,2025-11-25,Counselling,16.0
A001034,P0025,2026-03-01,Assessment,14.0
A001035,P0061,2025-11-04,Workshop,49.0
A001036,P0034,2025-06-05,Counselling,70.0
A001037,P0030,2025-10-07,Counselling,77.0
A001038,P0059,2026-01-10,Workshop,80.0
A001039,P0057,2025-10-13,Community Activity,42.0
A001040,P0063,2025-07-07,Training,37.0
A001041,P0047,2026-04-08,Workshop,65.0
A001042,P0039,2026-03-21,Community Activity,75.0
A001043,P0016,2025-12-11,Counselling,51.0
A001044,P0020,2025-06-13,Awareness Session,11.0
A001045,P0018,2026-03-20,Assessment,15.0
A001046,P0030,2025-11-02,Counselling,79.0
A001047,P0036,2026-04-24,Counselling,16.0
A001048,P0025,2026-06-10,Awareness Session,70.0
A001049,P0045,2025-04-10,Awareness Session,74.0
A001050,P0040,2026-01-16,Training,52.0
A001051,P0004,2025-11-26,Workshop,29.0
A001052,P0066,2025-06-02,Assessment,43.0
A001053,P0026,2025-06-14,Awareness Session,28.0
A001054,P0038,2026-06-13,Workshop,25.0
A001055,P0055,2025-08-23,Training,24.0
A001056,P0057,2026-01-26,Awareness Session,48.0
A001057,P0062,2025-06-04,Workshop,52.0
A001058,P0014,2026-02-06,Training,10.0
A001059,P0041,2025-10-15,Assessment,76.0
A001060,P0045,2025-05-22,Workshop,35.0
A001061,P0050,2025-05-31,Workshop,75.0
A001062,P0059,2025-07-26,Awareness Session,40.0
A001063,P0052,2025-10-06,Training,41.0
A001064,P0036,2026-01-16,Counselling,38.0
A001065,P0026,2025-04-13,Awareness Session,10.0
A001066,P0010,2025-09-26,Counselling,80.0
A001067,P0059,2026-04-20,Community Activity,64.0
A001068,P0064,2025-04-23,Community Activity,35.0
A001069,P0012,2025-06-16,Workshop,34.0
A001070,P0004,2025-05-04,Community Activity,23.0
A001071,P0009,2025-07-16,Community Activity,26.0
A001072,P0028,2026-03-02,Training,33.0
A001073,P0052,2025-12-01,Counselling,23.0
A001074,P0042,2026-06-22,Workshop,52.0
A001075,P0027,2025-04-11,Community Activity,57.0
A001076,P0028,2026-03-13,Workshop,79.0
A001077,P0010,2026-03-15,Counselling,40.0
A001078,P0028,2025-06-04,Training,23.0
A001079,P0003,2025-08-28,Assessment,8.0
A001080,P0015,2025-05-11,Community Activity,19.0
A001081,P0047,2025-08-31,Workshop,67.0
A001082,P0027,2025-12-19,Assessment,10.0
A001083,P0055,2026-03-07,Workshop,69.0
A001084,P0028,2026-04-19,Assessment,8.0
A001085,P0027,2025-09-01,Workshop,30.0
A001086,P0018,2026-03-04,Assessment,69.0
A001087,P0001,2025-07-06,Workshop,8.0
A001088,P0066,2025-05-21,Training,40.0
A001089,P0018,2025-04-24,Counselling,8.0
A001090,P0049,2025-04-10,Community Activity,30.0
A001091,P0044,2025-04-13,Workshop,56.0
A001092,P0055,2025-04-18,Workshop,55.0
A001093,P0012,2025-08-17,Training,63.0
A001094,P0034,2025-10-03,Assessment,77.0
A001095,P0025,2026-05-21,Community Activity,25.0
A001096,P0058,2025-04-21,Workshop,66.0
A001097,P0060,2026-01-22,Awareness Session,20.0
A001098,P0045,2026-02-10,Assessment,30.0
A001099,P0004,2026-04-06,Counselling,42.0
A001100,P0056,2025-05-16,Counselling,34.0
A001101,P0025,2025-05-26,Workshop,30.0
A001102,P0056,2025-04-08,Training,27.0
A001103,P0036,2026-05-06,Assessment,34.0
A001104,P0034,2026-05-25,Counselling,30.0
A001105,P0059,2026-04-07,Counselling,60.0
A001106,P0037,2025-06-25,Workshop,71.0
A001107,P0038,2026-02-23,Workshop,35.0
A001108,P0045,2025-04-05,Counselling,26.0
A001109,P0022,2026-06-14,Awareness Session,26.0
A001110,P0067,2026-06-17,Awareness Session,60.0
A001111,P0062,2026-04-18,Training,63.0
A001112,P0004,2025-08-20,Training,13.0
A001113,P0048,2025-05-15,Training,24.0
A001114,P0008,2025-10-20,Workshop,31.0
A001115,P0032,2026-02-01,Training,31.0
A001116,P0023,2025-10-03,Community Activity,65.0
A001117,P0058,2025-11-09,Counselling,33.0
A001118,P0039,2025-06-10,Community Activity,72.0
A001119,P0019,2026-05-28,Training,56.0
A001120,P0059,2025-07-16,Counselling,19.0
A001121,P0057,2025-10-02,Workshop,11.0
A001122,P0021,2026-03-30,Workshop,77.0
A001123,P0011,2026-01-10,Awareness Session,79.0
A001124,P0036,2025-10-20,Community Activity,70.0
A001125,P0041,2026-04-08,Counselling,28.0
A001126,P0040,2025-04-13,Community Activity,70.0
A001127,P0011,2026-06-02,Awareness Session,80.0
A001128,P0056,2026-05-29,Assessment,26.0
A001129,P0024,2026-06-01,Assessment,73.0
A001130,P0044,2025-11-03,Counselling,75.0
A001131,P0017,2026-04-04,Awareness Session,47.0
A001132,P0060,2025-05-20,Workshop,12.0
A001133,P0037,2025-10-01,Workshop,55.0
A001134,P0018,2025-06-01,Counselling,80.0
A001135,P0052,2025-07-09,Workshop,35.0
A001136,P0008,2025-09-30,Awareness Session,52.0
A001137,P0064,2026-03-23,Awareness Session,51.0
A001138,P0039,2026-05-19,Training,60.0
A001139,P0029,2026-01-09,Training,71.0
A001140,P0007,2025-10-13,Workshop,10.0
A001141,P0025,2026-05-30,Community Activity,68.0
A001142,P0037,2025-04-12,Training,76.0
A001143,P0066,2026-04-01,Community Activity,20.0
A001144,P0019,2026-02-27,Training,33.0
A001145,P0066,2026-03-12,Counselling,20.0
A001146,P0050,2025-05-08,Assessment,14.0
A001147,P0056,2026-02-03,Workshop,27.0
A001148,P0013,2025-04-23,Training,37.0
A001149,P0001,2026-01-23,Assessment,13.0
A001150,P0015,2026-04-03,Counselling,37.0
A001151,P0053,2025-07-27,Assessment,8.0
A001152,P0007,2026-02-17,Workshop,44.0
A001153,P0007,2025-12-23,Community Activity,11.0
A001154,P0063,2026-03-16,Community Activity,43.0
A001155,P0014,2025-08-16,Training,74.0
A001156,P0023,2025-06-16,Training,66.0
A001157,P0057,2026-02-24,Community Activity,11.0
A001158,P0023,2025-09-06,Community Activity,10.0
A001159,P0024,2025-09-19,Counselling,6.0
A001160,P0036,2026-05-26,Community Activity,79.0
A001161,P0055,2026-05-14,Assessment,47.0
A001162,P0029,2025-04-21,Awareness Session,74.0
A001163,P0056,2025-08-21,Training,55.0
A001164,P0011,2025-11-20,Awareness Session,56.0
A001165,P0055,2026-04-10,Awareness Session,70.0
A001166,P0025,2026-04-30,Training,58.0
A001167,P0041,2025-06-14,Awareness Session,44.0
A001168,P0048,2026-01-26,Assessment,19.0
A001169,P0051,2025-12-20,Training,11.0
A001170,P0008,2025-07-07,Awareness Session,37.0
A001171,P0004,2025-07-14,Workshop,62.0
A001172,P0037,2025-09-01,Workshop,38.0
A001173,P0048,2025-04-21,Workshop,79.0
A001174,P0014,2026-02-02,Assessment,60.0
A001175,P0023,2025-05-20,Community Activity,63.0
A001176,P0033,2026-01-05,Assessment,27.0
A001177,P0042,2026-04-03,Awareness Session,59.0
A001178,P0024,2025-11-10,Awareness Session,29.0
A001179,P0064,2026-03-04,Counselling,80.0
A001180,P0024,2025-04-26,Community Activity,46.0
A001181,P0048,2026-01-22,Awareness Session,13.0
A001182,P0048,2025-05-21,Training,45.0
A001183,P0067,2025-08-22,Training,18.0
A001184,P0003,2026-01-22,Assessment,66.0
A001185,P0010,2025-05-22,Assessment,13.0
A001186,P0060,2026-06-15,Assessment,78.0
A001187,P0004,2026-04-12,Assessment,72.0
A001188,P0050,2026-03-23,Community Activity,70.0
A001189,P0064,2026-02-01,Workshop,44.0
A001190,P0033,2026-02-09,Workshop,28.0
A001191,P0036,2025-12-06,Awareness Session,62.0
A001192,P0057,2025-12-02,Workshop,78.0
A001193,P0034,2026-01-21,Community Activity,56.0
A001194,P0045,2025-08-22,Counselling,60.0
A001195,P0062,2025-09-10,Workshop,58.0
A001196,P0017,2026-01-07,Assessment,26.0
A001197,P0065,2026-02-23,Awareness Session,9.0
A001198,P0027,2025-10-04,Training,68.0
A001199,P0014,2025-06-18,Counselling,33.0
A001200,P0058,2025-06-23,Community Activity,61.0
A001201,P0002,2026-04-22,Counselling,65.0
A001202,P0028,2025-08-11,Community Activity,20.0
A001203,P0022,2026-05-29,Training,71.0
A001204,P0054,2025-09-30,Training,44.0
A001205,P0008,2025-06-16,Assessment,79.0
A001206,P0048,2026-06-06,Workshop,44.0
A001207,P0059,2025-11-21,Workshop,77.0
A001208,P0001,2025-11-24,Counselling,33.0
A001209,P0064,2026-06-11,Workshop,41.0
A001210,P0056,2025-12-04,Workshop,40.0
A001211,P0066,2026-05-16,Training,38.0
A001212,P0026,2026-02-23,Training,41.0
A001213,P0007,2026-03-18,Training,53.0
A001214,P0013,2025-11-23,Training,33.0
A001215,P0032,2025-09-11,Workshop,57.0
A001216,P0003,2025-05-06,Community Activity,50.0
A001217,P0021,2025-11-16,Community Activity,46.0
A001218,P0031,2025-11-22,Training,40.0
A001219,P0039,2025-05-09,Training,19.0
A001220,P0014,2026-02-07,Community Activity,31.0
A001221,P0060,2025-09-11,Awareness Session,10.0
A001222,P0066,2025-07-23,Community Activity,69.0
A001223,P0018,2025-04-07,Community Activity,69.0
A001224,P0008,2025-07-12,Assessment,7.0
A001225,P0028,2025-08-27,Community Activity,76.0
A001226,P0025,2025-12-27,Community Activity,54.0
A001227,P0035,2026-01-27,Awareness Session,61.0
A001228,P0016,2025-06-27,Workshop,36.0
A001229,P0018,2026-06-05,Training,56.0
A001230,P0019,2025-10-04,Workshop,63.0
A001231,P0002,2026-06-19,Counselling,20.0
A001232,P0055,2025-09-16,Workshop,55.0
A001233,P0008,2026-02-04,Awareness Session,52.0
A001234,P0030,2025-04-23,Awareness Session,44.0
A001235,P0026,2026-02-23,Assessment,40.0
A001236,P0062,2025-12-24,Training,75.0
A001237,P0033,2025-08-14,Awareness Session,58.0
A001238,P0004,2026-05-11,Awareness Session,32.0
A001239,P0008,2026-01-31,Workshop,6.0
A001240,P0034,2025-11-25,Counselling,33.0
A001241,P0036,2026-01-15,Training,64.0
A001242,P0029,2026-03-06,Assessment,62.0
A001243,P0035,2026-03-29,Community Activity,9.0
A001244,P0028,2026-03-18,Assessment,17.0
A001245,P0022,2026-05-02,Counselling,74.0
A001246,P0058,2025-04-20,Community Activity,63.0
A001247,P0051,2026-04-27,Community Activity,12.0
A001248,P0026,2026-02-20,Counselling,77.0
A001249,P0006,2025-07-08,Assessment,6.0
A001250,P0024,2025-11-11,Community Activity,14.0
A001251,P0046,2025-08-31,Community Activity,8.0
A001252,P0007,2026-05-03,Community Activity,39.0
A001253,P0037,2025-07-13,Counselling,53.0
A001254,P0023,2026-06-17,Awareness Session,23.0
A001255,P0032,2026-02-01,Community Activity,11.0
A001256,P0054,2025-09-28,Awareness Session,34.0
A001257,P0055,2025-08-22,Workshop,66.0
A001258,P0011,2026-04-09,Workshop,27.0
A001259,P0040,2026-03-24,Workshop,74.0
A001260,P0021,2025-11-19,Counselling,73.0
A001261,P0047,2025-11-30,Assessment,31.0
A001262,P0035,2025-07-11,Training,26.0
A001263,P0047,2026-02-17,Awareness Session,17.0
A001264,P0048,2025-05-08,Assessment,79.0
A001265,P0026,2026-06-03,Assessment,25.0
A001266,P0029,2025-11-11,Assessment,36.0
A001267,P0059,2025-08-22,Assessment,51.0
A001268,P0015,2026-03-17,Counselling,10.0
A001269,P0008,2026-03-30,Awareness Session,66.0
A001270,P0041,2025-11-23,Assessment,68.0
A001271,P0001,2025-08-31,Training,16.0
A001272,P0032,2026-02-28,Assessment,42.0
A001273,P0003,2026-02-02,Counselling,11.0
A001274,P0033,2025-07-16,Community Activity,67.0
A001275,P0028,2026-01-27,Community Activity,15.0
A001276,P0061,2026-04-13,Community Activity,32.0
A001277,P0057,2025-12-20,Counselling,33.0
A001278,P0058,2026-06-14,Training,44.0
A001279,P0024,2025-12-25,Training,31.0
A001280,P0050,2026-02-28,Workshop,36.0
A001281,P0026,2026-06-21,Workshop,77.0
A001282,P0049,2025-12-27,Workshop,24.0
A001283,P0012,2026-02-03,Awareness Session,48.0
A001284,P0042,2026-02-05,Workshop,61.0
A001285,P0001,2025-12-17,Assessment,59.0
A001286,P0043,2026-01-20,Workshop,6.0
A001287,P0047,2025-04-13,Counselling,68.0
A001288,P0061,2026-02-17,Training,48.0
A001289,P0027,2025-07-06,Community Activity,77.0
A001290,P0064,2025-04-19,Counselling,55.0
A001291,P0050,2026-05-20,Training,63.0
A001292,P0050,2025-07-05,Counselling,80.0
A001293,P0042,2026-02-03,Assessment,38.0
A001294,P0043,2025-06-05,Counselling,23.0
A001295,P0049,2025-07-30,Training,7.0
A001296,P0003,2025-10-25,Awareness Session,61.0
A001297,P0063,2026-04-05,Training,52.0
A001298,P0012,2026-04-19,Training,60.0
A001299,P0009,2025-12-17,Training,23.0
A001300,P0049,2026-03-24,Training,60.0
A001301,P0053,2026-05-19,Counselling,69.0
A001302,P0046,2025-05-19,Workshop,59.0
A001303,P0063,2025-05-28,Awareness Session,37.0
A001304,P0012,2026-05-07,Workshop,33.0
A001305,P0064,2026-05-25,Counselling,79.0
A001306,P0040,2025-07-14,Awareness Session,68.0
A001307,P0023,2025-12-10,Training,25.0
A001308,P0016,2026-01-19,Community Activity,74.0
A001309,P0025,2026-01-31,Counselling,23.0
A001310,P0042,2026-01-30,Workshop,18.0
A001311,P0063,2026-05-17,Workshop,53.0
A001312,P0002,2025-05-26,Awareness Session,22.0
A001313,P0052,2025-09-08,Community Activity,63.0
A001314,P0026,2026-04-21,Training,62.0
A001315,P0032,2025-04-02,Community Activity,6.0
A001316,P0048,2025-09-07,Awareness Session,6.0
A001317,P0007,2025-04-12,Awareness Session,54.0
A001318,P0020,2025-05-09,Workshop,7.0
A001319,P0003,2025-05-21,Training,43.0
A001320,P0004,2025-08-12,Assessment,25.0
A001321,P0011,2025-04-15,Community Activity,34.0
A001322,P0021,2025-11-10,Community Activity,61.0
A001323,P0043,2026-01-28,Training,13.0
A001324,P0010,2026-01-26,Training,7.0
A001325,P0039,2026-01-26,Community Activity,24.0
A001326,P0025,2025-12-27,Workshop,48.0
A001327,P0064,2025-12-22,Training,27.0
A001328,P0007,2026-03-01,Workshop,54.0
A001329,P0034,2025-07-12,Community Activity,41.0
A001330,P0056,2026-04-02,Awareness Session,64.0
A001331,P0053,2026-03-21,Counselling,9.0
A001332,P0020,2025-12-24,Training,42.0
A001333,P0015,2026-01-16,Community Activity,52.0
A001334,P0046,2025-12-16,Assessment,80.0
A001335,P0037,2025-08-16,Workshop,60.0
A001336,P0049,2026-03-06,Workshop,66.0
A001337,P0010,2025-09-18,Assessment,61.0
A001338,P0041,2025-09-06,Awareness Session,28.0
A001339,P0005,2026-05-20,Community Activity,41.0
A001340,P0054,2026-05-20,Counselling,64.0
A001341,P0050,2026-05-09,Community Activity,77.0
A001342,P0042,2026-04-03,Counselling,21.0
A001343,P0010,2026-02-23,Training,47.0
A001344,P0002,2026-05-26,Awareness Session,16.0
A001345,P0053,2026-04-13,Awareness Session,8.0
A001346,P0063,2026-02-09,Workshop,9.0
A001347,P0022,2025-08-30,Training,11.0
A001348,P0028,2025-12-01,Assessment,59.0
A001349,P0051,2025-06-28,Awareness Session,79.0
A001350,P0047,2025-12-07,Counselling,54.0
A001351,P0004,2026-02-09,Awareness Session,80.0
A001352,P0001,2025-06-12,Workshop,42.0
A001353,P0054,2025-09-04,Awareness Session,5.0
A001354,P0023,2026-02-24,Assessment,76.0
A001355,P0036,2025-06-25,Counselling,56.0
A001356,P0035,2026-06-03,Training,25.0
A001357,P0055,2026-05-01,Training,8.0
A001358,P0040,2025-07-27,Awareness Session,53.0
A001359,P0049,2025-12-20,Workshop,32.0
A001360,P0061,2026-06-18,Training,13.0
A001361,P0019,2026-01-07,Counselling,57.0
A001362,P0046,2026-01-01,Workshop,52.0
A001363,P0061,2026-03-03,Workshop,49.0
A001364,P0057,2026-05-20,Awareness Session,28.0
A001365,P0014,2026-05-31,Workshop,60.0
A001366,P0031,2025-05-20,Community Activity,56.0
A001367,P0052,2025-09-07,Assessment,68.0
A001368,P0015,2025-08-12,Assessment,8.0
A001369,P0061,2025-09-07,Community Activity,77.0
A001370,P0018,2025-05-02,Workshop,37.0
A001371,P0022,2026-06-01,Awareness Session,9.0
A001372,P0021,2026-01-13,Community Activity,66.0
A001373,P0011,2025-08-07,Counselling,7.0
A001374,P0057,2025-07-14,Assessment,57.0
A001375,P0014,2025-04-11,Training,52.0
A001376,P0012,2025-04-12,Counselling,25.0
A001377,P0012,2025-04-21,Workshop,57.0
A001378,P0008,2026-01-02,Workshop,5.0
A001379,P0002,2025-08-16,Assessment,30.0
A001380,P0028,2025-08-15,Awareness Session,31.0
A001381,P0048,2026-05-01,Awareness Session,51.0
A001382,P0022,2026-01-13,Counselling,37.0
A001383,P0013,2025-10-30,Assessment,48.0
A001384,P0005,2025-04-18,Training,61.0
A001385,P0008,2026-01-31,Community Activity,20.0
A001386,P0040,2025-09-14,Workshop,41.0
A001387,P0027,2026-04-24,Assessment,13.0
A001388,P0056,2025-11-22,Training,33.0
A001389,P0019,2026-02-21,Workshop,24.0
A001390,P0040,2026-06-14,Awareness Session,12.0
A001391,P0036,2026-02-28,Counselling,51.0
A001392,P0064,2026-03-27,Training,45.0
A001393,P0030,2026-01-03,Assessment,46.0
A001394,P0004,2025-11-07,Awareness Session,11.0
A001395,P0028,2026-03-29,Assessment,64.0
A001396,P0013,2026-01-12,Counselling,45.0
A001397,P0020,2025-11-06,Community Activity,21.0
A001398,P0038,2025-12-30,Counselling,78.0
A001399,P0024,2025-04-08,Community Activity,41.0
A001400,P0034,2026-05-22,Community Activity,66.0
A001401,P0011,2026-03-31,Training,48.0
A001402,P0067,2025-08-21,Counselling,40.0
A001403,P0054,2025-04-07,Community Activity,68.0
A001404,P0041,2025-09-10,Counselling,46.0
A001405,P0066,2025-05-06,Assessment,34.0
A001406,P0059,2026-01-21,Training,10.0
A001407,P0058,2025-11-15,Counselling,28.0
A001408,P0013,2025-06-16,Workshop,33.0
A001409,P0025,2025-09-16,Awareness Session,20.0
A001410,P0029,2025-11-19,Counselling,59.0
A001411,P0045,2025-04-11,Counselling,77.0
A001412,P0065,2026-04-15,Counselling,74.0
A001413,P0055,2025-07-23,Community Activity,21.0
A001414,P0060,2026-03-22,Awareness Session,60.0
A001415,P0062,2026-03-09,Assessment,15.0
A001416,P0017,2025-12-09,Training,32.0
A001417,P0002,2025-09-26,Training,11.0
A001418,P0062,2025-08-29,Training,33.0
A001419,P0047,2025-09-21,Training,33.0
A001420,P0023,2025-12-12,Training,65.0
A001421,P0038,2025-07-22,Workshop,70.0
A001422,P0064,2026-04-23,Community Activity,34.0
A001423,P0010,2025-05-12,Assessment,23.0
A001424,P0028,2025-07-17,Assessment,48.0
A001425,P0003,2025-05-04,Counselling,60.0
A001426,P0036,2026-06-04,Awareness Session,66.0
A001427,P0037,2025-08-13,Training,78.0
A001428,P0067,2026-01-18,Training,69.0
A001429,P0040,2026-01-01,Assessment,54.0
A001430,P0042,2025-09-04,Assessment,54.0
A001431,P0062,2025-11-11,Awareness Session,60.0
A001432,P0046,2026-05-25,Community Activity,20.0
A001433,P0052,2025-10-16,Awareness Session,73.0
A001434,P0060,2026-06-14,Awareness Session,69.0
A001435,P0065,2025-11-10,Training,20.0
A001436,P0050,2025-04-05,Assessment,76.0
A001437,P0024,2026-02-07,Community Activity,74.0
A001438,P0006,2025-04-15,Workshop,66.0
A001439,P0051,2025-10-09,Community Activity,67.0
A001440,P0002,2025-07-27,Awareness Session,13.0
A001441,P0060,2025-07-18,Community Activity,43.0
A001442,P0024,2025-05-15,Community Activity,56.0
A001443,P0032,2025-05-24,Community Activity,13.0
A001444,P0054,2025-11-17,Awareness Session,70.0
A001445,P0060,2025-12-14,Assessment,80.0
A001446,P0043,2026-06-14,Workshop,50.0
A001447,P0004,2026-05-29,Training,73.0
A001448,P0054,2025-11-14,Training,12.0
A001449,P0039,2026-04-20,Community Activity,34.0
A001450,P0002,2025-04-16,Workshop,80.0
A001451,P0066,2025-12-18,Training,7.0
A001452,P0011,2026-02-22,Training,34.0
A001453,P0019,2025-10-25,Awareness Session,24.0
A001454,P0062,2026-03-26,Counselling,43.0
A001455,P0049,2026-06-05,Assessment,53.0
A001456,P0058,2025-06-15,Awareness Session,57.0
A001457,P0058,2026-04-25,Assessment,17.0
A001458,P0013,2026-06-06,Counselling,47.0
A001459,P0060,2025-04-02,Assessment,80.0
A001460,P0037,2025-11-18,Workshop,45.0
A001461,P0034,2026-06-19,Awareness Session,45.0
A001462,P0010,2025-08-17,Awareness Session,46.0
A001463,P0041,2026-04-29,Counselling,8.0
A001464,P0065,2025-07-07,Community Activity,49.0
A001465,P0015,2026-02-25,Workshop,54.0
A001466,P0001,2025-11-20,Training,20.0
A001467,P0061,2025-08-01,Counselling,60.0
A001468,P0043,2025-07-07,Assessment,51.0
A001469,P0066,2025-08-06,Counselling,65.0
A001470,P0026,2025-06-14,Community Activity,50.0
A001471,P0010,2026-03-21,Community Activity,32.0
A001472,P0067,2026-06-20,Workshop,9.0
A001473,P0019,2026-04-07,Awareness Session,76.0
A001474,P0026,2025-04-08,Community Activity,42.0
A001475,P0043,2025-08-16,Assessment,54.0
A001476,P0031,2025-07-05,Training,23.0
A001477,P0022,2025-09-27,Training,68.0
A001478,P0065,2026-03-17,Training,30.0
A001479,P0041,2025-12-16,Workshop,19.0
A001480,P0001,2025-12-15,Awareness Session,65.0
A001481,P0065,2026-06-03,Awareness Session,37.0
A001482,P0057,2025-04-30,Counselling,67.0
A001483,P0033,2025-06-14,Workshop,14.0
A001484,P0044,2025-09-22,Workshop,73.0
A001485,P0048,2025-05-04,Assessment,45.0
A001486,P0001,2025-06-06,Training,13.0
A001487,P0017,2025-12-03,Training,34.0
A001488,P0045,2026-02-07,Counselling,42.0
A001489,P0045,2025-11-20,Community Activity,71.0
A001490,P0055,2026-05-10,Community Activity,61.0
A001491,P0052,2026-05-30,Training,36.0
A001492,P0005,2025-06-14,Training,73.0
A001493,P0027,2025-10-20,Training,52.0
A001494,P0043,2026-02-03,Awareness Session,69.0
A001495,P0041,2026-01-21,Community Activity,60.0
A001496,P0067,2025-06-16,Counselling,52.0
A001497,P0020,2025-12-04,Training,32.0
A001498,P0059,2025-12-01,Workshop,10.0
A001499,P0059,2025-06-13,Community Activity,51.0
A001500,P0024,2026-03-24,Workshop,69.0
A001501,P0026,2025-07-25,Workshop,58.0
A001502,P0005,2025-07-07,Assessment,19.0
A001503,P0029,2025-06-07,Workshop,53.0
A001504,P0026,2025-06-28,Training,65.0
A001505,P0048,2025-11-27,Workshop,13.0
A001506,P0032,2025-11-13,Workshop,64.0
A001507,P0061,2026-05-11,Counselling,42.0
A001508,P0036,2025-04-23,Assessment,41.0
A001509,P0040,2026-05-13,Training,75.0
A001510,P0019,2025-04-11,Community Activity,32.0
A001511,P0003,2026-02-10,Awareness Session,7.0
A001512,P0061,2025-05-04,Training,38.0
A001513,P0016,2025-12-28,Counselling,73.0
A001514,P0060,2025-09-01,Training,76.0
A001515,P0011,2025-11-29,Training,57.0
A001516,P0033,2026-06-01,Awareness Session,75.0
A001517,P0008,2026-05-08,Counselling,19.0
A001518,P0016,2026-05-17,Counselling,75.0
A001519,P0061,2026-06-06,Training,77.0
A001520,P0026,2026-03-24,Training,73.0
A001521,P0016,2026-06-10,Assessment,41.0
A001522,P0028,2026-04-19,Community Activity,40.0
A001523,P0055,2025-06-24,Awareness Session,66.0
A001524,P0026,2025-11-25,Workshop,24.0
A001525,P0004,2026-03-03,Workshop,24.0
A001526,P0021,2025-05-20,Assessment,11.0
A001527,P0049,2026-04-02,Workshop,34.0
A001528,P0046,2026-01-23,Counselling,15.0
A001529,P0003,2025-06-20,Training,38.0
A001530,P0050,2025-05-24,Workshop,69.0
A001531,P0059,2026-02-22,Training,37.0
A001532,P0037,2025-06-26,Awareness Session,52.0
A001533,P0066,2026-01-08,Community Activity,24.0
A001534,P0007,2025-12-10,Assessment,15.0
A001535,P0044,2026-01-28,Training,70.0
A001536,P0023,2026-01-07,Counselling,72.0
A001537,P0020,2025-06-22,Counselling,26.0
A001538,P0026,2026-05-23,Awareness Session,61.0
A001539,P0062,2026-04-17,Training,48.0
A001540,P0054,2026-05-04,Assessment,36.0
A001541,P0049,2025-04-04,Assessment,26.0
A001542,P0003,2025-12-13,Community Activity,9.0
A001543,P0006,2025-07-17,Assessment,73.0
A001544,P0008,2025-07-01,Counselling,32.0
A001545,P0065,2026-05-29,Counselling,18.0
A001546,P0042,2025-10-19,Awareness Session,62.0
A001547,P0020,2025-07-01,Counselling,51.0
A001548,P0065,2025-05-31,Workshop,9.0
A001549,P0055,2026-05-25,Workshop,51.0
A001550,P0020,2026-05-07,Assessment,7.0
A001551,P0063,2026-03-26,Awareness Session,80.0
A001552,P0056,2026-04-22,Assessment,63.0
A001553,P0051,2025-09-18,Assessment,23.0
A001554,P0049,2026-01-27,Counselling,11.0
A001555,P0008,2025-10-25,Workshop,16.0
A001556,P0034,2025-04-28,Awareness Session,15.0
A001557,P0019,2026-02-15,Workshop,26.0
A001558,P0009,2025-05-22,Community Activity,35.0
A001559,P0066,2025-06-18,Counselling,7.0
A001560,P0034,2025-04-12,Counselling,73.0
A001561,P0001,2026-03-18,Training,37.0
A001562,P0066,2025-04-25,Community Activity,79.0
A001563,P0022,2025-12-08,Community Activity,24.0
A001564,P0047,2025-11-25,Counselling,35.0
A001565,P0003,2025-09-11,Counselling,77.0
A001566,P0035,2025-11-15,Workshop,55.0
A001567,P0036,2025-08-27,Awareness Session,73.0
A001568,P0024,2025-12-11,Workshop,17.0
A001569,P0010,2025-11-24,Workshop,17.0
A001570,P0021,2025-04-10,Training,15.0
A001571,P0058,2026-06-21,Workshop,9.0
A001572,P0045,2025-05-21,Awareness Session,80.0
A001573,P0011,2026-01-08,Awareness Session,23.0
A001574,P0018,2025-04-18,Training,73.0
A001575,P0016,2026-06-11,Workshop,66.0
A001576,P0056,2025-11-28,Counselling,5.0
A001577,P0065,2025-09-30,Counselling,79.0
A001578,P0064,2025-11-12,Counselling,39.0
A001579,P0014,2026-03-01,Awareness Session,9.0
A001580,P0052,2025-08-11,Counselling,67.0
A001581,P0039,2026-01-18,Awareness Session,79.0
A001582,P0014,2026-02-02,Assessment,10.0
A001583,P0004,2025-11-17,Training,5.0
A001584,P0008,2025-11-12,Assessment,50.0
A001585,P0059,2026-04-09,Community Activity,17.0
A001586,P0033,2026-02-10,Community Activity,59.0
A001587,P0048,2026-01-06,Workshop,23.0
A001588,P0026,2026-04-14,Counselling,33.0
A001589,P0048,2026-01-14,Community Activity,7.0
A001590,P0047,2025-11-11,Awareness Session,11.0
A001591,P0058,2025-12-27,Awareness Session,10.0
A001592,P0004,2025-04-01,Awareness Session,46.0
A001593,P0045,2025-09-13,Training,66.0
A001594,P0019,2025-09-20,Workshop,14.0
A001595,P0020,2025-08-13,Training,35.0
A001596,P0054,2025-04-12,Counselling,12.0
A001597,P0062,2026-02-18,Community Activity,74.0
A001598,P0051,2025-09-01,Assessment,11.0
A001599,P0010,2026-04-29,Training,74.0
A001600,P0030,2025-10-17,Training,23.0
A001601,P0038,2025-05-20,Counselling,31.0
A001602,P0034,2026-05-14,Assessment,70.0
A001603,P0027,2026-03-18,Assessment,53.0
A001604,P0020,2026-06-22,Training,50.0
A001605,P0016,2026-02-04,Awareness Session,43.0
A001606,P0031,2025-05-13,Awareness Session,40.0
A001607,P0059,2026-03-24,Counselling,56.0
A001608,P0038,2025-09-02,Community Activity,62.0
A001609,P0052,2025-08-22,Workshop,80.0
A001610,P0066,2025-11-29,Community Activity,33.0
A001611,P0033,2026-03-14,Counselling,13.0
A001612,P0041,2026-06-19,Counselling,45.0
A001613,P0042,2026-03-08,Awareness Session,30.0
A001614,P0067,2026-04-19,Assessment,67.0
A001615,P0003,2026-05-27,Counselling,32.0
A001616,P0033,2026-02-14,Workshop,57.0
A001617,P0038,2026-01-24,Community Activity,76.0
A001618,P0042,2025-12-12,Community Activity,79.0
A001619,P0017,2026-03-23,Workshop,79.0
A001620,P0044,2025-10-27,Assessment,35.0
A001621,P0038,2025-08-02,Assessment,47.0
A001622,P0041,2026-05-03,Awareness Session,20.0
A001623,P0040,2025-06-03,Community Activity,79.0
A001624,P0006,2025-11-09,Community Activity,52.0
A001625,P0037,2026-06-21,Training,37.0
A001626,P0059,2025-05-19,Training,22.0
A001627,P0049,2026-06-10,Awareness Session,35.0
A001628,P0058,2026-03-04,Assessment,35.0
A001629,P0015,2026-05-12,Workshop,15.0
A001630,P0040,2025-07-28,Awareness Session,75.0
A001631,P0035,2026-04-09,Counselling,34.0
A001632,P0052,2026-05-21,Community Activity,23.0
A001633,P0067,2026-01-29,Training,30.0
A001634,P0043,2026-03-22,Assessment,24.0
A001635,P0006,2025-12-24,Community Activity,7.0
A001636,P0024,2025-10-03,Workshop,77.0
A001637,P0044,2025-08-30,Counselling,26.0
A001638,P0011,2025-12-15,Counselling,38.0
A001639,P0064,2026-03-08,Training,58.0
A001640,P0033,2025-12-14,Training,60.0
A001641,P0024,2025-11-02,Community Activity,67.0
A001642,P0055,2025-12-20,Training,8.0
A001643,P0065,2025-07-10,Workshop,7.0
A001644,P0039,2025-08-07,Assessment,6.0
A001645,P0052,2025-12-09,Training,52.0
A001646,P0006,2026-01-27,Assessment,23.0
A001647,P0053,2025-12-16,Workshop,57.0
A001648,P0035,2025-06-11,Assessment,10.0
A001649,P0010,2025-11-03,Workshop,36.0
A001650,P0002,2025-05-02,Counselling,42.0
A001651,P0008,2025-12-28,Workshop,9.0
A001652,P0047,2025-05-01,Community Activity,56.0
A001653,P0067,2025-08-11,Assessment,39.0
A001654,P0031,2026-06-01,Assessment,58.0
A001655,P0061,2025-08-19,Training,56.0
A001656,P0053,2025-08-14,Counselling,20.0
A001657,P0001,2026-04-30,Awareness Session,18.0
A001658,P0020,2025-10-12,Workshop,12.0
A001659,P0066,2025-05-03,Awareness Session,47.0
A001660,P0008,2025-08-10,Community Activity,39.0
A001661,P0062,2025-08-28,Workshop,74.0
A001662,P0051,2026-02-08,Community Activity,70.0
A001663,P0040,2026-06-18,Community Activity,69.0
A001664,P0062,2026-03-20,Workshop,33.0
A001665,P0017,2025-11-24,Counselling,12.0
A001666,P0029,2025-11-17,Training,59.0
A001667,P0036,2026-03-29,Counselling,38.0
A001668,P0009,2025-06-20,Awareness Session,60.0
A001669,P0001,2025-07-05,Awareness Session,80.0
A001670,P0046,2025-04-26,Workshop,30.0
A001671,P0039,2026-05-04,Training,52.0
A001672,P0049,2026-05-21,Assessment,66.0
A001673,P0006,2025-09-28,Assessment,22.0
A001674,P0041,2025-05-31,Training,12.0
A001675,P0046,2025-08-02,Community Activity,55.0
A001676,P0045,2025-04-04,Workshop,13.0
A001677,P0009,2025-08-23,Community Activity,43.0
A001678,P0060,2026-03-03,Assessment,46.0
A001679,P0040,2025-04-12,Community Activity,78.0
A001680,P0027,2025-10-24,Community Activity,40.0
A001681,P0040,2025-08-17,Workshop,64.0
A001682,P0001,2025-11-05,Community Activity,28.0
A001683,P0063,2025-12-26,Counselling,50.0
A001684,P0048,2025-04-15,Awareness Session,12.0
A001685,P0036,2025-12-25,Training,80.0
A001686,P0046,2026-01-15,Counselling,30.0
A001687,P0001,2025-12-17,Assessment,39.0
A001688,P0067,2026-04-07,Community Activity,48.0
A001689,P0003,2025-06-09,Counselling,53.0
A001690,P0020,2026-06-05,Counselling,28.0
A001691,P0056,2025-11-07,Assessment,61.0
A001692,P0020,2025-05-13,Counselling,20.0
A001693,P0059,2026-01-05,Training,45.0
A001694,P0008,2026-06-02,Assessment,48.0
A001695,P0060,2026-01-30,Assessment,10.0
A001696,P0020,2025-05-03,Workshop,44.0
A001697,P0011,2025-12-14,Community Activity,17.0
A001698,P0013,2026-01-15,Assessment,56.0
A001699,P0002,2025-10-27,Community Activity,26.0
A001700,P0022,2026-06-21,Assessment,11.0
A001701,P0046,2026-04-17,Awareness Session,22.0
A001702,P0025,2025-10-31,Workshop,12.0
A001703,P0036,2025-06-06,Training,54.0
A001704,P0046,2025-10-25,Counselling,36.0
A001705,P0012,2026-04-29,Awareness Session,9.0
A001706,P0006,2026-05-04,Community Activity,18.0
A001707,P0022,2026-02-26,Workshop,53.0
A001708,P0011,2025-07-26,Assessment,6.0
A001709,P0014,2025-09-14,Assessment,43.0
A001710,P0025,2025-05-21,Workshop,28.0
A001711,P0008,2026-05-04,Workshop,17.0
A001712,P0062,2026-03-13,Awareness Session,15.0
A001713,P0065,2026-05-09,Awareness Session,23.0
A001714,P0067,2025-06-10,Awareness Session,48.0
A001715,P0048,2026-03-12,Workshop,8.0
A001716,P0023,2025-10-08,Workshop,57.0
A001717,P0066,2026-03-13,Awareness Session,32.0
A001718,P0056,2026-06-11,Awareness Session,79.0
A001719,P0005,2025-08-20,Workshop,46.0
A001720,P0005,2025-08-19,Assessment,53.0
A001721,P0008,2025-06-17,Awareness Session,72.0
A001722,P0015,2025-10-29,Awareness Session,20.0
A001723,P0048,2026-06-02,Workshop,30.0
A001724,P0024,2025-11-10,Training,35.0
A001725,P0044,2025-05-09,Training,59.0
A001726,P0052,2026-02-16,Awareness Session,11.0
A001727,P0065,2026-03-02,Community Activity,20.0
A001728,P0010,2025-10-27,Counselling,52.0
A001729,P0009,2025-10-05,Training,62.0
A001730,P0060,2026-05-22,Community Activity,42.0
A001731,P0032,2025-10-09,Awareness Session,17.0
A001732,P0050,2026-03-19,Counselling,58.0
A001733,P0021,2026-01-28,Workshop,58.0
A001734,P0022,2025-11-07,Community Activity,41.0
A001735,P0064,2025-12-06,Counselling,68.0
A001736,P0023,2025-11-03,Awareness Session,27.0
A001737,P0062,2026-05-21,Training,56.0
A001738,P0023,2025-04-10,Community Activity,10.0
A001739,P0005,2026-02-14,Training,16.0
A001740,P0031,2026-02-27,Workshop,15.0
A001741,P0012,2025-04-03,Training,50.0
A001742,P0012,2025-10-05,Community Activity,16.0
A001743,P0045,2025-06-26,Assessment,76.0
A001744,P0027,2026-05-15,Training,15.0
A001745,P0025,2026-02-19,Community Activity,14.0
A001746,P0028,2025-10-26,Counselling,33.0
A001747,P0023,2025-11-07,Training,69.0
A001748,P0065,2025-09-07,Community Activity,43.0
A001749,P0032,2026-03-26,Counselling,10.0
A001750,P0027,2026-04-19,Assessment,49.0
A001751,P0020,2026-01-15,Workshop,56.0
A001752,P0028,2026-03-25,Community Activity,38.0
A001753,P0054,2025-06-15,Assessment,50.0
A001754,P0001,2026-01-19,Community Activity,61.0
A001755,P0020,2025-06-24,Awareness Session,17.0
A001756,P0041,2025-08-28,Counselling,43.0
A001757,P0013,2026-01-11,Workshop,22.0
A001758,P0044,2025-09-28,Assessment,18.0
A001759,P0037,2025-06-23,Workshop,25.0
A001760,P0060,2026-04-21,Awareness Session,36.0
A001761,P0009,2025-10-16,Awareness Session,35.0
A001762,P0063,2026-01-19,Assessment,40.0
A001763,P0054,2026-02-07,Counselling,28.0
A001764,P0050,2026-01-14,Assessment,33.0
A001765,P0032,2026-06-07,Training,14.0
A001766,P0062,2026-01-09,Awareness Session,71.0
A001767,P0012,2025-12-10,Workshop,63.0
A001768,P0041,2025-10-08,Community Activity,26.0
A001769,P0044,2025-09-29,Workshop,6.0
A001770,P0050,2025-08-12,Awareness Session,28.0
A001771,P0060,2026-06-20,Workshop,22.0
A001772,P0019,2025-07-04,Counselling,22.0
A001773,P0052,2025-05-06,Assessment,57.0
A001774,P0020,2026-02-24,Community Activity,67.0
A001775,P0001,2025-07-27,Assessment,59.0
A001776,P0030,2025-08-25,Training,6.0
A001777,P0022,2026-04-25,Training,40.0
A001778,P0048,2026-05-23,Workshop,17.0
A001779,P0063,2025-04-08,Workshop,19.0
A001780,P0002,2026-04-25,Awareness Session,56.0
A001781,P0036,2025-09-16,Community Activity,28.0
A001782,P0031,2025-07-20,Community Activity,37.0
A001783,P0014,2025-11-03,Community Activity,71.0
A001784,P0041,2026-04-06,Training,44.0
A001785,P0061,2025-12-02,Community Activity,13.0
A001786,P0060,2025-12-27,Community Activity,19.0
A001787,P0013,2025-08-28,Training,67.0
A001788,P0004,2026-04-23,Counselling,53.0
A001789,P0022,2025-06-25,Community Activity,43.0
A001790,P0063,2025-05-26,Community Activity,44.0
A001791,P0053,2025-12-30,Assessment,35.0
A001792,P0020,2025-07-16,Workshop,21.0
A001793,P0018,2026-04-16,Awareness Session,42.0
A001794,P0039,2025-04-24,Training,52.0
A001795,P0064,2025-11-13,Awareness Session,51.0
A001796,P0022,2025-10-12,Training,49.0
A001797,P0029,2025-12-30,Counselling,19.0
A001798,P0065,2026-03-11,Training,75.0
A001799,P0022,2025-06-23,Workshop,49.0
A001800,P0004,2025-05-09,Community Activity,24.0
A001801,P0007,2025-06-28,Workshop,68.0
A001802,P0020,2025-10-06,Counselling,78.0
A001803,P0038,2026-02-27,Assessment,9.0
A001804,P0031,2026-02-28,Community Activity,57.0
A001805,P0051,2026-03-16,Awareness Session,13.0
A001806,P0006,2025-05-14,Community Activity,52.0
A001807,P0023,2025-11-18,Counselling,35.0
A001808,P0058,2026-01-09,Workshop,71.0
A001809,P0023,2026-01-11,Assessment,47.0
A001810,P0055,2025-05-21,Community Activity,49.0
A001811,P0015,2026-01-14,Counselling,5.0
A001812,P0007,2026-04-01,Counselling,30.0
A001813,P0033,2026-02-14,Workshop,31.0
A001814,P0061,2026-06-10,Training,33.0
A001815,P0036,2026-01-09,Training,50.0
A001816,P0017,2026-04-10,Assessment,34.0
A001817,P0045,2025-06-12,Counselling,30.0
A001818,P0046,2026-05-03,Community Activity,30.0
A001819,P0061,2025-11-13,Assessment,75.0
A001820,P0009,2026-02-04,Counselling,49.0
A001821,P0059,2025-09-24,Assessment,69.0
A001822,P0036,2025-04-07,Workshop,44.0
A001823,P0002,2025-07-21,Counselling,70.0
A001824,P0011,2026-06-02,Training,
A001825,P0024,2026-02-10,Workshop,15.0
A001826,P0055,2025-12-13,Workshop,75.0
A001827,P0029,2025-05-21,Assessment,58.0
A001828,P0003,2026-01-19,Counselling,18.0
A001829,P0018,2025-06-05,Training,67.0
A001830,P0021,2026-04-04,Community Activity,5.0
A001831,P0044,2025-06-13,Training,31.0
A001832,P0034,2025-07-08,Counselling,65.0
A001833,P0042,2025-10-04,Assessment,71.0
A001834,P0067,2025-07-17,Counselling,18.0
A001835,P0056,2025-11-12,Awareness Session,33.0
A001836,P0008,2025-12-12,Training,24.0
A001837,P0060,2025-10-07,Counselling,41.0
A001838,P0058,2025-09-14,Training,45.0
A001839,P0003,2025-11-21,Awareness Session,26.0
A001840,P0013,2025-06-02,Awareness Session,34.0
A001841,P0043,2025-09-07,Counselling,59.0
A001842,P0048,2026-04-08,Awareness Session,62.0
A001843,P0009,2026-05-10,Training,16.0
A001844,P0046,2025-06-24,Assessment,62.0
A001845,P0051,2026-05-12,Workshop,30.0
A001846,P0030,2026-04-13,Workshop,22.0
A001847,P0054,2025-11-14,Workshop,65.0
A001848,P0066,2025-04-15,Community Activity,65.0
A001849,P0038,2025-08-07,Workshop,29.0
A001850,P0045,2025-09-04,Counselling,73.0
A001851,P0038,2025-07-03,Assessment,41.0
A001852,P0057,2025-11-30,Awareness Session,80.0
A001853,P0055,2026-05-08,Awareness Session,43.0
A001854,P0017,2026-01-14,Counselling,26.0
A001855,P0005,2026-04-14,Assessment,79.0
A001856,P0012,2025-06-27,Assessment,14.0
A001857,P0034,2026-02-20,Training,42.0
A001858,P0061,2025-04-10,Awareness Session,68.0
A001859,P0003,2025-09-21,Assessment,47.0
A001860,P0051,2025-09-22,Assessment,59.0
A001861,P0018,2026-06-13,Awareness Session,15.0
A001862,P0022,2025-04-18,Community Activity,20.0
A001863,P0004,2025-04-10,Training,29.0
A001864,P0059,2025-07-01,Awareness Session,59.0
A001865,P0023,2026-06-17,Assessment,71.0
A001866,P0029,2026-01-15,Awareness Session,70.0
A001867,P0047,2026-01-23,Assessment,31.0
A001868,P0053,2025-07-07,Assessment,50.0
A001869,P0054,2025-06-30,Workshop,15.0
A001870,P0016,2026-01-23,Community Activity,74.0
A001871,P0041,2025-07-22,Community Activity,32.0
A001872,P0059,2026-04-26,Counselling,71.0
A001873,P0043,2025-12-27,Workshop,48.0
A001874,P0056,2026-05-24,Counselling,74.0
A001875,P0045,2026-02-03,Workshop,59.0
A001876,P0025,2025-04-01,Awareness Session,21.0
A001877,P0026,2026-05-03,Assessment,44.0
A001878,P0064,2025-11-29,Counselling,74.0
A001879,P0037,2025-07-14,Workshop,53.0
A001880,P0015,2025-11-30,Community Activity,79.0
A001881,P0032,2025-11-04,Training,41.0
A001882,P0058,2026-05-11,Counselling,57.0
A001883,P0060,2025-10-07,Training,76.0
A001884,P0008,2025-07-09,Community Activity,69.0
A001885,P0053,2026-01-17,Assessment,5.0
A001886,P0045,2026-03-21,Assessment,43.0
A001887,P0008,2025-11-24,Community Activity,34.0
A001888,P0064,2026-05-05,Assessment,47.0
A001889,P0003,2025-10-08,Assessment,27.0
A001890,P0064,2025-12-18,Training,35.0
A001891,P0053,2025-08-28,Workshop,73.0
A001892,P0038,2025-08-13,Training,56.0
A001893,P0055,2026-05-06,Community Activity,59.0
A001894,P0054,2026-03-02,Counselling,10.0
A001895,P0036,2025-09-25,Assessment,51.0
A001896,P0043,2026-06-17,Training,21.0
A001897,P0032,2026-05-31,Community Activity,51.0
A001898,P0060,2025-09-15,Community Activity,60.0
A001899,P0020,2025-08-20,Training,51.0
A001900,P0026,2026-02-03,Training,41.0
A001901,P0019,2025-08-14,Community Activity,78.0
A001902,P0018,2025-11-20,Assessment,32.0
A001903,P0030,2026-03-13,Assessment,45.0
A001904,P0036,2025-07-25,Counselling,60.0
A001905,P0042,2026-02-28,Awareness Session,70.0
A001906,P0024,2026-02-09,Counselling,75.0
A001907,P0033,2026-06-24,Workshop,12.0
A001908,P0034,2026-03-26,Assessment,40.0
A001909,P0063,2025-06-11,Training,37.0
A001910,P0050,2025-10-08,Awareness Session,69.0
A001911,P0009,2026-03-01,Assessment,35.0
A001912,P0035,2025-11-01,Training,80.0
A001913,P0034,2026-03-15,Community Activity,57.0
A001914,P0032,2026-06-17,Workshop,55.0
A001915,P0038,2026-04-30,Assessment,15.0
A001916,P0055,2025-06-12,Awareness Session,39.0
A001917,P0045,2025-09-09,Assessment,29.0
A001918,P0002,2025-09-08,Awareness Session,56.0
A001919,P0065,2025-07-15,Awareness Session,72.0
A001920,P0055,2026-05-18,Community Activity,43.0
A001921,P0040,2025-06-17,Awareness Session,72.0
A001922,P0042,2026-04-13,Counselling,59.0
A001923,P0004,2025-05-22,Workshop,67.0
A001924,P0044,2025-10-06,Community Activity,8.0
A001925,P0035,2025-12-07,Assessment,12.0
A001926,P0005,2026-04-06,Assessment,51.0
A001927,P0012,2025-05-09,Community Activity,64.0
A001928,P0030,2025-07-18,Community Activity,60.0
A001929,P0001,2025-06-02,Awareness Session,13.0
A001930,P0061,2025-12-12,Training,72.0
A001931,P0027,2025-06-30,Awareness Session,40.0
A001932,P0002,2025-10-20,Assessment,42.0
A001933,P0003,2025-05-05,Assessment,24.0
A001934,P0015,2025-04-18,Assessment,54.0
A001935,P0002,2025-06-10,Awareness Session,6.0
A001936,P0005,2025-12-31,Awareness Session,15.0
A001937,P0049,2025-09-17,Counselling,10.0
A001938,P0046,2025-12-07,Community Activity,19.0
A001939,P0053,2026-06-22,Community Activity,9.0
A001940,P0043,2026-03-14,Assessment,50.0
A001941,P0040,2025-12-19,Assessment,73.0
A001942,P0044,2025-08-08,Assessment,43.0
A001943,P0021,2026-06-04,Awareness Session,60.0
A001944,P0030,2025-05-02,Assessment,12.0
A001945,P0004,2026-05-11,Community Activity,13.0
A001946,P0061,2025-11-08,Awareness Session,63.0
A001947,P0040,2026-02-17,Workshop,32.0
A001948,P0033,2026-02-23,Counselling,59.0
A001949,P0037,2026-02-02,Workshop,65.0
A001950,P0008,2025-12-10,Training,44.0
A001951,P0032,2025-12-27,Community Activity,67.0
A001952,P0025,2025-10-15,Workshop,24.0
A001953,P0007,2025-11-03,Counselling,80.0
A001954,P0017,2025-11-24,Community Activity,56.0
A001955,P0039,2025-09-23,Training,59.0
A001956,P0066,2026-05-29,Community Activity,80.0
A001957,P0028,2025-05-30,Assessment,31.0
A001958,P0016,2025-04-04,Assessment,38.0
A001959,P0036,2025-08-27,Assessment,30.0
A001960,P0045,2025-06-06,Counselling,59.0
A001961,P0029,2026-06-18,Training,35.0
A001962,P0029,2025-10-12,Training,68.0
A001963,P0019,2025-05-09,Training,21.0
A001964,P0058,2025-12-12,Community Activity,51.0
A001965,P0015,2025-06-06,Community Activity,68.0
A001966,P0022,2026-01-07,Assessment,
A001967,P0053,2026-04-07,Awareness Session,22.0
A001968,P0023,2026-02-19,Workshop,13.0
A001969,P0064,2026-02-08,Awareness Session,23.0
A001970,P0053,2025-12-26,Awareness Session,63.0
A001971,P0041,2025-12-22,Counselling,9.0
A001972,P0045,2025-08-15,Workshop,12.0
A001973,P0046,2025-11-16,Awareness Session,79.0
A001974,P0010,2025-08-09,Awareness Session,54.0
A001975,P0030,2025-10-20,Assessment,66.0
A001976,P0035,2025-07-11,Awareness Session,13.0
A001977,P0049,2025-09-23,Awareness Session,17.0
A001978,P0026,2026-01-19,Community Activity,45.0
A001979,P0009,2026-01-20,Counselling,26.0
A001980,P0003,2026-05-30,Community Activity,15.0
A001981,P0035,2025-05-13,Assessment,23.0
A001982,P0042,2026-03-31,Assessment,56.0
A001983,P0027,2025-06-06,Community Activity,29.0
A001984,P0032,2025-12-18,Awareness Session,33.0
A001985,P0009,2026-01-27,Workshop,66.0
A001986,P0067,2025-06-17,Community Activity,12.0
A001987,P0009,2025-04-16,Training,49.0
A001988,P0027,2025-08-31,Workshop,14.0
A001989,P0032,2026-01-25,Workshop,18.0
A001990,P0065,2025-07-31,Workshop,63.0
A001991,P0022,2026-04-19,Awareness Session,28.0
A001992,P0050,2025-11-27,Assessment,20.0
A001993,P0002,2025-04-27,Counselling,79.0
A001994,P0026,2026-02-04,Assessment,54.0
A001995,P0013,2025-05-26,Awareness Session,34.0
A001996,P0008,2025-07-10,Assessment,56.0
A001997,P0063,2026-06-01,Awareness Session,6.0
A001998,P0052,2025-10-04,Workshop,
A001999,P0021,2025-10-28,Training,19.0
A002000,P0057,2026-04-08,Assessment,40.0
A002001,P0025,2026-03-02,Training,17.0
A002002,P0024,2026-03-16,Community Activity,9.0
A002003,P0052,2025-06-11,Training,39.0
A002004,P0046,2025-07-03,Training,47.0
A002005,P0038,2026-06-14,Awareness Session,12.0
A002006,P0063,2025-12-20,Counselling,11.0
A002007,P0037,2026-06-09,Assessment,80.0
A002008,P0047,2025-07-10,Workshop,53.0
A002009,P0029,2026-01-10,Training,19.0
A002010,P0015,2026-05-03,Awareness Session,66.0
A002011,P0007,2025-11-28,Counselling,23.0
A002012,P0022,2025-11-14,Counselling,43.0
A002013,P0032,2026-03-22,Training,5.0
A002014,P0042,2025-08-18,Awareness Session,21.0
A002015,P0063,2025-12-25,Assessment,28.0
A002016,P0001,2025-08-18,Counselling,33.0
A002017,P0004,2025-12-22,Community Activity,45.0
A002018,P0007,2025-09-19,Counselling,66.0
A002019,P0064,2025-10-04,Training,15.0
A002020,P0067,2026-04-27,Awareness Session,9.0
A002021,P0012,2025-08-30,Awareness Session,50.0
A002022,P0004,2025-09-12,Awareness Session,23.0
A002023,P0011,2025-09-18,Awareness Session,59.0
A002024,P0066,2025-07-21,Community Activity,49.0
A002025,P0058,2026-03-11,Training,64.0
A002026,P0017,2025-12-20,Training,11.0
A002027,P0019,2025-10-09,Counselling,53.0
A002028,P0016,2025-06-06,Counselling,45.0
A002029,P0019,2025-10-18,Assessment,40.0
A002030,P0066,2026-05-29,Workshop,61.0
A002031,P0050,2025-06-13,Counselling,31.0
A002032,P0023,2026-01-27,Training,79.0
A002033,P0035,2025-07-01,Assessment,51.0
A002034,P0010,2026-05-07,Counselling,58.0
A002035,P0035,2025-10-27,Assessment,78.0
A002036,P0050,2025-06-11,Community Activity,44.0
A002037,P0051,2025-11-19,Community Activity,28.0
A002038,P0059,2025-11-18,Training,63.0
A002039,P0040,2025-08-14,Awareness Session,41.0
A002040,P0040,2025-10-04,Assessment,17.0
A002041,P0029,2025-05-06,Awareness Session,75.0
A002042,P0013,2026-03-18,Workshop,24.0
A002043,P0060,2025-04-21,Counselling,30.0
A002044,P0016,2025-12-15,Training,60.0
A002045,P0026,2025-06-27,Assessment,44.0
A002046,P0046,2025-04-16,Awareness Session,60.0
A002047,P0024,2025-10-28,Community Activity,65.0
A002048,P0022,2025-05-25,Training,21.0
A002049,P0050,2025-08-28,Assessment,62.0
A002050,P0032,2026-01-03,Awareness Session,68.0
A002051,P0055,2025-07-22,Workshop,37.0
A002052,P0022,2026-02-27,Awareness Session,60.0
A002053,P0057,2026-05-01,Community Activity,46.0
A002054,P0017,2026-06-18,Workshop,35.0
A002055,P0001,2025-04-09,Awareness Session,51.0
A002056,P0021,2025-06-23,Awareness Session,24.0
A002057,P0014,2025-04-24,Counselling,47.0
A002058,P0067,2026-04-19,Training,20.0
A002059,P0020,2025-05-18,Workshop,74.0
A002060,P0051,2026-06-03,Training,16.0
A002061,P0064,2025-12-18,Community Activity,21.0
A002062,P0009,2025-07-29,Counselling,69.0
A002063,P0031,2026-06-22,Awareness Session,66.0
A002064,P0046,2025-06-26,Workshop,76.0
A002065,P0046,2026-03-26,Community Activity,75.0
A002066,P0032,2026-05-04,Counselling,63.0
A002067,P0025,2026-01-11,Counselling,78.0
A002068,P0022,2026-01-08,Workshop,7.0
A002069,P0041,2026-05-16,Community Activity,38.0
A002070,P0006,2025-11-12,Awareness Session,19.0
A002071,P0060,2025-11-11,Workshop,69.0
A002072,P0013,2025-07-26,Community Activity,58.0
A002073,P0009,2025-10-03,Assessment,68.0
A002074,P0016,2025-12-22,Counselling,13.0
A002075,P0061,2025-06-11,Assessment,56.0
A002076,P0052,2025-10-23,Training,77.0
A002077,P0006,2025-08-07,Community Activity,52.0
A002078,P0020,2025-06-13,Counselling,23.0
A002079,P0020,2025-04-04,Community Activity,60.0
A002080,P0057,2025-10-04,Community Activity,79.0
A002081,P0049,2025-05-11,Awareness Session,26.0
A002082,P0015,2025-06-29,Counselling,10.0
A002083,P0057,2026-06-01,Assessment,71.0
A002084,P0008,2026-05-03,Awareness Session,6.0
A002085,P0006,2026-05-18,Counselling,39.0
A002086,P0049,2025-11-29,Community Activity,80.0
A002087,P0040,2025-10-18,Workshop,8.0
A002088,P0031,2026-01-18,Training,80.0
A002089,P0018,2025-07-23,Assessment,63.0
A002090,P0052,2026-04-07,Counselling,18.0
A002091,P0035,2025-08-28,Community Activity,60.0
A002092,P0030,2025-06-27,Assessment,50.0
A002093,P0050,2025-11-13,Training,35.0
A002094,P0003,2025-07-30,Assessment,69.0
A002095,P0065,2026-01-17,Workshop,49.0
A002096,P0003,2025-11-09,Training,47.0
A002097,P0005,2025-10-03,Workshop,75.0
A002098,P0053,2025-08-21,Awareness Session,20.0
A002099,P0037,2025-10-06,Community Activity,76.0
A002100,P0012,2026-04-26,Workshop,57.0
A002101,P0002,2025-11-13,Assessment,62.0
A002102,P0029,2025-06-30,Assessment,41.0
A002103,P0057,2025-07-17,Training,25.0
A002104,P0028,2025-09-17,Awareness Session,78.0
A002105,P0043,2025-11-12,Workshop,75.0
A002106,P0007,2025-04-25,Assessment,40.0
A002107,P0005,2026-04-12,Assessment,60.0
A002108,P0065,2025-06-03,Counselling,39.0
A002109,P0041,2026-01-25,Counselling,47.0
A002110,P0059,2025-12-18,Training,74.0
A002111,P0061,2025-04-04,Training,5.0
A002112,P0067,2025-06-05,Counselling,51.0
A002113,P0054,2026-04-18,Assessment,19.0
A002114,P0054,2025-11-17,Awareness Session,13.0
A002115,P0059,2025-04-14,Awareness Session,80.0
A002116,P0049,2026-04-23,Community Activity,13.0
A002117,P0052,2026-01-16,Training,11.0
A002118,P0034,2026-02-27,Training,46.0
A002119,P0028,2025-12-06,Community Activity,73.0
A002120,P0058,2025-08-01,Counselling,10.0
A002121,P0015,2025-11-07,Counselling,44.0
A002122,P0019,2025-07-23,Awareness Session,31.0
A002123,P0032,2025-09-09,Workshop,42.0
A002124,P0002,2025-09-01,Assessment,76.0
A002125,P0056,2025-11-21,Workshop,5.0
A002126,P0046,2026-02-06,Assessment,5.0
A002127,P0029,2026-03-12,Awareness Session,18.0
A002128,P0064,2026-04-15,Workshop,25.0
A002129,P0002,2025-12-04,Training,55.0
A002130,P0037,2025-06-17,Training,59.0
A002131,P0062,2026-04-02,Awareness Session,64.0
A002132,P0052,2025-10-20,Awareness Session,22.0
A002133,P0063,2026-04-22,Workshop,80.0
A002134,P0011,2026-04-13,Training,42.0
A002135,P0067,2025-08-14,Training,40.0
A002136,P0049,2026-06-02,Community Activity,12.0
A002137,P0036,2026-03-12,Workshop,75.0
A002138,P0025,2025-12-10,Community Activity,7.0
A002139,P0009,2025-08-11,Training,12.0
A002140,P0010,2025-10-03,Workshop,34.0
A002141,P0001,2025-04-12,Workshop,44.0
A002142,P0004,2025-12-11,Awareness Session,44.0
A002143,P0026,2025-10-12,Counselling,47.0
A002144,P0053,2025-11-23,Awareness Session,72.0
A002145,P0023,2025-07-03,Workshop,7.0
A002146,P0002,2025-04-20,Workshop,23.0
A002147,P0001,2026-04-22,Community Activity,25.0
A002148,P0009,2026-01-14,Training,73.0
A002149,P0059,2025-08-24,Training,29.0
A002150,P0053,2025-06-14,Awareness Session,21.0
A002151,P0042,2026-05-15,Awareness Session,25.0
A002152,P0025,2025-04-07,Counselling,70.0
A002153,P0010,2025-06-29,Assessment,48.0
A002154,P0017,2025-12-15,Counselling,16.0
A002155,P0005,2026-04-20,Workshop,58.0
A002156,P0013,2025-12-01,Awareness Session,7.0
A002157,P0033,2025-04-17,Awareness Session,63.0
A002158,P0063,2026-05-01,Counselling,67.0
A002159,P0061,2026-04-04,Counselling,68.0
A002160,P0022,2025-07-11,Training,57.0
A002161,P0050,2025-10-18,Community Activity,16.0
A002162,P0012,2025-06-20,Counselling,72.0
A002163,P0019,2026-04-18,Workshop,20.0
A002164,P0006,2025-07-12,Training,63.0
A002165,P0056,2025-12-06,Community Activity,78.0
A002166,P0004,2025-07-29,Training,22.0
A002167,P0025,2025-04-23,Training,21.0
A002168,P0019,2025-12-14,Counselling,75.0
A002169,P0054,2026-05-16,Assessment,7.0
A002170,P0010,2025-07-14,Assessment,41.0
A002171,P0018,2025-08-04,Awareness Session,45.0
A002172,P0003,2026-02-05,Community Activity,25.0
A002173,P0037,2025-07-23,Awareness Session,65.0
A002174,P0062,2025-04-15,Awareness Session,11.0
A002175,P0067,2025-11-28,Community Activity,27.0
A002176,P0034,2026-01-25,Workshop,8.0
A002177,P0007,2025-11-15,Assessment,27.0
A002178,P0025,2025-10-14,Community Activity,34.0
A002179,P0020,2026-03-17,Awareness Session,58.0
A002180,P0001,2026-03-27,Counselling,79.0
A002181,P0016,2026-01-30,Counselling,29.0
A002182,P0029,2026-02-13,Workshop,15.0
A002183,P0059,2025-11-15,Assessment,78.0
A002184,P0025,2026-01-16,Training,72.0
A002185,P0015,2025-04-19,Training,10.0
A002186,P0035,2025-09-28,Assessment,36.0
A002187,P0033,2025-11-06,Training,8.0
A002188,P0031,2025-04-02,Assessment,13.0
A002189,P0051,2025-09-27,Counselling,47.0
A002190,P0003,2026-05-09,Workshop,14.0
A002191,P0001,2026-04-05,Counselling,68.0
A002192,P0058,2025-10-04,Awareness Session,32.0
A002193,P0034,2026-04-22,Awareness Session,53.0
A002194,P0040,2025-12-20,Community Activity,51.0
A002195,P0030,2025-05-10,Workshop,17.0
A002196,P0040,2025-04-30,Workshop,36.0
A002197,P0014,2025-04-12,Workshop,57.0
A002198,P0057,2025-09-24,Counselling,42.0
A002199,P0012,2025-07-25,Workshop,48.0
A002200,P0052,2025-07-12,Counselling,58.0
A002201,P0005,2025-12-29,Community Activity,22.0
A002202,P0023,2026-02-16,Community Activity,75.0
A002203,P0061,2025-08-02,Awareness Session,18.0
A002204,P0038,2025-04-23,Training,63.0
A002205,P0005,2025-09-14,Training,78.0
A002206,P0010,2025-08-05,Counselling,56.0
A002207,P0053,2026-01-08,Awareness Session,68.0
A002208,P0063,2025-10-02,Community Activity,45.0
A002209,P0020,2025-04-19,Assessment,10.0
A002210,P0062,2025-09-19,Assessment,69.0
A002211,P0012,2025-07-31,Community Activity,37.0
A002212,P0057,2026-02-16,Community Activity,14.0
A002213,P0053,2026-01-13,Assessment,54.0
A002214,P0028,2026-01-14,Awareness Session,46.0
A002215,P0035,2025-09-18,Awareness Session,67.0
A002216,P0057,2025-12-09,Workshop,44.0
A002217,P0002,2025-11-18,Assessment,15.0
A002218,P0016,2026-01-04,Community Activity,48.0
A002219,P0055,2025-04-14,Training,5.0
A002220,P0048,2025-10-25,Training,28.0
A002221,P0016,2026-06-15,Assessment,51.0
A002222,P0066,2026-03-20,Community Activity,35.0
A002223,P0027,2025-10-02,Counselling,67.0
A002224,P0004,2025-10-03,Training,79.0
A002225,P0042,2026-06-20,Awareness Session,17.0
A002226,P0026,2026-01-21,Community Activity,42.0
A002227,P0067,2026-01-25,Community Activity,72.0
A002228,P0055,2026-01-28,Assessment,29.0
A002229,P0033,2026-03-06,Training,68.0
A002230,P0006,2026-03-30,Community Activity,46.0
A002231,P0058,2025-05-16,Workshop,50.0
A002232,P0031,2025-07-15,Workshop,21.0
A002233,P0040,2025-11-14,Community Activity,10.0
A002234,P0001,2025-07-25,Awareness Session,40.0
A002235,P0011,2025-05-23,Counselling,77.0
A002236,P0009,2025-04-29,Workshop,61.0
A002237,P0008,2025-12-07,Community Activity,22.0
A002238,P0008,2026-06-07,Community Activity,65.0
A002239,P0021,2025-05-23,Community Activity,55.0
A002240,P0005,2025-08-15,Counselling,46.0
A002241,P0047,2026-02-23,Counselling,75.0
A002242,P0054,2026-01-06,Workshop,33.0
A002243,P0050,2025-05-17,Training,6.0
A002244,P0044,2026-04-06,Community Activity,43.0
A002245,P0038,2025-06-20,Counselling,8.0
A002246,P0043,2026-06-08,Training,12.0
A002247,P0002,2026-02-21,Assessment,76.0
A002248,P0027,2025-12-28,Assessment,32.0
A002249,P0039,2026-01-18,Counselling,59.0
A002250,P0019,2026-04-13,Workshop,8.0
A002251,P0012,2025-12-30,Awareness Session,28.0
A002252,P0009,2026-05-28,Workshop,12.0
A002253,P0047,2025-10-01,Training,69.0
A002254,P0054,2025-06-21,Training,35.0
A002255,P0059,2025-08-14,Awareness Session,28.0
A002256,P0051,2025-07-22,Counselling,65.0
A002257,P0056,2025-05-27,Assessment,30.0
A002258,P0062,2026-03-11,Counselling,80.0
A002259,P0056,2025-04-20,Awareness Session,67.0
A002260,P0026,2026-02-07,Counselling,56.0
A002261,P0057,2026-04-08,Workshop,49.0
A002262,P0058,2026-04-20,Workshop,22.0
A002263,P0037,2025-07-19,Awareness Session,60.0
A002264,P0015,2025-08-03,Workshop,40.0
A002265,P0023,2026-05-02,Workshop,42.0
A002266,P0047,2025-06-14,Community Activity,58.0
A002267,P0051,2025-05-22,Assessment,78.0
A002268,P0031,2026-03-24,Awareness Session,28.0
A002269,P0030,2025-07-06,Training,25.0
A002270,P0045,2025-04-30,Counselling,75.0
A002271,P0013,2025-12-06,Community Activity,49.0
A002272,P0007,2026-03-03,Training,10.0
A002273,P0030,2026-06-15,Training,50.0
A002274,P0005,2026-04-24,Assessment,58.0
A002275,P0042,2025-07-12,Assessment,37.0
A002276,P0022,2026-01-03,Workshop,25.0
A002277,P0022,2025-05-21,Training,68.0
A002278,P0065,2026-04-17,Awareness Session,25.0
A002279,P0022,2025-10-24,Counselling,54.0
A002280,P0008,2025-06-13,Workshop,13.0
A002281,P0017,2026-03-24,Awareness Session,65.0
A002282,P0048,2025-08-07,Workshop,34.0
A002283,P0027,2025-05-16,Awareness Session,54.0
A002284,P0063,2025-06-18,Workshop,32.0
A002285,P0014,2026-01-23,Counselling,78.0
A002286,P0005,2025-05-12,Awareness Session,75.0
A002287,P0042,2026-03-15,Workshop,27.0
A002288,P0021,2026-02-14,Counselling,59.0
A002289,P0025,2026-05-10,Community Activity,29.0
A002290,P0020,2025-06-18,Counselling,19.0
A002291,P0043,2025-04-19,Counselling,7.0
A002292,P0032,2025-08-20,Workshop,22.0
A002293,P0001,2025-04-15,Awareness Session,
A002294,P0017,2025-09-26,Assessment,73.0
A002295,P0038,2025-10-28,Assessment,20.0
A002296,P0041,2025-11-05,Awareness Session,28.0
A002297,P0011,2025-04-16,Counselling,41.0
A002298,P0056,2025-10-28,Workshop,35.0
A002299,P0065,2026-02-03,Training,48.0
A002300,P0045,2026-02-05,Training,25.0
A002301,P0012,2025-12-11,Counselling,26.0
A002302,P0060,2025-04-23,Awareness Session,49.0
A002303,P0012,2025-09-11,Workshop,37.0
A002304,P0060,2025-08-24,Awareness Session,65.0
A002305,P0007,2026-01-26,Counselling,20.0
A002306,P0006,2026-03-10,Workshop,15.0
A002307,P0035,2025-06-28,Community Activity,61.0
A002308,P0001,2025-11-26,Assessment,40.0
A002309,P0040,2025-11-22,Awareness Session,41.0
A002310,P0040,2025-09-20,Awareness Session,41.0
A002311,P0025,2025-04-07,Counselling,16.0
A002312,P0007,2025-10-14,Awareness Session,50.0
A002313,P0056,2026-03-27,Counselling,48.0
A002314,P0033,2025-11-02,Community Activity,72.0
A002315,P0001,2025-06-23,Community Activity,41.0
A002316,P0023,2025-10-30,Community Activity,27.0
A002317,P0007,2026-05-09,Assessment,23.0
A002318,P0054,2025-10-19,Counselling,54.0
A002319,P0029,2026-04-12,Counselling,11.0
A002320,P0009,2025-12-01,Workshop,36.0
A002321,P0020,2026-01-27,Community Activity,75.0
A002322,P0059,2025-05-03,Community Activity,44.0
A002323,P0047,2026-04-09,Awareness Session,10.0
A002324,P0058,2025-12-27,Counselling,36.0
A002325,P0018,2025-05-04,Counselling,13.0
A002326,P0006,2025-06-18,Workshop,48.0
A002327,P0003,2026-04-24,Workshop,53.0
A002328,P0052,2025-12-21,Community Activity,30.0
A002329,P0061,2026-03-13,Awareness Session,56.0
A002330,P0033,2026-02-14,Workshop,39.0
A002331,P0020,2025-07-31,Awareness Session,24.0
A002332,P0050,2026-06-18,Community Activity,47.0
A002333,P0030,2026-01-09,Awareness Session,57.0
A002334,P0017,2025-12-21,Training,58.0
A002335,P0031,2025-12-05,Training,23.0
A002336,P0014,2026-01-31,Counselling,77.0
A002337,P0033,2025-09-11,Awareness Session,78.0
A002338,P0047,2025-12-21,Awareness Session,71.0
A002339,P0056,2025-12-07,Training,52.0
A002340,P0014,2025-05-01,Community Activity,15.0
A002341,P0029,2025-11-21,Workshop,31.0
A002342,P0006,2026-01-26,Workshop,72.0
A002343,P0024,2026-06-13,Workshop,49.0
A002344,P0028,2025-12-27,Awareness Session,65.0
A002345,P0056,2025-12-01,Training,39.0
A002346,P0003,2026-05-30,Community Activity,6.0
A002347,P0004,2025-06-05,Assessment,14.0
A002348,P0038,2025-06-02,Training,24.0
A002349,P0032,2025-07-28,Counselling,63.0
A002350,P0054,2025-07-19,Workshop,73.0
A002351,P0060,2025-07-16,Workshop,22.0
A002352,P0042,2026-04-12,Community Activity,73.0
A002353,P0048,2025-07-25,Awareness Session,42.0
A002354,P0050,2025-04-27,Counselling,23.0
A002355,P0058,2025-10-09,Community Activity,13.0
A002356,P0037,2025-10-05,Training,22.0
A002357,P0057,2026-02-06,Community Activity,58.0
A002358,P0023,2026-02-21,Awareness Session,41.0
A002359,P0064,2026-05-03,Assessment,68.0
A002360,P0054,2025-10-05,Workshop,59.0
A002361,P0031,2025-11-07,Assessment,71.0
A002362,P0044,2026-05-29,Community Activity,7.0
A002363,P0056,2026-01-01,Workshop,17.0
A002364,P0004,2026-03-25,Workshop,80.0
A002365,P0034,2026-02-01,Counselling,9.0
A002366,P0041,2026-04-24,Counselling,55.0
A002367,P0045,2025-06-11,Awareness Session,23.0
A002368,P0065,2025-09-25,Counselling,77.0
A002369,P0014,2025-10-16,Workshop,66.0
A002370,P0063,2025-06-27,Training,31.0
A002371,P0010,2026-06-18,Workshop,78.0
A002372,P0034,2026-03-08,Training,29.0
A002373,P0052,2026-05-09,Community Activity,58.0
A002374,P0063,2026-05-16,Community Activity,49.0
A002375,P0061,2025-08-26,Community Activity,16.0
A002376,P0056,2026-04-25,Counselling,13.0
A002377,P0066,2025-08-06,Assessment,31.0
A002378,P0059,2025-08-14,Assessment,58.0
A002379,P0062,2025-12-12,Counselling,30.0
A002380,P0050,2025-07-30,Community Activity,37.0
A002381,P0016,2025-10-24,Assessment,32.0
A002382,P0011,2025-04-22,Community Activity,21.0
A002383,P0046,2025-05-05,Training,23.0
A002384,P0046,2026-01-23,Assessment,44.0
A002385,P0064,2025-10-22,Training,46.0
A002386,P0044,2025-11-06,Counselling,55.0
A002387,P0045,2026-01-01,Counselling,67.0
A002388,P0008,2025-07-02,Assessment,50.0
A002389,P0052,2026-02-19,Workshop,27.0
A002390,P0031,2026-04-22,Awareness Session,23.0
A002391,P0053,2025-08-06,Assessment,61.0
A002392,P0040,2025-04-27,Counselling,63.0
A002393,P0032,2026-02-19,Counselling,29.0
A002394,P0002,2026-04-11,Counselling,77.0
A002395,P0012,2026-06-18,Awareness Session,35.0
A002396,P0032,2026-01-01,Awareness Session,75.0
A002397,P0012,2025-04-23,Workshop,75.0
A002398,P0030,2025-11-10,Awareness Session,77.0
A002399,P0035,2025-04-12,Counselling,23.0
A002400,P0046,2025-11-27,Assessment,80.0
A002401,P0019,2026-06-13,Awareness Session,31.0
A002402,P0065,2026-01-30,Counselling,38.0
A002403,P0017,2026-03-18,Assessment,42.0
A002404,P0026,2025-10-25,Awareness Session,26.0
A002405,P0052,2025-09-02,Awareness Session,75.0
A002406,P0012,2025-06-04,Training,42.0
A002407,P0035,2026-02-01,Community Activity,75.0
A002408,P0028,2026-02-27,Awareness Session,35.0
A002409,P0055,2026-06-02,Awareness Session,41.0
A002410,P0023,2025-11-17,Workshop,63.0
A002411,P0049,2026-05-18,Community Activity,36.0
A002412,P0006,2026-01-20,Counselling,76.0
A002413,P0055,2025-04-16,Training,67.0
A002414,P0044,2025-04-05,Awareness Session,21.0
A002415,P0010,2025-07-31,Counselling,61.0
A002416,P0031,2025-09-18,Awareness Session,22.0
A002417,P0039,2025-05-27,Workshop,67.0
A002418,P0013,2025-07-06,Workshop,52.0
A002419,P0058,2026-01-01,Counselling,42.0
A002420,P0026,2025-11-16,Assessment,9.0
A002421,P0019,2026-05-25,Awareness Session,61.0
A002422,P0002,2026-03-18,Assessment,59.0
A002423,P0025,2025-09-23,Counselling,44.0
A002424,P0002,2025-09-25,Training,7.0
A002425,P0067,2025-04-02,Training,69.0
A002426,P0054,2025-08-18,Awareness Session,78.0
A002427,P0050,2026-04-05,Awareness Session,19.0
A002428,P0063,2026-05-28,Training,42.0
A002429,P0042,2025-05-23,Workshop,7.0
A002430,P0009,2026-06-21,Community Activity,62.0
A002431,P0063,2025-04-12,Awareness Session,21.0
A002432,P0033,2025-09-09,Counselling,9.0
A002433,P0006,2025-07-14,Awareness Session,53.0
A002434,P0062,2025-09-09,Counselling,49.0
A002435,P0014,2025-12-24,Training,52.0
A002436,P0054,2025-04-17,Awareness Session,64.0
A002437,P0056,2025-12-18,Workshop,14.0
A002438,P0043,2025-04-30,Counselling,9.0
A002439,P0004,2025-06-25,Workshop,74.0
A002440,P0067,2026-05-26,Counselling,45.0
A002441,P0017,2026-03-09,Assessment,27.0
A002442,P0033,2025-10-25,Community Activity,21.0
A002443,P0054,2025-11-21,Workshop,51.0
A002444,P0029,2026-01-07,Community Activity,10.0
A002445,P0028,2026-06-06,Workshop,5.0
A002446,P0011,2025-07-20,Community Activity,41.0
A002447,P0043,2026-01-21,Workshop,16.0
A002448,P0033,2025-09-06,Workshop,9.0
A002449,P0035,2026-01-27,Workshop,71.0
A002450,P0045,2026-06-24,Training,7.0
A002451,P0064,2025-06-06,Awareness Session,8.0
A002452,P0004,2026-03-10,Workshop,9.0
A002453,P0051,2025-06-30,Community Activity,27.0
A002454,P0062,2025-08-02,Assessment,40.0
A002455,P0027,2026-05-26,Counselling,13.0
A002456,P0062,2025-12-02,Community Activity,24.0
A002457,P0062,2026-03-22,Training,36.0
A002458,P0058,2026-05-06,Community Activity,33.0
A002459,P0020,2025-11-21,Awareness Session,52.0
A002460,P0057,2025-08-03,Training,78.0
A002461,P0017,2025-06-07,Community Activity,41.0
A002462,P0037,2025-07-14,Training,74.0
A002463,P0039,2025-05-29,Community Activity,78.0
A002464,P0007,2025-10-27,Community Activity,22.0
A002465,P0016,2026-01-21,Assessment,68.0
A002466,P0009,2025-09-02,Awareness Session,65.0
A002467,P0017,2025-11-16,Assessment,19.0
A002468,P0017,2025-08-18,Assessment,25.0
A002469,P0067,2025-09-06,Awareness Session,52.0
A002470,P0030,2025-09-03,Training,16.0
A002471,P0064,2025-07-21,Training,18.0
A002472,P0042,2025-07-09,Training,38.0
A002473,P0001,2026-01-07,Assessment,26.0
A002474,P0034,2025-11-27,Awareness Session,29.0
A002475,P0060,2025-04-13,Training,37.0
A002476,P0026,2026-05-06,Counselling,40.0
A002477,P0035,2026-01-22,Assessment,69.0
A002478,P0039,2026-01-13,Workshop,74.0
A002479,P0036,2026-01-03,Training,56.0
A002480,P0017,2025-07-29,Assessment,24.0
A002481,P0041,2025-07-19,Awareness Session,74.0
A002482,P0055,2026-04-12,Awareness Session,15.0
A002483,P0019,2026-03-21,Workshop,24.0
A002484,P0062,2025-06-19,Training,73.0
A002485,P0043,2026-01-31,Workshop,71.0
A002486,P0032,2025-04-03,Awareness Session,35.0
A002487,P0058,2025-11-24,Training,67.0
A002488,P0024,2026-05-11,Counselling,61.0
A002489,P0062,2026-06-17,Counselling,56.0
A002490,P0048,2025-07-04,Counselling,38.0
A002491,P0060,2025-12-28,Workshop,48.0
A002492,P0033,2026-04-04,Community Activity,27.0
A002493,P0037,2026-02-16,Training,79.0
A002494,P0040,2026-01-21,Community Activity,29.0
A002495,P0053,2026-06-14,Counselling,70.0
A002496,P0029,2025-06-25,Community Activity,26.0
A002497,P0037,2025-10-01,Community Activity,45.0
A002498,P0061,2025-06-17,Workshop,70.0
A002499,P0031,2025-04-14,Training,30.0
A002500,P0050,2026-02-12,Awareness Session,64.0
A002501,P0030,2025-07-20,Community Activity,35.0
A002502,P0018,2025-06-08,Counselling,37.0
A002503,P0005,2025-09-02,Counselling,18.0
A002504,P0018,2026-01-28,Workshop,28.0
A002505,P0065,2026-02-18,Community Activity,47.0
A002506,P0062,2025-06-26,Workshop,59.0
A002507,P0052,2025-06-13,Community Activity,73.0
A002508,P0048,2025-11-09,Counselling,61.0
A002509,P0021,2025-08-23,Community Activity,70.0
A002510,P0005,2025-07-16,Awareness Session,16.0
A002511,P0006,2025-11-17,Workshop,61.0
A002512,P0021,2025-04-27,Workshop,47.0
A002513,P0001,2025-07-13,Counselling,65.0
A002514,P0038,2026-02-01,Workshop,33.0
A002515,P0005,2026-06-17,Counselling,58.0
A002516,P0062,2025-05-29,Counselling,34.0
A002517,P0010,2025-06-18,Training,42.0
A002518,P0048,2025-08-30,Workshop,70.0
A002519,P0067,2026-06-12,Counselling,53.0
A002520,P0060,2025-07-08,Workshop,57.0
A002521,P0042,2025-08-19,Community Activity,77.0
A002522,P0053,2026-05-03,Assessment,69.0
A002523,P0027,2025-06-09,Assessment,22.0
A002524,P0022,2025-05-22,Assessment,31.0
A002525,P0043,2025-07-05,Training,21.0
A002526,P0038,2025-10-30,Training,14.0
A002527,P0032,2026-01-02,Assessment,59.0
A002528,P0057,2025-09-05,Awareness Session,72.0
A002529,P0027,2025-05-24,Community Activity,15.0
A002530,P0023,2025-10-31,Workshop,64.0
A002531,P0064,2026-05-08,Training,69.0
A002532,P0015,2026-04-14,Counselling,36.0
A002533,P0058,2025-10-04,Community Activity,
A002534,P0037,2026-01-28,Workshop,74.0
A002535,P0048,2025-10-11,Counselling,30.0
A002536,P0006,2025-12-13,Awareness Session,9.0
A002537,P0003,2025-06-27,Training,28.0
A002538,P0063,2025-09-27,Counselling,6.0
A002539,P0045,2026-01-02,Assessment,50.0
A002540,P0036,2025-10-05,Training,30.0
A002541,P0031,2026-03-26,Counselling,35.0
A002542,P0004,2025-08-02,Training,35.0
A002543,P0021,2025-09-23,Counselling,24.0
A002544,P0065,2025-06-13,Assessment,31.0
A002545,P0015,2025-08-18,Community Activity,66.0
A002546,P0020,2025-07-25,Assessment,23.0
A002547,P0042,2026-06-13,Counselling,32.0
A002548,P0006,2025-12-15,Counselling,60.0
A002549,P0051,2026-04-09,Training,50.0
A002550,P0037,2025-06-05,Counselling,18.0
A002551,P0003,2025-08-12,Assessment,74.0
A002552,P0003,2025-12-10,Counselling,80.0
A002553,P0032,2026-05-11,Training,11.0
A002554,P0036,2026-02-17,Training,23.0
A002555,P0002,2025-12-06,Community Activity,62.0
A002556,P0035,2025-06-12,Counselling,39.0
A002557,P0041,2026-01-02,Awareness Session,35.0
A002558,P0025,2026-05-26,Workshop,42.0
A002559,P0040,2025-09-08,Assessment,76.0
A002560,P0058,2025-07-25,Training,50.0
A002561,P0037,2025-12-13,Training,78.0
A002562,P0017,2025-07-31,Awareness Session,59.0
A002563,P0057,2026-02-15,Awareness Session,42.0
A002564,P0055,2026-03-31,Training,24.0
A002565,P0046,2026-02-21,Counselling,41.0
A002566,P0048,2026-05-26,Counselling,31.0
A002567,P0007,2025-05-10,Assessment,32.0
A002568,P0022,2026-02-13,Workshop,6.0
A002569,P0063,2025-05-22,Awareness Session,60.0
A002570,P0045,2025-09-07,Training,28.0
A002571,P0033,2026-05-16,Community Activity,63.0
A002572,P0041,2026-01-23,Community Activity,35.0
A002573,P0057,2025-11-24,Assessment,6.0
A002574,P0062,2026-06-10,Assessment,41.0
A002575,P0008,2025-04-29,Workshop,65.0
A002576,P0006,2026-01-27,Awareness Session,36.0
A002577,P0007,2025-06-05,Counselling,75.0
A002578,P0046,2026-01-27,Counselling,67.0
A002579,P0011,2026-05-14,Awareness Session,14.0
A002580,P0026,2025-07-08,Assessment,55.0
A002581,P0058,2026-06-23,Assessment,8.0
A002582,P0009,2026-06-15,Assessment,40.0
A002583,P0001,2025-04-28,Training,35.0
A002584,P0062,2026-05-07,Counselling,66.0
A002585,P0060,2025-11-24,Training,20.0
A002586,P0029,2025-10-08,Workshop,60.0
A002587,P0042,2026-05-07,Community Activity,13.0
A002588,P0035,2026-01-05,Counselling,54.0
A002589,P0019,2026-06-09,Awareness Session,5.0
A002590,P0015,2025-04-29,Assessment,50.0
A002591,P0055,2025-12-31,Workshop,11.0
A002592,P0031,2025-09-06,Awareness Session,50.0
A002593,P0040,2026-03-17,Training,31.0
A002594,P0053,2025-06-25,Training,22.0
A002595,P0048,2025-09-04,Assessment,74.0
A002596,P0023,2026-01-01,Awareness Session,28.0
A002597,P0026,2026-06-24,Counselling,30.0
A002598,P0030,2025-06-07,Assessment,12.0
A002599,P0044,2025-09-21,Counselling,44.0
A002600,P0054,2025-12-31,Community Activity,75.0
A002601,P0064,2025-08-13,Community Activity,38.0
A002602,P0028,2025-09-17,Workshop,63.0
A002603,P0041,2026-05-05,Assessment,80.0
A002604,P0022,2025-09-27,Awareness Session,19.0
A002605,P0037,2026-01-14,Counselling,16.0
A002606,P0065,2026-01-20,Assessment,10.0
A002607,P0042,2026-01-24,Counselling,45.0
A002608,P0064,2025-07-16,Workshop,32.0
A002609,P0065,2025-10-29,Workshop,29.0
A002610,P0017,2025-08-03,Workshop,9.0
A002611,P0005,2026-06-04,Awareness Session,28.0
A002612,P0029,2025-12-05,Workshop,33.0
A002613,P0027,2026-04-23,Workshop,33.0
A002614,P0047,2025-12-27,Community Activity,16.0
A002615,P0040,2025-05-13,Assessment,12.0
A002616,P0001,2026-01-11,Community Activity,55.0
A002617,P0007,2026-01-20,Training,51.0
A002618,P0029,2025-07-16,Assessment,50.0
A002619,P0031,2026-01-24,Awareness Session,6.0
A002620,P0049,2025-04-14,Awareness Session,52.0
A002621,P0042,2025-10-15,Community Activity,54.0
A002622,P0016,2025-06-25,Workshop,35.0
A002623,P0015,2026-03-30,Awareness Session,70.0
A002624,P0032,2025-12-30,Counselling,53.0
A002625,P0012,2026-01-27,Counselling,45.0
A002626,P0014,2026-03-01,Counselling,16.0
A002627,P0011,2025-04-21,Assessment,7.0
A002628,P0019,2025-11-14,Training,71.0
A002629,P0007,2026-02-26,Training,29.0
A002630,P0016,2025-10-06,Community Activity,28.0
A002631,P0008,2025-10-20,Training,44.0
A002632,P0014,2026-03-17,Assessment,35.0
A002633,P0017,2025-06-04,Assessment,7.0
A002634,P0050,2026-05-14,Counselling,14.0
A002635,P0036,2025-11-03,Workshop,68.0
A002636,P0062,2025-06-10,Community Activity,26.0
A002637,P0012,2026-01-13,Assessment,21.0
A002638,P0039,2026-06-06,Awareness Session,45.0
A002639,P0019,2025-07-16,Community Activity,56.0
A002640,P0039,2025-05-05,Workshop,8.0
A002641,P0048,2025-06-29,Community Activity,56.0
A002642,P0043,2025-10-21,Awareness Session,22.0
A002643,P0055,2026-02-28,Awareness Session,55.0
A002644,P0010,2025-12-20,Awareness Session,9.0
A002645,P0018,2026-01-03,Training,59.0
A002646,P0052,2025-10-21,Workshop,80.0
A002647,P0048,2026-05-21,Assessment,46.0
A002648,P0013,2025-05-16,Training,38.0
A002649,P0050,2026-05-02,Assessment,45.0
A002650,P0060,2026-01-14,Assessment,73.0
A002651,P0002,2025-12-01,Workshop,7.0
A002652,P0057,2025-12-13,Community Activity,36.0
A002653,P0051,2025-07-01,Training,48.0
A002654,P0061,2025-06-06,Counselling,64.0
A002655,P0035,2026-04-04,Awareness Session,69.0
A002656,P0067,2025-06-19,Counselling,6.0
A002657,P0057,2026-06-08,Awareness Session,49.0
A002658,P0030,2025-08-04,Awareness Session,12.0
A002659,P0011,2026-05-21,Counselling,62.0
A002660,P0023,2025-04-10,Assessment,55.0
A002661,P0049,2026-04-20,Community Activity,60.0
A002662,P0038,2026-06-05,Training,71.0
A002663,P0036,2025-12-19,Awareness Session,28.0
A002664,P0009,2026-04-01,Community Activity,27.0
A002665,P0020,2026-06-20,Training,26.0
A002666,P0036,2025-09-27,Workshop,70.0
A002667,P0051,2025-07-23,Training,17.0
A002668,P0019,2025-06-07,Workshop,13.0
A002669,P0024,2025-08-10,Awareness Session,27.0
A002670,P0037,2026-02-07,Assessment,29.0
A002671,P0016,2026-03-11,Assessment,51.0
A002672,P0030,2025-04-05,Community Activity,63.0
A002673,P0011,2025-10-16,Assessment,56.0
A002674,P0041,2026-02-05,Community Activity,45.0
A002675,P0029,2025-06-06,Workshop,21.0
A002676,P0039,2026-06-15,Training,44.0
A002677,P0042,2026-03-21,Awareness Session,32.0
A002678,P0024,2025-06-14,Assessment,45.0
A002679,P0040,2025-06-15,Awareness Session,77.0
A002680,P0009,2025-12-03,Awareness Session,10.0
A002681,P0042,2025-05-09,Awareness Session,26.0
A002682,P0056,2025-06-19,Workshop,5.0
A002683,P0026,2026-03-27,Training,31.0
A002684,P0010,2026-06-01,Assessment,19.0
A002685,P0030,2025-10-16,Training,48.0
A002686,P0044,2025-04-10,Assessment,35.0
A002687,P0038,2026-04-14,Workshop,73.0
A002688,P0028,2026-03-04,Counselling,64.0
A002689,P0019,2025-04-29,Workshop,48.0
A002690,P0043,2025-12-12,Training,45.0
A002691,P0018,2025-12-11,Assessment,60.0
A002692,P0012,2025-09-01,Training,67.0
A002693,P0026,2025-04-30,Community Activity,33.0
A002694,P0042,2025-07-18,Training,18.0
A002695,P0018,2025-06-04,Workshop,11.0
A002696,P0039,2026-05-27,Training,7.0
A002697,P0065,2025-04-15,Workshop,78.0
A002698,P0008,2026-03-11,Training,57.0
A002699,P0039,2025-04-19,Counselling,29.0
A002700,P0030,2025-04-28,Community Activity,36.0
A002701,P0029,2026-03-19,Community Activity,59.0
A002702,P0065,2025-12-05,Awareness Session,20.0
A002703,P0051,2025-12-27,Counselling,80.0
A002704,P0060,2025-07-30,Assessment,23.0
A002705,P0002,2026-02-28,Workshop,76.0
A002706,P0047,2025-05-31,Awareness Session,46.0
A002707,P0062,2025-05-08,Training,6.0
A002708,P0052,2026-03-21,Community Activity,10.0
A002709,P0038,2026-01-13,Workshop,30.0
A002710,P0058,2025-10-23,Assessment,72.0
A002711,P0039,2026-02-27,Counselling,46.0
A002712,P0036,2026-01-22,Community Activity,54.0
A002713,P0063,2025-10-30,Training,38.0
A002714,P0032,2025-10-21,Assessment,67.0
A002715,P0057,2026-05-04,Workshop,8.0
A002716,P0027,2025-11-02,Assessment,37.0
A002717,P0010,2025-10-29,Awareness Session,62.0
A002718,P0039,2026-02-13,Awareness Session,58.0
A002719,P0061,2025-04-01,Training,29.0
A002720,P0055,2026-06-01,Assessment,30.0
A002721,P0050,2026-05-03,Training,77.0
A002722,P0056,2025-08-08,Workshop,37.0
A002723,P0037,2025-04-08,Assessment,75.0
A002724,P0059,2025-04-11,Workshop,70.0
A002725,P0016,2025-04-20,Workshop,70.0
A002726,P0064,2025-05-14,Community Activity,32.0
A002727,P0001,2026-02-09,Assessment,27.0
A002728,P0039,2025-04-17,Workshop,8.0
A002729,P0042,2025-12-01,Awareness Session,47.0
A002730,P0059,2026-05-01,Training,13.0
A002731,P0045,2025-10-29,Training,37.0
A002732,P0001,2026-02-24,Training,17.0
A002733,P0029,2026-01-02,Training,75.0
A002734,P0034,2025-10-12,Awareness Session,11.0
A002735,P0030,2025-08-10,Assessment,54.0
A002736,P0065,2025-11-02,Assessment,44.0
A002737,P0037,2025-09-29,Workshop,57.0
A002738,P0032,2025-11-15,Workshop,42.0
A002739,P0061,2025-09-02,Awareness Session,39.0
A002740,P0012,2025-07-21,Counselling,49.0
A002741,P0045,2025-11-09,Assessment,8.0
A002742,P0004,2025-12-09,Workshop,63.0
A002743,P0040,2025-10-19,Awareness Session,54.0
A002744,P0026,2026-02-18,Community Activity,68.0
A002745,P0016,2025-06-18,Community Activity,24.0
A002746,P0054,2025-09-09,Assessment,12.0
A002747,P0010,2026-04-20,Awareness Session,43.0
A002748,P0022,2025-05-29,Assessment,71.0
A002749,P0005,2026-06-10,Awareness Session,76.0
A002750,P0064,2026-01-26,Training,18.0
A002751,P0024,2025-12-30,Community Activity,25.0
A002752,P0014,2026-02-23,Counselling,41.0
A002753,P0028,2026-04-02,Counselling,71.0
A002754,P0009,2025-12-11,Assessment,77.0
A002755,P0028,2026-01-31,Awareness Session,30.0
A002756,P0039,2026-01-15,Community Activity,36.0
A002757,P0006,2025-05-24,Assessment,7.0
A002758,P0062,2025-09-29,Awareness Session,60.0
A002759,P0050,2026-02-02,Training,28.0
A002760,P0046,2025-11-29,Assessment,80.0
A002761,P0026,2026-05-19,Awareness Session,64.0
A002762,P0009,2026-04-23,Awareness Session,20.0
A002763,P0014,2025-05-23,Counselling,29.0
A002764,P0011,2025-08-30,Workshop,68.0
A002765,P0033,2026-01-31,Workshop,43.0
A002766,P0040,2025-11-24,Workshop,52.0
A002767,P0027,2026-06-03,Community Activity,72.0
A002768,P0040,2026-02-11,Training,52.0
A002769,P0024,2025-06-29,Community Activity,9.0
A002770,P0054,2026-04-26,Awareness Session,78.0
A002771,P0015,2025-11-24,Workshop,65.0
A002772,P0016,2025-05-15,Assessment,56.0
A002773,P0036,2025-06-24,Training,59.0
A002774,P0042,2025-11-23,Assessment,8.0
A002775,P0020,2025-05-04,Training,78.0
A002776,P0018,2025-08-16,Community Activity,69.0
A002777,P0013,2025-08-17,Assessment,71.0
A002778,P0015,2026-06-03,Workshop,44.0
A002779,P0035,2025-05-19,Training,15.0
A002780,P0044,2026-05-29,Awareness Session,74.0
A002781,P0020,2026-06-09,Training,24.0
A002782,P0016,2026-02-21,Workshop,24.0
A002783,P0008,2025-07-08,Counselling,44.0
A002784,P0059,2025-07-28,Awareness Session,38.0
A002785,P0015,2025-11-18,Community Activity,11.0
A002786,P0067,2025-09-03,Workshop,51.0
A002787,P0031,2026-06-20,Training,52.0
A002788,P0022,2025-08-21,Workshop,33.0
A002789,P0013,2025-05-08,Training,51.0
A002790,P0042,2026-03-27,Training,6.0
A002791,P0047,2026-01-30,Awareness Session,8.0
A002792,P0052,2025-08-07,Training,59.0
A002793,P0055,2026-01-31,Counselling,25.0
A002794,P0058,2025-08-20,Workshop,71.0
A002795,P0008,2025-07-20,Workshop,45.0
A002796,P0023,2025-07-25,Training,54.0
A002797,P0030,2026-05-02,Training,30.0
A002798,P0042,2025-04-22,Awareness Session,25.0
A002799,P0005,2026-02-07,Awareness Session,24.0
A002800,P0031,2026-03-07,Training,56.0
A002801,P0042,2026-01-22,Assessment,51.0
A002802,P0041,2026-05-26,Community Activity,75.0
A002803,P0059,2026-03-04,Training,27.0
A002804,P0007,2026-03-27,Community Activity,21.0
A002805,P0062,2025-10-18,Community Activity,35.0
A002806,P0007,2025-11-17,Counselling,76.0
A002807,P0045,2025-04-05,Workshop,45.0
A002808,P0039,2025-05-01,Assessment,12.0
A002809,P0018,2025-06-04,Assessment,27.0
A002810,P0017,2025-06-25,Assessment,32.0
A002811,P0024,2026-02-07,Workshop,75.0
A002812,P0057,2026-05-04,Awareness Session,55.0
A002813,P0016,2025-06-29,Assessment,78.0
A002814,P0065,2026-01-10,Community Activity,57.0
A002815,P0023,2026-06-12,Counselling,45.0
A002816,P0003,2025-09-16,Training,31.0
A002817,P0060,2026-01-15,Assessment,51.0
A002818,P0037,2025-10-30,Workshop,19.0
A002819,P0067,2025-10-21,Workshop,8.0
A002820,P0043,2025-05-05,Community Activity,40.0
A002821,P0022,2026-06-13,Counselling,10.0
A002822,P0053,2025-11-12,Assessment,26.0
A002823,P0045,2025-05-03,Awareness Session,72.0
A002824,P0040,2026-01-23,Workshop,64.0
A002825,P0048,2026-03-09,Workshop,30.0
A002826,P0043,2026-04-27,Counselling,15.0
A002827,P0031,2025-07-11,Community Activity,54.0
A002828,P0015,2025-06-22,Assessment,78.0
A002829,P0023,2026-04-13,Counselling,12.0
A002830,P0009,2025-11-05,Awareness Session,72.0
A002831,P0056,2025-12-06,Workshop,49.0
A002832,P0001,2026-04-18,Training,75.0
A002833,P0038,2025-09-05,Training,49.0
A002834,P0044,2025-07-18,Training,69.0
A002835,P0058,2026-03-06,Counselling,20.0
A002836,P0057,2026-03-14,Awareness Session,50.0
A002837,P0042,2025-06-13,Training,7.0
A002838,P0011,2025-09-17,Workshop,64.0
A002839,P0005,2026-01-06,Assessment,47.0
A002840,P0064,2025-12-26,Counselling,37.0
A002841,P0006,2026-02-15,Awareness Session,75.0
A002842,P0032,2026-05-19,Awareness Session,19.0
A002843,P0031,2025-04-13,Training,76.0
A002844,P0027,2026-03-11,Training,29.0
A002845,P0026,2025-04-12,Workshop,5.0
A002846,P0052,2025-08-30,Awareness Session,68.0
A002847,P0064,2026-02-20,Assessment,78.0
A002848,P0056,2025-06-12,Awareness Session,20.0
A002849,P0047,2025-05-08,Community Activity,60.0
A002850,P0008,2026-03-09,Counselling,16.0
A002851,P0005,2026-02-02,Counselling,12.0
A002852,P0051,2026-02-20,Awareness Session,76.0
A002853,P0021,2025-07-18,Training,70.0
A002854,P0023,2025-05-05,Training,77.0
A002855,P0064,2025-04-28,Training,45.0
A002856,P0056,2025-08-11,Community Activity,64.0
A002857,P0063,2026-01-23,Training,24.0
A002858,P0050,2025-10-29,Training,62.0
A002859,P0010,2026-01-01,Community Activity,56.0
A002860,P0023,2025-11-28,Workshop,54.0
A002861,P0060,2026-01-03,Assessment,32.0
A002862,P0005,2025-09-26,Awareness Session,70.0
A002863,P0007,2026-03-09,Counselling,71.0
A002864,P0053,2025-07-30,Counselling,41.0
A002865,P0017,2025-10-21,Community Activity,68.0
A002866,P0012,2026-06-05,Assessment,33.0
A002867,P0007,2026-03-19,Community Activity,60.0
A002868,P0045,2025-07-27,Awareness Session,11.0
A002869,P0036,2026-05-28,Workshop,48.0
A002870,P0018,2026-04-12,Counselling,63.0
A002871,P0063,2025-09-03,Counselling,46.0
A002872,P0023,2026-06-05,Workshop,79.0
A002873,P0012,2026-04-03,Assessment,22.0
A002874,P0046,2025-11-17,Counselling,49.0
A002875,P0052,2025-12-08,Awareness Session,62.0
A002876,P0066,2025-06-11,Awareness Session,30.0
A002877,P0058,2025-12-02,Counselling,17.0
A002878,P0040,2025-04-21,Training,40.0
A002879,P0023,2026-01-29,Workshop,70.0
A002880,P0034,2026-06-08,Awareness Session,37.0
A002881,P0048,2026-01-30,Workshop,32.0
A002882,P0065,2025-10-07,Assessment,50.0
A002883,P0050,2026-01-16,Counselling,27.0
A002884,P0061,2025-06-19,Counselling,27.0
A002885,P0031,2025-06-11,Training,48.0
A002886,P0010,2025-12-17,Community Activity,43.0
A002887,P0050,2025-06-15,Counselling,57.0
A002888,P0009,2025-11-04,Training,27.0
A002889,P0014,2026-05-26,Counselling,57.0
A002890,P0060,2026-02-23,Training,76.0
A002891,P0037,2025-09-16,Assessment,27.0
A002892,P0008,2026-03-14,Community Activity,53.0
A002893,P0047,2025-08-03,Awareness Session,45.0
A002894,P0033,2025-05-10,Workshop,55.0
A002895,P0038,2025-05-28,Assessment,32.0
A002896,P0056,2025-10-17,Community Activity,19.0
A002897,P0004,2025-12-14,Assessment,25.0
A002898,P0038,2025-09-25,Awareness Session,10.0
A002899,P0058,2025-12-01,Awareness Session,12.0
A002900,P0011,2025-06-25,Counselling,37.0
A002901,P0019,2026-04-18,Assessment,25.0
A002902,P0040,2025-07-20,Training,78.0
A002903,P0064,2025-07-26,Workshop,72.0
A002904,P0066,2025-10-25,Training,13.0
A002905,P0006,2025-05-18,Community Activity,32.0
A002906,P0025,2026-05-13,Training,78.0
A002907,P0058,2025-06-30,Counselling,42.0
A002908,P0039,2026-01-14,Counselling,29.0
A002909,P0061,2026-05-31,Assessment,25.0
A002910,P0008,2026-05-15,Community Activity,24.0
A002911,P0050,2025-11-09,Training,20.0
A002912,P0040,2025-04-16,Training,6.0
A002913,P0032,2025-04-21,Counselling,51.0
A002914,P0056,2026-04-21,Community Activity,40.0
A002915,P0017,2026-06-17,Assessment,41.0
A002916,P0007,2026-04-27,Community Activity,15.0
A002917,P0035,2025-08-13,Assessment,11.0
A002918,P0010,2026-05-10,Workshop,45.0
A002919,P0010,2026-05-07,Community Activity,11.0
A002920,P0006,2025-10-27,Awareness Session,57.0
A002921,P0010,2025-04-01,Counselling,79.0
A002922,P0025,2025-11-05,Counselling,67.0
A002923,P0026,2025-12-20,Training,64.0
A002924,P0008,2026-03-14,Awareness Session,45.0
A002925,P0038,2026-03-24,Training,37.0
A002926,P0064,2026-04-21,Counselling,12.0
A002927,P0058,2026-01-03,Awareness Session,76.0
A002928,P0059,2026-01-01,Counselling,5.0
A002929,P0034,2025-10-23,Community Activity,65.0
A002930,P0032,2026-05-24,Workshop,36.0
A002931,P0044,2026-06-18,Counselling,7.0
A002932,P0011,2025-05-01,Assessment,73.0
A002933,P0033,2025-09-16,Workshop,48.0
A002934,P0003,2026-02-22,Workshop,18.0
A002935,P0026,2026-01-05,Awareness Session,54.0
A002936,P0023,2025-04-15,Awareness Session,28.0
A002937,P0057,2026-03-23,Awareness Session,57.0
A002938,P0038,2025-09-13,Assessment,28.0
A002939,P0066,2025-10-24,Community Activity,13.0
A002940,P0024,2025-12-01,Awareness Session,48.0
A002941,P0048,2026-04-07,Workshop,44.0
A002942,P0053,2026-03-21,Awareness Session,19.0
A002943,P0048,2025-05-08,Awareness Session,34.0
A002944,P0035,2025-10-26,Community Activity,46.0
A002945,P0027,2026-04-11,Awareness Session,17.0
A002946,P0019,2025-07-25,Assessment,64.0
A002947,P0067,2025-10-11,Workshop,25.0
A002948,P0053,2025-04-05,Training,5.0
A002949,P0056,2025-12-14,Workshop,62.0
A002950,P0006,2025-04-02,Training,20.0
A002951,P0025,2026-05-27,Counselling,33.0
A002952,P0029,2025-05-07,Awareness Session,39.0
A002953,P0025,2025-08-16,Workshop,61.0
A002954,P0002,2025-11-05,Counselling,31.0
A002955,P0045,2026-02-22,Awareness Session,64.0
A002956,P0062,2025-06-13,Counselling,62.0
A002957,P0035,2025-07-08,Community Activity,11.0
A002958,P0033,2025-08-30,Training,80.0
A002959,P0027,2025-04-24,Counselling,52.0
A002960,P0018,2026-03-17,Counselling,44.0
A002961,P0041,2025-12-16,Training,14.0
A002962,P0019,2025-05-10,Counselling,26.0
A002963,P0011,2026-05-03,Awareness Session,37.0
A002964,P0016,2026-03-22,Awareness Session,80.0
A002965,P0018,2026-01-07,Community Activity,67.0
A002966,P0034,2026-05-01,Counselling,25.0
A002967,P0061,2025-07-25,Assessment,42.0
A002968,P0012,2026-04-07,Counselling,53.0
A002969,P0026,2025-04-27,Awareness Session,36.0
A002970,P0030,2025-08-12,Community Activity,74.0
A002971,P0063,2025-04-27,Counselling,37.0
A002972,P0054,2025-12-26,Counselling,34.0
A002973,P0011,2025-07-17,Awareness Session,31.0
A002974,P0032,2026-01-03,Counselling,30.0
A002975,P0058,2026-06-07,Workshop,60.0
A002976,P0044,2025-04-20,Community Activity,67.0
A002977,P0048,2026-04-22,Counselling,63.0
A002978,P0059,2025-08-06,Assessment,32.0
A002979,P0015,2026-03-02,Training,8.0
A002980,P0046,2025-09-24,Awareness Session,79.0
A002981,P0002,2026-03-18,Training,25.0
A002982,P0049,2025-11-12,Training,77.0
A002983,P0005,2026-01-06,Awareness Session,16.0
A002984,P0025,2026-01-08,Training,5.0
A002985,P0048,2025-11-05,Workshop,57.0
A002986,P0049,2026-04-21,Community Activity,60.0
A002987,P0053,2025-04-22,Assessment,16.0
A002988,P0065,2025-06-05,Awareness Session,74.0
A002989,P0038,2026-01-29,Community Activity,58.0
A002990,P0050,2025-09-28,Counselling,32.0
A002991,P0003,2025-07-28,Awareness Session,78.0
A002992,P0004,2026-04-20,Awareness Session,60.0
A002993,P0030,2026-06-12,Awareness Session,46.0
A002994,P0001,2025-05-09,Assessment,65.0
A002995,P0022,2025-04-10,Assessment,28.0
A002996,P0017,2025-12-04,Counselling,76.0
A002997,P0032,2025-12-24,Community Activity,30.0
A002998,P0053,2026-05-26,Workshop,51.0
A002999,P0051,2026-01-27,Awareness Session,26.0
A003000,P0015,2025-12-29,Assessment,52.0
A003001,P0063,2026-04-22,Counselling,44.0
A003002,P0015,2026-03-07,Workshop,16.0
A003003,P0016,2026-02-26,Awareness Session,68.0
A003004,P0002,2025-10-04,Counselling,13.0
A003005,P0026,2025-11-26,Counselling,41.0
A003006,P0053,2025-09-02,Community Activity,22.0
A003007,P0033,2025-04-15,Counselling,44.0
A003008,P0039,2025-11-15,Assessment,39.0
A003009,P0046,2026-06-03,Training,24.0
A003010,P0008,2025-05-11,Awareness Session,65.0
A003011,P0022,2025-10-12,Training,16.0
A003012,P0016,2026-04-24,Workshop,65.0
A003013,P0033,2026-05-23,Community Activity,63.0
A003014,P0059,2026-06-21,Community Activity,48.0
A003015,P0053,2026-03-20,Community Activity,41.0
A003016,P0005,2026-03-07,Assessment,43.0
A003017,P0056,2025-08-19,Workshop,59.0
A003018,P0022,2025-06-28,Assessment,34.0
A003019,P0003,2025-12-26,Awareness Session,71.0
A003020,P0062,2025-12-09,Community Activity,76.0
A003021,P0054,2026-02-11,Assessment,57.0
A003022,P0003,2025-12-04,Training,46.0
A003023,P0012,2025-11-23,Counselling,32.0
A003024,P0065,2026-04-22,Assessment,59.0
A003025,P0064,2026-04-22,Awareness Session,69.0
A003026,P0023,2025-05-15,Counselling,19.0
A003027,P0052,2025-04-18,Awareness Session,16.0
A003028,P0008,2025-09-07,Training,65.0
A003029,P0046,2025-07-09,Awareness Session,23.0
A003030,P0013,2026-01-25,Community Activity,49.0
A003031,P0024,2026-03-15,Training,42.0
A003032,P0043,2026-03-25,Community Activity,71.0
A003033,P0053,2026-01-18,Counselling,71.0
A003034,P0003,2025-07-08,Counselling,49.0
A003035,P0028,2026-01-08,Counselling,16.0
A003036,P0039,2026-01-21,Awareness Session,76.0
A003037,P0019,2025-08-30,Counselling,54.0
A003038,P0006,2026-06-14,Workshop,18.0
A003039,P0030,2026-05-25,Awareness Session,27.0
A003040,P0059,2025-11-18,Awareness Session,38.0
A003041,P0005,2025-08-12,Training,47.0
A003042,P0042,2025-10-23,Assessment,39.0
A003043,P0060,2025-04-17,Counselling,57.0
A003044,P0002,2026-06-19,Training,18.0
A003045,P0055,2025-09-02,Awareness Session,71.0
A003046,P0023,2025-11-20,Counselling,70.0
A003047,P0056,2025-05-14,Counselling,59.0
A003048,P0005,2025-08-04,Assessment,46.0
A003049,P0043,2025-10-15,Assessment,30.0
A003050,P0060,2026-04-22,Training,76.0
A003051,P0014,2026-01-20,Awareness Session,31.0
A003052,P0034,2026-05-24,Community Activity,42.0
A003053,P0026,2025-10-11,Community Activity,23.0
A003054,P0043,2026-03-05,Awareness Session,62.0
A003055,P0041,2025-11-20,Community Activity,10.0
A003056,P0010,2025-08-23,Assessment,48.0
A003057,P0037,2025-12-21,Community Activity,5.0
A003058,P0020,2025-08-15,Workshop,34.0
A003059,P0040,2025-05-05,Awareness Session,55.0
A003060,P0002,2025-12-21,Counselling,67.0
A003061,P0011,2025-04-12,Assessment,33.0
A003062,P0034,2026-02-17,Training,20.0
A003063,P0040,2025-07-10,Training,50.0
A003064,P0014,2025-10-30,Community Activity,28.0
A003065,P0013,2026-06-15,Awareness Session,47.0
A003066,P0042,2025-11-06,Workshop,40.0
A003067,P0013,2025-11-12,Workshop,19.0
A003068,P0008,2026-06-01,Training,50.0
A003069,P0027,2026-05-11,Workshop,42.0
A003070,P0063,2025-11-15,Training,25.0
A003071,P0060,2026-06-18,Counselling,5.0
A003072,P0040,2025-09-05,Counselling,29.0
A003073,P0030,2025-05-01,Community Activity,55.0
A003074,P0060,2026-03-02,Community Activity,22.0
A003075,P0048,2025-11-13,Workshop,8.0
A003076,P0055,2025-06-04,Awareness Session,49.0
A003077,P0016,2025-06-12,Awareness Session,27.0
A003078,P0001,2025-10-10,Awareness Session,29.0
A003079,P0017,2025-11-01,Assessment,34.0
A003080,P0019,2025-09-12,Counselling,50.0
A003081,P0059,2025-10-27,Assessment,32.0
A003082,P0020,2025-12-16,Assessment,42.0
A003083,P0011,2025-12-22,Awareness Session,38.0
A003084,P0032,2026-01-08,Assessment,80.0
A003085,P0013,2025-07-20,Awareness Session,62.0
A003086,P0022,2025-12-14,Awareness Session,48.0
A003087,P0052,2025-05-25,Community Activity,40.0
A003088,P0047,2025-06-07,Workshop,37.0
A003089,P0051,2026-05-29,Counselling,71.0
A003090,P0056,2026-03-19,Awareness Session,61.0
A003091,P0029,2025-08-14,Assessment,13.0
A003092,P0036,2025-12-27,Workshop,6.0
A003093,P0025,2025-05-31,Awareness Session,18.0
A003094,P0013,2025-08-13,Workshop,50.0
A003095,P0067,2026-04-16,Training,28.0
A003096,P0046,2025-11-24,Community Activity,45.0
A003097,P0040,2026-03-31,Awareness Session,33.0
A003098,P0039,2025-08-30,Counselling,52.0
A003099,P0028,2025-04-20,Workshop,30.0
A003100,P0001,2025-05-25,Community Activity,27.0
A003101,P0042,2025-04-05,Counselling,34.0
A003102,P0007,2025-04-07,Community Activity,64.0
A003103,P0013,2025-08-08,Workshop,65.0
A003104,P0011,2025-12-06,Counselling,60.0
A003105,P0007,2025-10-19,Community Activity,9.0
A003106,P0058,2025-06-16,Assessment,10.0
A003107,P0053,2025-04-21,Assessment,69.0
A003108,P0025,2025-04-03,Assessment,24.0
A003109,P0010,2025-09-28,Awareness Session,31.0
A003110,P0001,2026-05-03,Training,37.0
A003111,P0062,2025-08-03,Counselling,79.0
A003112,P0042,2025-05-23,Community Activity,69.0
A003113,P0038,2026-03-02,Awareness Session,18.0
A003114,P0050,2026-02-13,Training,7.0
A003115,P0022,2026-06-12,Training,19.0
A003116,P0067,2025-06-11,Training,33.0
A003117,P0060,2026-01-05,Community Activity,58.0
A003118,P0005,2026-06-08,Awareness Session,52.0
A003119,P0067,2026-04-25,Assessment,
A003120,P0038,2026-01-07,Community Activity,22.0
A003121,P0028,2026-05-23,Assessment,14.0
A003122,P0018,2025-05-14,Community Activity,67.0
A003123,P0045,2025-11-12,Workshop,
A003124,P0017,2026-03-28,Training,14.0
A003125,P0061,2025-07-07,Assessment,76.0
A003126,P0003,2025-10-22,Awareness Session,47.0
A003127,P0017,2025-06-06,Counselling,60.0
A003128,P0048,2025-04-05,Assessment,43.0
A003129,P0004,2025-11-02,Counselling,65.0
A003130,P0008,2026-01-20,Awareness Session,45.0
A003131,P0031,2026-04-03,Training,17.0
A003132,P0033,2025-05-23,Counselling,61.0
A003133,P0002,2025-12-20,Community Activity,8.0
A003134,P0053,2025-10-13,Counselling,38.0
A003135,P0004,2026-05-25,Awareness Session,22.0
A003136,P0049,2025-06-09,Training,26.0
A003137,P0033,2025-07-04,Assessment,79.0
A003138,P0026,2026-02-19,Assessment,77.0
A003139,P0051,2026-03-30,Community Activity,45.0
A003140,P0026,2025-08-12,Training,26.0
A003141,P0001,2025-08-08,Training,45.0
A003142,P0012,2025-12-13,Community Activity,14.0
A003143,P0040,2026-02-12,Awareness Session,66.0
A003144,P0056,2025-04-29,Assessment,27.0
A003145,P0029,2025-06-26,Community Activity,7.0
A003146,P0017,2025-11-24,Assessment,75.0
A003147,P0010,2025-11-21,Community Activity,76.0
A003148,P0004,2026-05-07,Workshop,65.0
A003149,P0002,2025-12-15,Community Activity,48.0
A003150,P0028,2025-07-24,Community Activity,69.0
A003151,P0039,2026-04-12,Counselling,64.0
A003152,P0006,2025-10-25,Workshop,29.0
A003153,P0018,2026-01-12,Awareness Session,30.0
A003154,P0032,2025-04-22,Workshop,39.0
A003155,P0065,2026-04-14,Training,32.0
A003156,P0006,2025-04-08,Community Activity,79.0
A003157,P0052,2025-04-22,Community Activity,16.0
A003158,P0024,2025-06-16,Community Activity,47.0
A003159,P0034,2026-01-10,Counselling,29.0
A003160,P0040,2025-06-19,Community Activity,33.0
A003161,P0047,2025-08-16,Counselling,58.0
A003162,P0037,2026-06-04,Awareness Session,56.0
A003163,P0045,2026-01-15,Awareness Session,5.0
A003164,P0031,2026-06-14,Counselling,44.0
A003165,P0058,2026-06-17,Awareness Session,55.0
A003166,P0001,2026-01-14,Counselling,29.0
A003167,P0052,2025-06-17,Counselling,21.0
A003168,P0047,2025-11-10,Assessment,11.0
A003169,P0061,2026-05-12,Training,62.0
A003170,P0066,2026-05-04,Counselling,74.0
A003171,P0001,2026-04-15,Workshop,76.0
A003172,P0025,2026-01-06,Community Activity,33.0
A003173,P0059,2025-07-30,Counselling,48.0
A003174,P0003,2025-04-26,Community Activity,77.0
A003175,P0058,2025-08-18,Community Activity,56.0
A003176,P0044,2025-10-09,Assessment,35.0
A003177,P0033,2025-04-19,Community Activity,50.0
A003178,P0025,2025-05-19,Counselling,56.0
A003179,P0005,2025-11-25,Counselling,50.0
A003180,P0050,2025-11-18,Assessment,33.0
A003181,P0011,2026-05-08,Training,76.0
A003182,P0057,2026-03-18,Community Activity,73.0
A003183,P0048,2025-11-05,Awareness Session,64.0
A003184,P0002,2026-01-04,Assessment,7.0
A003185,P0021,2025-05-26,Community Activity,73.0
A003186,P0009,2025-10-08,Awareness Session,76.0
A003187,P0029,2025-12-01,Community Activity,56.0
A003188,P0025,2025-05-22,Awareness Session,41.0
A003189,P0044,2026-06-22,Workshop,80.0
A003190,P0040,2026-05-07,Community Activity,22.0
A003191,P0057,2026-03-21,Counselling,75.0
A003192,P0062,2026-06-08,Community Activity,51.0
A003193,P0027,2025-08-19,Awareness Session,76.0
A003194,P0019,2026-02-16,Awareness Session,33.0
A003195,P0066,2026-05-25,Awareness Session,22.0
A003196,P0058,2026-05-11,Community Activity,73.0
A003197,P0045,2025-08-05,Workshop,65.0
A003198,P0031,2026-03-06,Community Activity,65.0
A003199,P0015,2025-08-13,Assessment,9.0
A003200,P0063,2025-08-18,Awareness Session,45.0
A003201,P0048,2025-06-18,Training,29.0
A003202,P0036,2026-03-15,Community Activity,69.0
A003203,P0027,2025-11-26,Workshop,79.0
A003204,P0011,2025-08-14,Training,45.0
A003205,P0011,2026-05-12,Assessment,55.0
A003206,P0013,2025-07-25,Training,77.0
A003207,P0048,2025-08-19,Counselling,53.0
A003208,P0009,2026-03-19,Training,51.0
A003209,P0049,2026-04-24,Training,9.0
A003210,P0017,2025-06-22,Training,28.0
A003211,P0037,2025-12-19,Workshop,74.0
A003212,P0065,2025-06-07,Assessment,64.0
A003213,P0002,2026-04-13,Counselling,79.0
A003214,P0019,2026-03-23,Assessment,34.0
A003215,P0030,2026-04-28,Training,16.0
A003216,P0004,2025-04-19,Training,19.0
A003217,P0017,2026-03-11,Community Activity,18.0
A003218,P0008,2025-10-10,Training,12.0
A003219,P0017,2025-11-21,Community Activity,52.0
A003220,P0018,2026-02-18,Awareness Session,17.0
A003221,P0032,2025-10-28,Assessment,32.0
A003222,P0014,2025-09-27,Counselling,53.0
A003223,P0066,2025-04-28,Training,30.0
A003224,P0062,2025-04-06,Counselling,60.0
A003225,P0040,2026-01-25,Workshop,45.0
A003226,P0043,2026-01-08,Awareness Session,44.0
A003227,P0062,2026-04-03,Assessment,27.0
A003228,P0004,2025-05-16,Assessment,65.0
A003229,P0058,2025-04-04,Community Activity,19.0
A003230,P0026,2026-03-09,Counselling,5.0
A003231,P0039,2026-05-19,Training,53.0
A003232,P0024,2025-05-15,Awareness Session,77.0
A003233,P0025,2026-02-08,Counselling,70.0
A003234,P0020,2025-06-01,Community Activity,54.0
A003235,P0042,2025-05-24,Workshop,18.0
A003236,P0006,2026-01-05,Counselling,77.0
A003237,P0043,2025-06-14,Community Activity,30.0
A003238,P0027,2026-05-19,Training,7.0
A003239,P0049,2025-08-01,Counselling,22.0
A003240,P0054,2025-11-04,Assessment,35.0
A003241,P0045,2026-03-02,Training,38.0
A003242,P0046,2025-11-21,Counselling,46.0
A003243,P0049,2026-06-15,Counselling,73.0
A003244,P0043,2025-09-28,Counselling,67.0
A003245,P0017,2025-08-04,Assessment,36.0
A003246,P0064,2026-03-11,Assessment,31.0
A003247,P0034,2025-10-29,Counselling,7.0
A003248,P0003,2025-08-16,Community Activity,5.0
A003249,P0066,2025-11-17,Awareness Session,72.0
A003250,P0049,2025-07-19,Workshop,62.0
A003251,P0036,2026-04-20,Awareness Session,59.0
A003252,P0031,2026-01-25,Community Activity,72.0
A003253,P0017,2025-05-29,Workshop,24.0
A003254,P0050,2025-12-23,Counselling,16.0
A003255,P0032,2025-10-21,Training,68.0
A003256,P0067,2025-08-26,Community Activity,77.0
A003257,P0038,2026-02-26,Assessment,38.0
A003258,P0048,2025-10-05,Awareness Session,44.0
A003259,P0054,2026-04-19,Assessment,50.0
A003260,P0045,2025-09-19,Community Activity,34.0
A003261,P0010,2025-08-22,Assessment,51.0
A003262,P0002,2026-03-01,Assessment,50.0
A003263,P0019,2025-10-07,Workshop,26.0
A003264,P0059,2026-04-15,Training,11.0
A003265,P0023,2025-10-01,Counselling,40.0
A003266,P0057,2025-08-09,Awareness Session,13.0
A003267,P0029,2026-04-21,Training,47.0
A003268,P0016,2025-09-19,Community Activity,8.0
A003269,P0017,2025-08-03,Assessment,42.0
A003270,P0035,2025-06-22,Workshop,32.0
A003271,P0049,2026-03-18,Assessment,73.0
A003272,P0037,2025-06-26,Workshop,6.0
A003273,P0019,2026-06-02,Assessment,15.0
A003274,P0003,2025-04-24,Training,34.0
A003275,P0051,2025-04-13,Awareness Session,48.0
A003276,P0025,2025-04-01,Awareness Session,19.0
A003277,P0051,2025-05-09,Community Activity,44.0
A003278,P0043,2026-04-24,Workshop,58.0
A003279,P0009,2025-07-16,Assessment,5.0
A003280,P0052,2025-08-19,Counselling,56.0
A003281,P0044,2025-12-20,Counselling,32.0
A003282,P0012,2025-09-26,Assessment,76.0
A003283,P0014,2026-01-30,Community Activity,26.0
A003284,P0039,2026-06-07,Awareness Session,64.0
A003285,P0002,2025-09-23,Awareness Session,29.0
A003286,P0062,2026-01-21,Awareness Session,13.0
A003287,P0053,2025-04-30,Assessment,12.0
A003288,P0028,2025-09-19,Assessment,47.0
A003289,P0051,2025-05-23,Awareness Session,57.0
A003290,P0024,2025-09-11,Assessment,26.0
A003291,P0051,2025-06-23,Awareness Session,61.0
A003292,P0014,2025-06-08,Assessment,6.0
A003293,P0019,2026-01-11,Assessment,74.0
A003294,P0038,2025-09-13,Training,15.0
A003295,P0023,2025-08-13,Assessment,59.0
A003296,P0046,2025-06-14,Training,23.0
A003297,P0016,2025-12-07,Assessment,55.0
A003298,P0017,2025-10-20,Community Activity,46.0
A003299,P0030,2025-10-29,Counselling,28.0
A003300,P0008,2026-01-14,Assessment,14.0
A003301,P0038,2026-03-01,Counselling,49.0
A003302,P0060,2026-02-18,Community Activity,22.0
A003303,P0011,2026-02-01,Assessment,29.0
A003304,P0053,2026-04-29,Training,44.0
A003305,P0039,2026-05-27,Assessment,67.0
A003306,P0029,2026-05-29,Workshop,67.0
A003307,P0049,2025-04-03,Workshop,67.0
A003308,P0062,2025-08-30,Workshop,68.0
A003309,P0065,2025-08-08,Counselling,13.0
A003310,P0029,2025-04-23,Counselling,39.0
A003311,P0031,2025-05-21,Community Activity,32.0
A003312,P0006,2026-02-09,Community Activity,17.0
A003313,P0051,2025-05-12,Awareness Session,80.0
A003314,P0014,2026-05-08,Training,25.0
A003315,P0016,2025-08-14,Assessment,60.0
A003316,P0041,2026-01-07,Community Activity,13.0
A003317,P0042,2026-03-04,Workshop,50.0
A003318,P0022,2025-08-06,Counselling,25.0
A003319,P0042,2026-06-02,Assessment,45.0
A003320,P0044,2026-01-29,Community Activity,74.0
A003321,P0060,2025-06-12,Community Activity,67.0
A003322,P0058,2026-03-26,Assessment,33.0
A003323,P0047,2026-05-25,Training,69.0
A003324,P0022,2025-12-21,Community Activity,13.0
A003325,P0021,2025-07-06,Counselling,71.0
A003326,P0037,2026-04-30,Workshop,13.0
A003327,P0030,2025-09-16,Awareness Session,28.0
A003328,P0026,2025-06-01,Community Activity,30.0
A003329,P0008,2025-06-27,Workshop,20.0
A003330,P0051,2026-05-13,Community Activity,75.0
A003331,P0050,2025-05-02,Assessment,21.0
A003332,P0019,2025-05-03,Counselling,38.0
A003333,P0063,2026-03-26,Workshop,23.0
A003334,P0047,2025-06-29,Awareness Session,12.0
A003335,P0026,2025-09-20,Training,53.0
A003336,P0004,2026-05-22,Counselling,27.0
A003337,P0037,2025-04-02,Workshop,20.0
A003338,P0032,2025-10-11,Assessment,62.0
A003339,P0061,2025-10-23,Assessment,18.0
A003340,P0029,2026-01-02,Counselling,65.0
A003341,P0064,2026-03-09,Training,59.0
A003342,P0003,2025-08-28,Counselling,48.0
A003343,P0004,2025-07-09,Awareness Session,55.0
A003344,P0065,2026-02-15,Workshop,29.0
A003345,P0010,2026-01-13,Community Activity,29.0
A003346,P0026,2026-05-18,Community Activity,64.0
A003347,P0040,2025-06-08,Training,29.0
A003348,P0021,2026-05-25,Training,67.0
A003349,P0030,2026-05-14,Counselling,76.0
A003350,P0056,2025-04-22,Assessment,56.0
A003351,P0027,2025-06-08,Training,10.0
A003352,P0050,2025-12-09,Workshop,42.0
A003353,P0067,2026-06-10,Awareness Session,18.0
A003354,P0016,2025-12-01,Workshop,10.0
A003355,P0021,2025-06-06,Training,41.0
A003356,P0043,2026-01-05,Awareness Session,78.0
A003357,P0067,2026-03-14,Assessment,11.0
A003358,P0046,2025-09-22,Counselling,79.0
A003359,P0027,2026-03-07,Counselling,16.0
A003360,P0023,2025-12-23,Awareness Session,13.0
A003361,P0002,2026-04-25,Counselling,51.0
A003362,P0027,2025-09-26,Workshop,9.0
A003363,P0010,2025-07-11,Community Activity,30.0
A003364,P0066,2025-05-31,Awareness Session,51.0
A003365,P0020,2025-06-21,Awareness Session,44.0
A003366,P0049,2025-09-19,Training,65.0
A003367,P0038,2025-04-10,Workshop,76.0
A003368,P0034,2025-12-03,Training,5.0
A003369,P0060,2025-11-27,Community Activity,46.0
A003370,P0005,2025-05-03,Community Activity,36.0
A003371,P0054,2025-10-09,Community Activity,74.0
A003372,P0017,2025-12-27,Awareness Session,62.0
A003373,P0058,2025-09-25,Workshop,36.0
A003374,P0034,2025-07-30,Awareness Session,50.0
A003375,P0033,2025-12-17,Community Activity,73.0
A003376,P0022,2026-04-20,Assessment,25.0
A003377,P0047,2026-01-19,Counselling,18.0
A003378,P0004,2025-07-07,Training,45.0
A003379,P0036,2025-04-12,Assessment,61.0
A003380,P0039,2026-01-11,Workshop,52.0
A003381,P0040,2025-12-23,Awareness Session,54.0
A003382,P0014,2025-06-12,Counselling,28.0
A003383,P0017,2025-05-14,Workshop,75.0
A003384,P0054,2025-09-21,Workshop,63.0
A003385,P0067,2025-06-10,Workshop,69.0
A003386,P0031,2025-10-26,Community Activity,32.0
A003387,P0034,2025-09-27,Counselling,25.0
A003388,P0006,2026-06-21,Counselling,41.0
A003389,P0016,2025-04-26,Workshop,20.0
A003390,P0003,2026-01-08,Community Activity,74.0
A003391,P0040,2026-01-20,Workshop,25.0
A003392,P0050,2026-04-24,Training,58.0
A003393,P0061,2025-10-18,Training,6.0
A003394,P0029,2025-11-01,Counselling,20.0
A003395,P0031,2025-12-08,Counselling,19.0
A003396,P0040,2025-11-08,Training,20.0
A003397,P0043,2025-05-06,Counselling,72.0
A003398,P0014,2025-04-01,Assessment,62.0
A003399,P0031,2025-05-22,Workshop,31.0
A003400,P0026,2025-12-20,Workshop,28.0
A003401,P0024,2025-12-13,Assessment,74.0
A003402,P0065,2026-02-24,Training,38.0
A003403,P0010,2025-12-19,Training,42.0
A003404,P0058,2026-05-27,Assessment,47.0
A003405,P0063,2026-02-09,Assessment,25.0
A003406,P0008,2026-02-10,Counselling,34.0
A003407,P0052,2026-02-17,Awareness Session,45.0
A003408,P0019,2025-12-19,Training,10.0
A003409,P0041,2026-04-16,Training,66.0
A003410,P0046,2025-12-20,Training,41.0
A003411,P0011,2025-05-04,Assessment,19.0
A003412,P0045,2025-09-15,Training,22.0
A003413,P0053,2026-01-23,Training,14.0
A003414,P0017,2025-12-08,Community Activity,71.0
A003415,P0028,2025-07-27,Counselling,66.0
A003416,P0014,2025-11-10,Assessment,72.0
A003417,P0024,2026-05-21,Assessment,15.0
A003418,P0044,2025-06-30,Counselling,68.0
A003419,P0038,2025-04-13,Awareness Session,5.0
A003420,P0023,2026-03-28,Assessment,76.0
A003421,P0048,2026-04-08,Counselling,79.0
A003422,P0055,2025-09-30,Workshop,39.0
A003423,P0032,2026-04-07,Counselling,19.0
A003424,P0008,2025-08-18,Workshop,13.0
A003425,P0021,2025-12-13,Awareness Session,48.0
A003426,P0028,2025-06-24,Counselling,44.0
A003427,P0067,2025-08-01,Assessment,80.0
A003428,P0036,2026-04-26,Assessment,18.0
A003429,P0048,2026-04-29,Workshop,60.0
A003430,P0025,2025-12-10,Counselling,10.0
A003431,P0032,2025-09-12,Awareness Session,23.0
A003432,P0025,2026-06-06,Training,75.0
A003433,P0042,2026-06-23,Counselling,20.0
A003434,P0066,2026-05-31,Counselling,64.0
A003435,P0017,2025-12-25,Training,33.0
A003436,P0013,2025-08-29,Awareness Session,53.0
A003437,P0044,2026-02-07,Counselling,70.0
A003438,P0064,2025-11-06,Training,5.0
A003439,P0034,2025-11-20,Training,6.0
A003440,P0051,2025-12-31,Training,50.0
A003441,P0056,2025-05-02,Awareness Session,42.0
A003442,P0015,2025-08-16,Counselling,31.0
A003443,P0056,2026-03-04,Community Activity,44.0
A003444,P0005,2026-04-27,Awareness Session,8.0
A003445,P0055,2026-05-05,Awareness Session,20.0
A003446,P0010,2026-04-07,Assessment,68.0
A003447,P0058,2025-09-10,Counselling,44.0
A003448,P0024,2025-11-22,Assessment,36.0
A003449,P0021,2026-03-24,Counselling,35.0
A003450,P0034,2026-02-08,Workshop,47.0
A003451,P0041,2025-11-27,Counselling,28.0
A003452,P0027,2025-10-26,Counselling,77.0
A003453,P0063,2026-06-06,Training,7.0
A003454,P0064,2026-06-06,Counselling,71.0
A003455,P0053,2026-04-10,Awareness Session,70.0
A003456,P0059,2025-04-23,Awareness Session,31.0
A003457,P0029,2025-09-01,Community Activity,78.0
A003458,P0010,2026-03-26,Training,15.0
A003459,P0062,2026-02-05,Training,41.0
A003460,P0051,2025-07-21,Counselling,15.0
A003461,P0029,2025-12-06,Awareness Session,39.0
A003462,P0028,2025-04-23,Counselling,54.0
A003463,P0065,2026-06-08,Training,35.0
A003464,P0057,2026-05-12,Assessment,37.0
A003465,P0057,2025-09-29,Community Activity,18.0
A003466,P0066,2025-05-26,Assessment,40.0
A003467,P0004,2026-06-03,Awareness Session,80.0
A003468,P0009,2026-02-21,Assessment,70.0
A003469,P0004,2025-04-12,Community Activity,7.0
A003470,P0040,2025-12-03,Counselling,47.0
A003471,P0029,2025-08-28,Assessment,60.0
A003472,P0032,2026-05-06,Workshop,32.0
A003473,P0045,2025-06-16,Counselling,38.0
A003474,P0020,2026-03-24,Counselling,36.0
A003475,P0029,2025-09-23,Workshop,64.0
A003476,P0020,2025-10-23,Awareness Session,20.0
A003477,P0032,2025-10-16,Awareness Session,67.0
A003478,P0029,2025-05-20,Counselling,68.0
A003479,P0043,2025-06-22,Awareness Session,32.0
A003480,P0006,2025-10-04,Community Activity,36.0
A003481,P0015,2025-09-14,Counselling,71.0
A003482,P0008,2026-06-18,Counselling,37.0
A003483,P0023,2025-12-29,Training,60.0
A003484,P0015,2026-01-15,Assessment,57.0
A003485,P0033,2026-04-01,Community Activity,39.0
A003486,P0057,2026-02-25,Community Activity,30.0
A003487,P0040,2025-08-15,Assessment,42.0
A003488,P0009,2026-01-20,Workshop,31.0
A003489,P0033,2026-02-17,Counselling,66.0
A003490,P0025,2025-08-29,Assessment,30.0
A003491,P0052,2026-04-11,Awareness Session,66.0
A003492,P0027,2025-09-15,Awareness Session,11.0
A003493,P0053,2025-08-10,Assessment,55.0
A003494,P0049,2026-06-15,Community Activity,21.0
A003495,P0062,2025-07-18,Community Activity,14.0
A003496,P0037,2025-08-22,Community Activity,14.0
A003497,P0009,2025-08-03,Counselling,79.0
A003498,P0053,2025-05-29,Awareness Session,74.0
A003499,P0056,2025-10-30,Assessment,40.0
A003500,P0067,2026-01-06,Community Activity,41.0
A003501,P0035,2026-04-24,Workshop,29.0
A003502,P0065,2026-04-20,Training,29.0
A003503,P0047,2025-12-10,Assessment,5.0
A003504,P0037,2025-11-24,Assessment,59.0
A003505,P0035,2025-11-15,Counselling,58.0
A003506,P0033,2025-08-26,Community Activity,55.0
A003507,P0041,2025-08-17,Assessment,51.0
A003508,P0041,2026-03-19,Assessment,39.0
A003509,P0050,2025-07-09,Awareness Session,41.0
A003510,P0040,2026-01-13,Training,15.0
A003511,P0011,2025-10-28,Awareness Session,5.0
A003512,P0065,2026-05-28,Workshop,59.0
A003513,P0041,2026-03-30,Workshop,62.0
A003514,P0055,2025-09-20,Awareness Session,61.0
A003515,P0067,2026-06-15,Assessment,33.0
A003516,P0038,2026-03-04,Community Activity,13.0
A003517,P0057,2026-01-17,Assessment,26.0
A003518,P0049,2026-05-31,Workshop,20.0
A003519,P0002,2026-03-10,Counselling,56.0
A003520,P0053,2025-08-06,Workshop,49.0
A003521,P0008,2025-07-05,Workshop,70.0
A003522,P0063,2025-12-21,Workshop,24.0
A003523,P0005,2025-07-26,Awareness Session,73.0
A003524,P0063,2025-08-30,Counselling,24.0
A003525,P0030,2026-03-01,Community Activity,20.0
A003526,P0065,2025-05-17,Awareness Session,42.0
A003527,P0020,2026-06-04,Awareness Session,40.0
A003528,P0010,2025-11-23,Awareness Session,45.0
A003529,P0033,2025-11-12,Workshop,79.0
A003530,P0004,2026-02-09,Counselling,37.0
A003531,P0016,2025-12-22,Training,49.0
A003532,P0031,2026-04-21,Counselling,65.0
A003533,P0010,2026-01-23,Counselling,11.0
A003534,P0059,2026-03-25,Awareness Session,62.0
A003535,P0065,2025-07-15,Counselling,8.0
A003536,P0040,2026-04-26,Counselling,61.0
A003537,P0041,2026-04-20,Awareness Session,68.0
A003538,P0021,2025-08-15,Training,17.0
A003539,P0028,2025-09-17,Counselling,57.0
A003540,P0009,2026-01-07,Awareness Session,25.0
A003541,P0021,2025-10-24,Workshop,77.0
A003542,P0063,2025-11-23,Assessment,58.0
A003543,P0064,2025-08-02,Assessment,55.0
A003544,P0007,2026-02-07,Community Activity,59.0
A003545,P0049,2026-01-03,Workshop,43.0
A003546,P0019,2025-06-26,Training,29.0
A003547,P0003,2025-12-15,Workshop,64.0
A003548,P0010,2026-04-30,Assessment,38.0
A003549,P0023,2026-02-06,Counselling,50.0
A003550,P0011,2025-11-29,Workshop,79.0
A003551,P0051,2025-08-02,Workshop,27.0
A003552,P0020,2025-06-25,Workshop,33.0
A003553,P0020,2025-10-07,Counselling,29.0
A003554,P0055,2025-09-15,Training,29.0
A003555,P0023,2026-05-05,Training,17.0
A003556,P0008,2026-03-20,Training,74.0
A003557,P0004,2025-07-29,Workshop,11.0
A003558,P0014,2025-04-05,Awareness Session,24.0
A003559,P0065,2025-05-23,Counselling,10.0
A003560,P0019,2025-06-11,Counselling,11.0
A003561,P0027,2026-02-16,Assessment,71.0
A003562,P0017,2025-08-17,Counselling,65.0
A003563,P0027,2025-07-24,Training,46.0
A003564,P0042,2025-07-14,Training,9.0
A003565,P0016,2025-12-07,Training,55.0
A003566,P0050,2025-05-15,Awareness Session,39.0
A003567,P0006,2025-10-07,Awareness Session,61.0
A003568,P0058,2026-03-27,Counselling,62.0
A003569,P0014,2025-07-24,Assessment,63.0
A003570,P0037,2026-04-03,Community Activity,76.0
A003571,P0022,2025-06-26,Assessment,53.0
A003572,P0022,2025-06-04,Training,42.0
A003573,P0046,2025-06-13,Community Activity,25.0
A003574,P0058,2026-04-25,Assessment,40.0
A003575,P0060,2025-06-06,Training,24.0
A003576,P0007,2026-01-10,Training,49.0
A003577,P0064,2026-03-01,Awareness Session,50.0
A003578,P0019,2025-06-26,Awareness Session,18.0
A003579,P0027,2026-01-30,Workshop,23.0
A003580,P0036,2025-04-08,Workshop,74.0
A003581,P0017,2026-03-11,Workshop,55.0
A003582,P0013,2026-03-24,Counselling,7.0
A003583,P0030,2025-05-22,Assessment,7.0
A003584,P0047,2025-08-04,Workshop,55.0
A003585,P0001,2025-12-24,Training,58.0
A003586,P0039,2025-08-07,Counselling,38.0
A003587,P0061,2025-04-04,Community Activity,62.0
A003588,P0030,2026-03-25,Assessment,7.0
A003589,P0003,2025-11-08,Workshop,25.0
A003590,P0021,2025-11-12,Assessment,7.0
A003591,P0054,2025-07-29,Workshop,41.0
A003592,P0029,2025-10-05,Training,21.0
A003593,P0046,2025-09-18,Awareness Session,26.0
A003594,P0047,2026-03-27,Assessment,14.0
A003595,P0013,2025-07-06,Awareness Session,48.0
A003596,P0066,2025-09-19,Awareness Session,55.0
A003597,P0018,2026-05-19,Community Activity,12.0
A003598,P0020,2026-05-29,Training,46.0
A003599,P0045,2025-12-25,Awareness Session,80.0
A003600,P0014,2026-05-19,Assessment,80.0
A003601,P0044,2025-12-06,Community Activity,18.0
A003602,P0021,2026-05-08,Counselling,21.0
A003603,P0023,2026-01-01,Assessment,21.0
A003604,P0026,2025-09-13,Workshop,48.0
A003605,P0003,2025-10-08,Workshop,17.0
A003606,P0066,2026-04-08,Workshop,10.0
A003607,P0013,2026-02-18,Community Activity,30.0
A003608,P0014,2025-07-27,Assessment,34.0
A003609,P0006,2025-04-23,Assessment,54.0
A003610,P0021,2025-11-03,Awareness Session,27.0
A003611,P0003,2026-04-18,Awareness Session,73.0
A003612,P0058,2025-08-17,Assessment,15.0
A003613,P0012,2025-05-01,Counselling,21.0
A003614,P0047,2025-05-11,Training,24.0
A003615,P0017,2025-11-12,Awareness Session,34.0
A003616,P0020,2025-05-27,Awareness Session,35.0
A003617,P0056,2025-04-30,Assessment,75.0
A003618,P0011,2025-07-17,Counselling,72.0
A003619,P0030,2025-10-25,Awareness Session,76.0
A003620,P0037,2026-03-18,Workshop,16.0
A003621,P0066,2026-03-22,Community Activity,20.0
A003622,P0001,2025-06-21,Workshop,64.0
A003623,P0019,2025-08-14,Awareness Session,13.0
A003624,P0054,2026-05-25,Assessment,54.0
A003625,P0025,2025-10-22,Assessment,13.0
A003626,P0026,2025-06-01,Community Activity,56.0
A003627,P0039,2026-05-24,Assessment,50.0
A003628,P0025,2026-04-12,Counselling,69.0
A003629,P0007,2025-09-02,Workshop,39.0
A003630,P0066,2026-04-25,Training,28.0
A003631,P0054,2025-12-06,Awareness Session,31.0
A003632,P0016,2025-06-03,Counselling,41.0
A003633,P0033,2025-10-19,Counselling,31.0
A003634,P0047,2025-09-12,Assessment,68.0
A003635,P0060,2026-01-28,Community Activity,38.0
A003636,P0019,2025-09-19,Awareness Session,76.0
A003637,P0057,2025-06-10,Counselling,25.0
A003638,P0034,2025-06-19,Workshop,68.0
A003639,P0047,2025-06-05,Training,39.0
A003640,P0029,2025-05-13,Awareness Session,21.0
A003641,P0004,2025-05-27,Counselling,76.0
A003642,P0022,2025-11-20,Counselling,35.0
A003643,P0028,2026-06-05,Workshop,48.0
A003644,P0042,2025-06-28,Awareness Session,16.0
A003645,P0047,2026-03-12,Counselling,28.0
A003646,P0050,2025-06-29,Training,16.0
A003647,P0013,2026-04-11,Training,26.0
A003648,P0012,2025-04-18,Training,72.0
A003649,P0024,2026-05-09,Community Activity,60.0
A003650,P0027,2025-11-06,Awareness Session,19.0
A003651,P0051,2025-10-12,Training,34.0
A003652,P0042,2026-04-17,Assessment,77.0
A003653,P0026,2025-05-27,Community Activity,37.0
A003654,P0045,2026-03-22,Training,52.0
A003655,P0053,2026-03-26,Awareness Session,76.0
A003656,P0055,2025-08-07,Community Activity,43.0
A003657,P0014,2026-02-24,Workshop,45.0
A003658,P0036,2025-07-17,Assessment,50.0
A003659,P0050,2026-03-17,Counselling,20.0
A003660,P0064,2026-06-14,Training,61.0
A003661,P0014,2025-04-08,Workshop,55.0
A003662,P0002,2026-01-29,Community Activity,11.0
A003663,P0033,2025-10-03,Assessment,51.0
A003664,P0048,2025-07-26,Counselling,41.0
A003665,P0063,2025-10-09,Counselling,51.0
A003666,P0001,2025-06-10,Community Activity,77.0
A003667,P0037,2026-06-15,Training,32.0
A003668,P0048,2026-06-09,Counselling,80.0
A003669,P0002,2025-11-13,Training,48.0
A003670,P0014,2025-05-10,Training,46.0
A003671,P0028,2025-06-23,Assessment,51.0
A003672,P0041,2025-12-15,Workshop,48.0
A003673,P0018,2025-10-08,Assessment,8.0
A003674,P0058,2025-04-11,Assessment,21.0
A003675,P0011,2025-05-28,Awareness Session,14.0
A003676,P0035,2026-04-12,Awareness Session,34.0
A003677,P0048,2025-10-21,Community Activity,55.0
A003678,P0032,2025-07-15,Training,77.0
A003679,P0059,2025-07-15,Workshop,74.0
A003680,P0044,2026-01-27,Counselling,24.0
A003681,P0051,2025-04-12,Workshop,27.0
A003682,P0012,2025-07-15,Community Activity,63.0
A003683,P0018,2025-04-08,Counselling,72.0
A003684,P0038,2026-06-03,Community Activity,15.0
A003685,P0013,2025-10-31,Training,70.0
A003686,P0007,2025-10-29,Workshop,79.0
A003687,P0035,2026-05-04,Assessment,24.0
A003688,P0002,2026-01-30,Community Activity,37.0
A003689,P0067,2025-09-06,Awareness Session,6.0
A003690,P0027,2026-01-27,Counselling,43.0
A003691,P0011,2025-11-08,Training,17.0
A003692,P0007,2026-01-21,Training,17.0
A003693,P0002,2025-09-06,Assessment,9.0
A003694,P0058,2025-04-20,Training,38.0
A003695,P0057,2025-08-08,Workshop,42.0
A003696,P0001,2025-12-18,Community Activity,56.0
A003697,P0052,2026-04-19,Awareness Session,64.0
A003698,P0047,2025-06-17,Workshop,77.0
A003699,P0034,2026-05-15,Workshop,7.0
A003700,P0007,2026-03-11,Assessment,27.0
A003701,P0023,2025-07-11,Assessment,45.0
A003702,P0056,2025-05-07,Counselling,53.0
A003703,P0063,2025-11-06,Training,79.0
A003704,P0024,2025-07-31,Counselling,59.0
A003705,P0043,2025-10-16,Assessment,62.0
A003706,P0045,2026-02-09,Counselling,44.0
A003707,P0028,2026-06-24,Awareness Session,77.0
A003708,P0031,2026-02-14,Workshop,22.0
A003709,P0054,2025-12-29,Assessment,60.0
A003710,P0033,2025-08-05,Training,39.0
A003711,P0064,2025-09-23,Assessment,14.0
A003712,P0032,2026-02-16,Assessment,11.0
A003713,P0004,2025-04-12,Workshop,44.0
A003714,P0032,2025-10-25,Training,60.0
A003715,P0032,2025-09-07,Counselling,5.0
A003716,P0039,2025-12-30,Community Activity,21.0
A003717,P0029,2025-06-01,Community Activity,26.0
A003718,P0067,2025-04-16,Training,27.0
A003719,P0032,2025-11-30,Counselling,48.0
A003720,P0014,2026-04-24,Counselling,71.0
A003721,P0024,2026-01-05,Assessment,25.0
A003722,P0033,2025-12-01,Assessment,59.0
A003723,P0025,2026-06-07,Community Activity,54.0
A003724,P0024,2025-06-14,Assessment,22.0
A003725,P0038,2025-10-09,Workshop,31.0
A003726,P0054,2025-05-16,Community Activity,39.0
A003727,P0037,2026-01-23,Assessment,37.0
A003728,P0061,2025-06-27,Counselling,29.0
A003729,P0054,2025-06-17,Community Activity,59.0
A003730,P0040,2025-11-22,Assessment,64.0
A003731,P0014,2025-07-09,Training,24.0
A003732,P0039,2025-08-07,Awareness Session,25.0
A003733,P0020,2025-06-29,Training,42.0
A003734,P0007,2025-04-26,Workshop,60.0
A003735,P0055,2026-02-18,Workshop,71.0
A003736,P0052,2025-06-29,Assessment,58.0
A003737,P0064,2025-08-10,Workshop,38.0
A003738,P0062,2026-03-18,Counselling,14.0
A003739,P0021,2025-08-22,Counselling,54.0
A003740,P0066,2025-07-10,Community Activity,21.0
A003741,P0027,2025-10-25,Training,64.0
A003742,P0064,2025-09-15,Community Activity,73.0
A003743,P0030,2025-06-23,Community Activity,73.0
A003744,P0038,2025-06-20,Counselling,38.0
A003745,P0021,2025-09-24,Awareness Session,51.0
A003746,P0038,2025-10-29,Workshop,37.0
A003747,P0033,2025-07-05,Workshop,19.0
A003748,P0056,2025-08-06,Community Activity,62.0
A003749,P0028,2026-04-03,Awareness Session,6.0
A003750,P0058,2026-05-31,Community Activity,60.0
A003751,P0058,2025-12-23,Training,40.0
A003752,P0050,2025-06-01,Counselling,10.0
A003753,P0020,2026-03-15,Counselling,31.0
A003754,P0037,2026-06-13,Workshop,33.0
A003755,P0034,2025-04-27,Training,67.0
A003756,P0014,2025-06-24,Assessment,45.0
A003757,P0020,2025-04-29,Assessment,46.0
A003758,P0039,2025-07-31,Counselling,74.0
A003759,P0013,2026-01-13,Workshop,67.0
A003760,P0060,2025-09-16,Counselling,66.0
A003761,P0022,2025-11-19,Counselling,38.0
A003762,P0042,2026-04-16,Training,29.0
A003763,P0027,2026-05-01,Awareness Session,42.0
A003764,P0016,2026-02-01,Counselling,50.0
A003765,P0061,2026-01-05,Training,17.0
A003766,P0047,2026-01-07,Workshop,17.0
A003767,P0059,2025-09-28,Assessment,43.0
A003768,P0021,2025-04-21,Counselling,62.0
A003769,P0036,2025-05-01,Awareness Session,71.0
A003770,P0009,2025-04-07,Community Activity,58.0
A003771,P0012,2025-11-23,Counselling,57.0
A003772,P0043,2025-07-06,Counselling,55.0
A003773,P0022,2026-05-06,Training,33.0
A003774,P0040,2026-06-17,Community Activity,75.0
A003775,P0049,2026-01-21,Workshop,66.0
A003776,P0032,2026-05-07,Workshop,9.0
A003777,P0059,2025-05-23,Awareness Session,55.0
A003778,P0011,2026-04-12,Awareness Session,65.0
A003779,P0062,2026-02-15,Awareness Session,42.0
A003780,P0024,2025-06-23,Community Activity,14.0
A003781,P0062,2025-10-30,Awareness Session,69.0
A003782,P0051,2025-11-25,Assessment,12.0
A003783,P0011,2025-07-18,Awareness Session,62.0
A003784,P0039,2026-05-31,Training,34.0
A003785,P0006,2026-04-17,Workshop,22.0
A003786,P0042,2026-01-19,Workshop,74.0
A003787,P0059,2026-04-11,Training,16.0
A003788,P0014,2026-05-21,Workshop,70.0
A003789,P0046,2025-12-12,Workshop,74.0
A003790,P0018,2025-04-22,Assessment,60.0
A003791,P0067,2025-12-08,Community Activity,48.0
A003792,P0042,2026-06-19,Assessment,8.0
A003793,P0003,2025-11-03,Community Activity,58.0
A003794,P0011,2026-05-21,Community Activity,19.0
A003795,P0011,2026-01-12,Awareness Session,41.0
A003796,P0060,2025-07-08,Awareness Session,37.0
A003797,P0014,2025-05-28,Counselling,34.0
A003798,P0052,2025-06-16,Assessment,63.0
A003799,P0051,2026-03-02,Training,22.0
A003800,P0014,2026-02-06,Training,44.0
A003801,P0043,2026-04-10,Counselling,18.0
A003802,P0065,2026-03-05,Assessment,47.0
A003803,P0016,2025-11-25,Assessment,41.0
A003804,P0019,2026-01-22,Training,32.0
A003805,P0011,2025-12-05,Assessment,21.0
A003806,P0053,2025-08-21,Awareness Session,22.0
A003807,P0045,2026-01-27,Assessment,30.0
A003808,P0039,2025-07-24,Assessment,44.0
A003809,P0011,2025-07-30,Community Activity,71.0
A003810,P0011,2025-11-27,Training,66.0
A003811,P0055,2026-02-09,Assessment,49.0
A003812,P0062,2025-10-10,Workshop,19.0
A003813,P0005,2026-06-09,Assessment,73.0
A003814,P0024,2026-05-02,Training,53.0
A003815,P0063,2025-08-30,Workshop,44.0
A003816,P0067,2025-12-02,Awareness Session,62.0
A003817,P0050,2026-03-09,Workshop,50.0
A003818,P0034,2025-07-11,Assessment,49.0
A003819,P0062,2025-07-02,Assessment,47.0
A003820,P0052,2025-08-22,Counselling,77.0
A003821,P0009,2025-09-24,Awareness Session,30.0
A003822,P0067,2026-01-13,Training,30.0
A003823,P0001,2025-07-17,Training,48.0
A003824,P0001,2025-11-15,Training,80.0
A003825,P0047,2025-12-28,Counselling,67.0
A003826,P0010,2025-05-13,Training,8.0
A003827,P0065,2026-03-25,Workshop,10.0
A003828,P0023,2026-04-01,Awareness Session,23.0
A003829,P0037,2025-06-27,Assessment,52.0
A003830,P0065,2026-02-03,Community Activity,9.0
A003831,P0012,2026-03-26,Training,59.0
A003832,P0059,2025-12-10,Awareness Session,33.0
A003833,P0004,2025-04-21,Assessment,23.0
A003834,P0009,2026-05-22,Assessment,76.0
A003835,P0055,2026-06-17,Workshop,11.0
A003836,P0009,2025-05-30,Workshop,17.0
A003837,P0047,2025-09-02,Assessment,62.0
A003838,P0003,2025-07-26,Training,46.0
A003839,P0034,2026-05-18,Community Activity,23.0
A003840,P0048,2025-05-03,Counselling,9.0
A003841,P0063,2026-03-22,Counselling,9.0
A003842,P0042,2025-12-04,Training,17.0
A003843,P0059,2025-07-11,Assessment,44.0
A003844,P0040,2025-09-25,Training,62.0
A003845,P0040,2026-05-21,Counselling,56.0
A003846,P0057,2026-01-27,Assessment,42.0
A003847,P0047,2025-09-03,Community Activity,67.0
A003848,P0021,2025-09-26,Community Activity,42.0
A003849,P0022,2025-11-27,Workshop,65.0
A003850,P0031,2025-11-16,Workshop,16.0
A003851,P0037,2026-01-07,Counselling,46.0
A003852,P0034,2025-09-23,Workshop,54.0
A003853,P0056,2026-02-08,Training,5.0
A003854,P0026,2025-09-22,Awareness Session,68.0
A003855,P0016,2025-06-02,Community Activity,8.0
A003856,P0010,2026-01-28,Awareness Session,5.0
A003857,P0054,2025-06-09,Community Activity,46.0
A003858,P0047,2025-12-31,Workshop,28.0
A003859,P0062,2026-03-01,Training,25.0
A003860,P0047,2025-10-26,Workshop,41.0
A003861,P0016,2025-07-07,Workshop,22.0
A003862,P0060,2026-02-15,Community Activity,48.0
A003863,P0046,2026-05-08,Assessment,7.0
A003864,P0054,2026-03-03,Training,33.0
A003865,P0027,2025-07-29,Community Activity,6.0
A003866,P0010,2026-06-04,Counselling,53.0
A003867,P0032,2025-10-25,Training,74.0
A003868,P0027,2025-05-24,Training,45.0
A003869,P0010,2026-03-16,Workshop,60.0
A003870,P0022,2025-11-17,Assessment,50.0
A003871,P0006,2025-11-05,Assessment,27.0
A003872,P0033,2026-04-11,Workshop,52.0
A003873,P0009,2025-06-26,Assessment,43.0
A003874,P0023,2025-09-24,Training,47.0
A003875,P0049,2025-04-27,Counselling,46.0
A003876,P0026,2025-05-26,Counselling,36.0
A003877,P0043,2026-06-02,Counselling,24.0
A003878,P0050,2025-10-20,Assessment,66.0
A003879,P0061,2026-02-27,Awareness Session,12.0
A003880,P0057,2025-05-14,Community Activity,11.0
A003881,P0007,2025-04-23,Workshop,66.0
A003882,P0063,2026-01-23,Community Activity,67.0
A003883,P0058,2026-06-22,Awareness Session,30.0
A003884,P0034,2026-05-23,Community Activity,22.0
A003885,P0065,2025-11-13,Community Activity,61.0
A003886,P0064,2026-06-01,Workshop,45.0
A003887,P0008,2026-03-24,Awareness Session,59.0
A003888,P0052,2025-10-29,Workshop,80.0
A003889,P0026,2025-06-27,Counselling,54.0
A003890,P0063,2025-11-10,Counselling,28.0
A003891,P0013,2026-01-07,Training,12.0
A003892,P0047,2025-04-02,Community Activity,13.0
A003893,P0050,2025-04-13,Community Activity,13.0
A003894,P0052,2026-04-22,Awareness Session,23.0
A003895,P0037,2025-07-12,Workshop,58.0
A003896,P0007,2026-05-01,Counselling,66.0
A003897,P0057,2026-05-16,Workshop,20.0
A003898,P0064,2025-12-04,Community Activity,69.0
A003899,P0059,2025-12-26,Counselling,51.0
A003900,P0056,2025-10-19,Workshop,54.0
A003901,P0009,2026-04-09,Awareness Session,32.0
A003902,P0002,2025-09-13,Workshop,32.0
A003903,P0018,2025-07-27,Counselling,79.0
A003904,P0014,2025-05-10,Workshop,16.0
A003905,P0015,2026-02-25,Counselling,30.0
A003906,P0003,2025-05-20,Community Activity,64.0
A003907,P0021,2025-10-11,Community Activity,13.0
A003908,P0060,2026-03-17,Training,72.0
A003909,P0045,2025-10-07,Assessment,8.0
A003910,P0026,2025-04-10,Assessment,52.0
A003911,P0046,2026-03-31,Awareness Session,50.0
A003912,P0067,2025-12-18,Counselling,40.0
A003913,P0016,2026-02-05,Awareness Session,78.0
A003914,P0027,2026-05-31,Community Activity,78.0
A003915,P0017,2025-05-31,Awareness Session,46.0
A003916,P0017,2025-08-28,Community Activity,20.0
A003917,P0006,2026-06-05,Workshop,18.0
A003918,P0066,2026-05-08,Assessment,51.0
A003919,P0057,2026-02-24,Awareness Session,
A003920,P0011,2025-05-17,Counselling,40.0
A003921,P0034,2025-11-05,Counselling,43.0
A003922,P0004,2025-11-06,Training,68.0
A003923,P0047,2025-12-02,Assessment,64.0
A003924,P0018,2026-04-29,Awareness Session,46.0
A003925,P0059,2026-01-26,Community Activity,46.0
A003926,P0047,2025-05-30,Training,12.0
A003927,P0036,2025-11-29,Community Activity,45.0
A003928,P0062,2025-12-29,Counselling,31.0
A003929,P0055,2025-06-18,Assessment,49.0
A003930,P0032,2025-05-13,Counselling,28.0
A003931,P0058,2025-12-24,Awareness Session,26.0
A003932,P0040,2025-08-06,Workshop,28.0
A003933,P0053,2025-06-03,Assessment,15.0
A003934,P0005,2026-04-17,Training,57.0
A003935,P0045,2025-10-25,Training,32.0
A003936,P0057,2026-01-28,Workshop,15.0
A003937,P0066,2025-10-29,Training,56.0
A003938,P0017,2025-09-25,Workshop,37.0
A003939,P0022,2025-09-02,Community Activity,11.0
A003940,P0009,2026-01-03,Assessment,14.0
A003941,P0016,2025-11-05,Awareness Session,49.0
A003942,P0009,2026-05-02,Community Activity,52.0
A003943,P0018,2025-10-04,Awareness Session,7.0
A003944,P0012,2025-10-14,Community Activity,9.0
A003945,P0041,2025-06-20,Community Activity,5.0
A003946,P0064,2025-11-12,Assessment,40.0
A003947,P0067,2025-08-28,Community Activity,16.0
A003948,P0062,2025-11-08,Training,35.0
A003949,P0053,2025-10-16,Workshop,45.0
A003950,P0066,2025-12-27,Assessment,43.0
A003951,P0044,2025-06-10,Assessment,9.0
A003952,P0044,2025-08-09,Awareness Session,69.0
A003953,P0041,2025-09-04,Assessment,25.0
A003954,P0023,2026-04-25,Counselling,78.0
A003955,P0037,2026-06-07,Assessment,12.0
A003956,P0022,2025-06-30,Workshop,24.0
A003957,P0044,2026-06-23,Assessment,39.0
A003958,P0027,2025-11-27,Workshop,54.0
A003959,P0061,2025-09-29,Community Activity,49.0
A003960,P0028,2025-09-09,Awareness Session,49.0
A003961,P0047,2025-10-03,Counselling,51.0
A003962,P0039,2025-04-08,Counselling,32.0
A003963,P0019,2025-07-20,Awareness Session,31.0
A003964,P0039,2025-06-28,Training,58.0
A003965,P0002,2025-08-21,Workshop,41.0
A003966,P0031,2025-05-08,Counselling,39.0
A003967,P0056,2025-12-23,Workshop,23.0
A003968,P0042,2025-06-12,Workshop,67.0
A003969,P0031,2026-01-08,Awareness Session,57.0
A003970,P0067,2025-10-22,Workshop,45.0
A003971,P0052,2025-06-15,Counselling,66.0
A003972,P0010,2025-04-11,Assessment,8.0
A003973,P0011,2026-02-08,Workshop,71.0
A003974,P0016,2026-05-24,Counselling,78.0
A003975,P0042,2025-05-14,Workshop,79.0
A003976,P0050,2025-10-02,Counselling,49.0
A003977,P0060,2026-03-09,Community Activity,32.0
A003978,P0028,2026-05-10,Counselling,72.0
A003979,P0062,2025-08-03,Training,54.0
A003980,P0051,2026-05-17,Community Activity,43.0
A003981,P0029,2025-12-19,Workshop,7.0
A003982,P0012,2025-10-22,Assessment,38.0
A003983,P0018,2026-03-17,Awareness Session,29.0
A003984,P0005,2025-09-10,Workshop,49.0
A003985,P0036,2026-03-03,Assessment,71.0
A003986,P0051,2025-06-27,Community Activity,21.0
A003987,P0044,2025-10-25,Awareness Session,22.0
A003988,P0038,2025-07-10,Counselling,58.0
A003989,P0030,2026-04-25,Assessment,27.0
A003990,P0029,2025-04-12,Training,21.0
A003991,P0003,2025-12-13,Community Activity,54.0
A003992,P0035,2025-11-28,Training,63.0
A003993,P0032,2025-04-16,Community Activity,19.0
A003994,P0054,2026-04-06,Counselling,47.0
A003995,P0040,2026-03-20,Awareness Session,57.0
A003996,P0025,2025-10-08,Awareness Session,61.0
A003997,P0060,2025-07-10,Training,23.0
A003998,P0067,2025-10-03,Training,80.0
A003999,P0027,2026-04-24,Workshop,29.0
A004000,P0023,2025-06-22,Community Activity,78.0
A004001,P0012,2025-08-17,Counselling,59.0
A004002,P0066,2025-07-26,Assessment,65.0
A004003,P0028,2026-05-26,Community Activity,59.0
A004004,P0016,2025-10-08,Workshop,70.0
A004005,P0036,2025-11-21,Workshop,53.0
A004006,P0067,2025-12-20,Workshop,22.0
A004007,P0011,2026-02-03,Awareness Session,56.0
A004008,P0013,2026-05-05,Awareness Session,38.0
A004009,P0009,2025-12-23,Community Activity,25.0
A004010,P0063,2026-02-15,Awareness Session,47.0
A004011,P0031,2026-01-28,Community Activity,77.0
A004012,P0023,2025-06-20,Community Activity,23.0
A004013,P0066,2026-04-03,Community Activity,14.0
A004014,P0019,2025-05-19,Awareness Session,38.0
A004015,P0040,2025-08-31,Assessment,56.0
A004016,P0048,2025-05-25,Community Activity,68.0
A004017,P0005,2026-04-02,Awareness Session,12.0
A004018,P0059,2026-04-06,Assessment,37.0
A004019,P0023,2025-07-16,Counselling,20.0
A004020,P0044,2025-09-01,Community Activity,68.0
A004021,P0027,2025-09-09,Workshop,31.0
A004022,P0015,2025-08-08,Training,43.0
A004023,P0034,2025-12-28,Workshop,37.0
A004024,P0053,2025-05-01,Community Activity,8.0
A004025,P0006,2026-01-03,Assessment,79.0
A004026,P0027,2025-06-25,Awareness Session,15.0
A004027,P0020,2026-01-13,Assessment,26.0
A004028,P0023,2025-10-15,Community Activity,43.0
A004029,P0002,2025-08-08,Community Activity,6.0
A004030,P0003,2026-02-21,Training,15.0
A004031,P0024,2026-04-30,Community Activity,60.0
A004032,P0037,2026-04-29,Workshop,73.0
A004033,P0025,2025-04-16,Workshop,55.0
A004034,P0004,2025-05-21,Community Activity,71.0
A004035,P0004,2025-08-07,Community Activity,60.0
A004036,P0053,2026-01-16,Community Activity,76.0
A004037,P0047,2025-07-11,Counselling,50.0
A004038,P0050,2025-09-14,Assessment,78.0
A004039,P0017,2025-06-13,Counselling,75.0
A004040,P0002,2025-10-04,Awareness Session,32.0
A004041,P0053,2025-11-13,Counselling,42.0
A004042,P0016,2026-02-27,Workshop,28.0
A004043,P0035,2025-11-20,Workshop,28.0
A004044,P0023,2026-02-28,Workshop,43.0
A004045,P0065,2025-06-15,Community Activity,7.0
A004046,P0017,2025-05-14,Awareness Session,30.0
A004047,P0044,2025-08-09,Community Activity,19.0
A004048,P0013,2026-04-16,Assessment,72.0
A004049,P0019,2025-05-08,Workshop,80.0
A004050,P0028,2025-07-19,Community Activity,73.0
A004051,P0066,2025-07-07,Training,22.0
A004052,P0046,2026-05-14,Assessment,72.0
A004053,P0052,2026-02-22,Counselling,7.0
A004054,P0029,2026-02-14,Assessment,21.0
A004055,P0039,2026-03-29,Awareness Session,77.0
A004056,P0066,2025-11-22,Awareness Session,58.0
A004057,P0001,2026-05-16,Assessment,8.0
A004058,P0024,2026-01-31,Community Activity,60.0
A004059,P0062,2025-12-06,Counselling,33.0
A004060,P0054,2025-04-04,Workshop,54.0
A004061,P0036,2026-06-20,Workshop,67.0
A004062,P0035,2025-05-30,Community Activity,16.0
A004063,P0036,2026-02-13,Community Activity,50.0
A004064,P0045,2025-04-13,Counselling,20.0
A004065,P0049,2026-05-20,Community Activity,34.0
A004066,P0015,2026-02-14,Community Activity,49.0
A004067,P0015,2026-05-03,Counselling,47.0
A004068,P0063,2025-06-23,Workshop,25.0
A004069,P0065,2026-04-09,Assessment,29.0
A004070,P0011,2026-03-08,Counselling,74.0
A004071,P0018,2026-02-17,Awareness Session,49.0
A004072,P0034,2025-11-10,Awareness Session,61.0
A004073,P0002,2026-04-24,Awareness Session,33.0
A004074,P0004,2026-03-18,Workshop,11.0
A004075,P0059,2026-02-26,Assessment,33.0
A004076,P0049,2025-11-06,Counselling,63.0
A004077,P0036,2025-06-26,Community Activity,13.0
A004078,P0040,2025-06-08,Workshop,54.0
A004079,P0018,2026-03-24,Workshop,25.0
A004080,P0049,2026-01-26,Workshop,25.0
A004081,P0012,2025-04-09,Community Activity,50.0
A004082,P0021,2025-12-21,Assessment,21.0
A004083,P0012,2026-03-15,Workshop,23.0
A004084,P0049,2025-05-27,Awareness Session,33.0
A004085,P0031,2025-06-20,Awareness Session,57.0
A004086,P0037,2025-06-22,Counselling,52.0
A004087,P0060,2026-02-16,Counselling,11.0
A004088,P0016,2025-05-24,Assessment,38.0
A004089,P0015,2026-05-04,Counselling,33.0
A004090,P0020,2025-11-19,Training,45.0
A004091,P0027,2026-04-21,Workshop,13.0
A004092,P0016,2026-02-28,Awareness Session,53.0
A004093,P0060,2025-11-26,Training,54.0
A004094,P0015,2026-03-18,Assessment,9.0
A004095,P0023,2026-03-25,Community Activity,41.0
A004096,P0034,2026-01-30,Assessment,
A004097,P0043,2025-06-29,Workshop,19.0
A004098,P0010,2025-08-18,Community Activity,26.0
A004099,P0003,2025-11-20,Counselling,69.0
A004100,P0016,2025-11-04,Training,56.0
A004101,P0067,2026-01-17,Counselling,53.0
A004102,P0037,2025-07-06,Community Activity,38.0
A004103,P0056,2026-03-12,Training,41.0
A004104,P0046,2026-03-09,Workshop,78.0
A004105,P0030,2026-05-02,Assessment,72.0
A004106,P0032,2025-07-31,Assessment,
A004107,P0019,2025-09-12,Workshop,56.0
A004108,P0058,2025-05-10,Assessment,71.0
A004109,P0064,2025-11-06,Assessment,64.0
A004110,P0019,2026-01-15,Awareness Session,61.0
A004111,P0002,2026-02-04,Community Activity,54.0
A004112,P0066,2026-03-27,Counselling,59.0
A004113,P0006,2025-07-27,Community Activity,5.0
A004114,P0060,2025-11-24,Workshop,57.0
A004115,P0061,2025-11-03,Counselling,73.0
A004116,P0014,2025-10-30,Assessment,50.0
A004117,P0064,2025-07-22,Counselling,61.0
A004118,P0013,2025-12-28,Workshop,58.0
A004119,P0008,2026-01-05,Counselling,15.0
A004120,P0050,2025-07-31,Workshop,28.0
A004121,P0010,2026-06-09,Workshop,78.0
A004122,P0064,2025-08-22,Awareness Session,13.0
A004123,P0038,2025-07-03,Awareness Session,14.0
A004124,P0039,2025-12-11,Community Activity,27.0
A004125,P0031,2025-09-03,Counselling,66.0
A004126,P0049,2025-10-19,Counselling,71.0
A004127,P0030,2025-07-29,Training,6.0
A004128,P0028,2025-08-23,Community Activity,30.0
A004129,P0007,2026-06-06,Awareness Session,57.0
A004130,P0013,2025-07-09,Awareness Session,73.0
A004131,P0025,2026-05-13,Counselling,59.0
A004132,P0065,2025-04-20,Awareness Session,44.0
A004133,P0002,2026-04-07,Community Activity,58.0
A004134,P0066,2025-05-25,Workshop,48.0
A004135,P0028,2025-04-26,Awareness Session,78.0
A004136,P0009,2025-04-29,Awareness Session,75.0
A004137,P0040,2025-07-29,Workshop,19.0
A004138,P0029,2025-04-22,Workshop,80.0
A004139,P0060,2026-05-09,Awareness Session,22.0
A004140,P0027,2025-04-29,Training,75.0
A004141,P0066,2025-08-03,Counselling,71.0
A004142,P0037,2025-07-21,Workshop,22.0
A004143,P0036,2026-02-07,Awareness Session,33.0
A004144,P0016,2025-07-07,Assessment,43.0
A004145,P0056,2025-10-21,Training,58.0
A004146,P0051,2026-03-05,Counselling,61.0
A004147,P0005,2025-08-06,Training,17.0
A004148,P0040,2025-12-12,Workshop,73.0
A004149,P0033,2026-05-06,Community Activity,27.0
A004150,P0061,2025-07-12,Workshop,10.0
A004151,P0004,2025-06-25,Counselling,29.0
A004152,P0064,2025-12-22,Awareness Session,18.0
A004153,P0028,2026-04-11,Workshop,19.0
A004154,P0027,2025-06-21,Assessment,68.0
A004155,P0021,2025-04-01,Assessment,25.0
A004156,P0035,2025-11-04,Awareness Session,19.0
A004157,P0040,2026-03-11,Assessment,22.0
A004158,P0010,2025-07-23,Assessment,57.0
A004159,P0020,2025-10-22,Community Activity,63.0
A004160,P0015,2025-11-17,Training,33.0
A004161,P0057,2026-01-20,Training,58.0
A004162,P0039,2025-09-21,Assessment,66.0
A004163,P0050,2025-08-18,Assessment,78.0
A004164,P0061,2026-04-19,Assessment,57.0
A004165,P0039,2026-05-09,Assessment,61.0
A004166,P0035,2026-04-25,Workshop,40.0
A004167,P0027,2026-05-07,Awareness Session,10.0
A004168,P0020,2025-08-08,Workshop,61.0
A004169,P0017,2025-06-12,Counselling,54.0
A004170,P0008,2026-04-16,Counselling,72.0
A004171,P0004,2026-01-14,Awareness Session,5.0
A004172,P0044,2026-06-12,Awareness Session,20.0
A004173,P0007,2025-08-07,Assessment,9.0
A004174,P0039,2025-12-07,Awareness Session,20.0
A004175,P0001,2026-01-03,Assessment,10.0
A004176,P0063,2025-06-07,Community Activity,33.0
A004177,P0021,2026-01-02,Workshop,71.0
A004178,P0050,2026-01-10,Counselling,46.0
A004179,P0055,2026-01-01,Training,24.0
A004180,P0035,2025-06-08,Workshop,57.0
A004181,P0017,2025-05-21,Counselling,9.0
A004182,P0062,2025-04-27,Community Activity,45.0
A004183,P0011,2025-07-06,Training,79.0
A004184,P0001,2026-05-07,Training,58.0
A004185,P0055,2025-04-22,Awareness Session,7.0
A004186,P0047,2025-07-17,Community Activity,29.0
A004187,P0016,2026-01-22,Workshop,21.0
A004188,P0066,2026-01-18,Awareness Session,39.0
A004189,P0034,2026-04-01,Training,80.0
A004190,P0032,2025-08-24,Workshop,29.0
A004191,P0044,2026-01-02,Community Activity,70.0
A004192,P0015,2025-12-18,Training,32.0
A004193,P0010,2026-05-17,Counselling,56.0
A004194,P0042,2025-04-02,Training,72.0
A004195,P0012,2026-04-01,Training,72.0
A004196,P0038,2025-08-17,Assessment,23.0
A004197,P0055,2025-12-23,Counselling,16.0
A004198,P0020,2026-01-07,Counselling,31.0
A004199,P0009,2025-11-05,Counselling,20.0
A004200,P0059,2026-01-24,Awareness Session,38.0
A004201,P0008,2026-03-09,Awareness Session,23.0
A004202,P0013,2026-06-14,Training,14.0
A004203,P0010,2025-08-14,Counselling,22.0
A004204,P0055,2025-06-02,Assessment,60.0
A004205,P0059,2025-07-27,Training,12.0
A004206,P0030,2025-05-16,Community Activity,57.0
A004207,P0060,2026-06-17,Counselling,52.0
A004208,P0027,2026-01-07,Counselling,76.0
A004209,P0006,2026-06-23,Awareness Session,40.0
A004210,P0040,2026-02-13,Counselling,61.0
A004211,P0047,2026-03-10,Assessment,51.0
A004212,P0049,2026-06-11,Counselling,72.0
A004213,P0027,2026-01-22,Assessment,30.0
A004214,P0022,2025-07-02,Training,18.0
A004215,P0009,2025-04-11,Awareness Session,12.0
A004216,P0019,2025-08-14,Counselling,51.0
A004217,P0003,2025-04-30,Training,37.0
A004218,P0055,2026-03-01,Counselling,13.0
A004219,P0011,2026-03-04,Counselling,28.0
A004220,P0003,2025-08-31,Workshop,36.0
A004221,P0014,2025-10-09,Workshop,79.0
A004222,P0059,2025-10-05,Awareness Session,42.0
A004223,P0014,2026-04-30,Awareness Session,52.0
A004224,P0047,2025-07-25,Community Activity,10.0
A004225,P0053,2026-06-06,Training,22.0
A004226,P0006,2025-09-26,Training,67.0
A004227,P0002,2026-02-23,Workshop,66.0
A004228,P0030,2026-04-05,Assessment,76.0
A004229,P0054,2025-05-02,Assessment,42.0
A004230,P0005,2026-05-01,Assessment,29.0
A004231,P0016,2025-12-02,Workshop,15.0
A004232,P0040,2025-07-20,Awareness Session,33.0
A004233,P0012,2026-01-23,Assessment,31.0
A004234,P0061,2026-05-12,Assessment,9.0
A004235,P0004,2025-06-27,Awareness Session,67.0
A004236,P0043,2025-10-28,Community Activity,13.0
A004237,P0029,2025-06-21,Training,27.0
A004238,P0038,2026-05-04,Counselling,17.0
A004239,P0065,2026-03-16,Counselling,44.0
A004240,P0006,2025-09-22,Awareness Session,48.0
A004241,P0011,2025-07-23,Training,13.0
A004242,P0006,2025-11-12,Community Activity,66.0
A004243,P0006,2026-05-31,Awareness Session,63.0
A004244,P0003,2025-05-09,Workshop,6.0
A004245,P0046,2026-04-19,Assessment,69.0
A004246,P0059,2025-12-25,Counselling,76.0
A004247,P0014,2025-09-17,Training,36.0
A004248,P0064,2025-07-25,Assessment,25.0
A004249,P0003,2025-08-29,Awareness Session,59.0
A004250,P0044,2026-01-26,Workshop,26.0
A004251,P0046,2026-01-03,Counselling,70.0
A004252,P0002,2025-10-05,Awareness Session,62.0
A004253,P0014,2025-04-27,Training,47.0
A004254,P0043,2025-05-22,Awareness Session,14.0
A004255,P0004,2025-10-14,Workshop,69.0
A004256,P0021,2026-04-30,Workshop,49.0
A004257,P0020,2026-05-29,Workshop,47.0
A004258,P0062,2025-08-12,Workshop,48.0
A004259,P0058,2025-06-06,Awareness Session,59.0
A004260,P0024,2025-09-07,Assessment,14.0
A004261,P0027,2025-06-13,Counselling,12.0
A004262,P0011,2026-05-29,Counselling,8.0
A004263,P0047,2026-04-10,Community Activity,38.0
A004264,P0002,2025-04-20,Assessment,60.0
A004265,P0005,2025-12-30,Training,30.0
A004266,P0042,2026-03-04,Training,33.0
A004267,P0028,2025-12-14,Training,63.0
A004268,P0047,2025-04-13,Assessment,76.0
A004269,P0026,2025-05-26,Awareness Session,58.0
A004270,P0016,2025-09-21,Counselling,23.0
A004271,P0030,2025-12-08,Awareness Session,12.0
A004272,P0030,2026-04-08,Counselling,16.0
A004273,P0036,2026-06-20,Counselling,17.0
A004274,P0049,2026-01-28,Training,70.0
A004275,P0021,2026-06-17,Workshop,23.0
A004276,P0021,2026-02-14,Community Activity,18.0
A004277,P0041,2026-05-01,Training,28.0
A004278,P0052,2026-05-01,Workshop,77.0
A004279,P0057,2026-05-01,Counselling,78.0
A004280,P0039,2025-07-17,Community Activity,38.0
A004281,P0002,2026-05-12,Awareness Session,80.0
A004282,P0042,2025-04-18,Workshop,18.0
A004283,P0022,2026-05-13,Awareness Session,5.0
A004284,P0055,2025-05-17,Awareness Session,21.0
A004285,P0064,2025-06-09,Awareness Session,71.0
A004286,P0027,2025-05-10,Counselling,28.0
A004287,P0019,2025-09-20,Community Activity,21.0
A004288,P0038,2025-06-06,Awareness Session,42.0
A004289,P0040,2025-07-24,Awareness Session,15.0
A004290,P0065,2026-06-20,Community Activity,
A004291,P0007,2026-02-08,Awareness Session,17.0
A004292,P0021,2025-07-24,Community Activity,47.0
A004293,P0029,2025-07-19,Counselling,80.0
A004294,P0038,2025-07-30,Counselling,61.0
A004295,P0013,2026-03-18,Awareness Session,20.0
A004296,P0011,2025-07-01,Workshop,57.0
A004297,P0041,2025-09-29,Workshop,23.0
A004298,P0054,2025-04-09,Counselling,23.0
A004299,P0038,2025-05-04,Workshop,41.0
A004300,P0040,2025-05-30,Awareness Session,75.0
A004301,P0035,2026-01-08,Training,17.0
A004302,P0051,2026-05-16,Assessment,9.0
A004303,P0056,2026-06-18,Awareness Session,58.0
A004304,P0038,2025-12-06,Community Activity,79.0
A004305,P0034,2025-04-25,Assessment,39.0
A004306,P0039,2025-07-15,Training,68.0
A004307,P0029,2025-06-22,Awareness Session,11.0
A004308,P0024,2025-12-06,Assessment,26.0
A004309,P0023,2026-01-21,Awareness Session,9.0
A004310,P0044,2026-03-05,Assessment,12.0
A004311,P0002,2025-06-15,Training,33.0
A004312,P0049,2026-01-17,Workshop,45.0
A004313,P0058,2025-08-31,Assessment,46.0
A004314,P0034,2026-06-16,Counselling,28.0
A004315,P0019,2025-05-31,Assessment,28.0
A004316,P0067,2025-09-27,Workshop,6.0
A004317,P0043,2025-08-04,Community Activity,44.0
A004318,P0043,2025-12-18,Workshop,77.0
A004319,P0052,2025-04-14,Community Activity,24.0
A004320,P0002,2025-04-07,Assessment,73.0
A004321,P0017,2025-11-04,Training,55.0
A004322,P0018,2025-09-09,Counselling,80.0
A004323,P0053,2025-05-06,Training,24.0
A004324,P0041,2025-07-28,Workshop,71.0
A004325,P0053,2025-05-21,Training,23.0
A004326,P0043,2025-06-14,Awareness Session,60.0
A004327,P0037,2025-10-26,Community Activity,27.0
A004328,P0031,2025-07-16,Training,15.0
A004329,P0020,2025-11-19,Assessment,40.0
A004330,P0052,2025-09-06,Awareness Session,56.0
A004331,P0042,2025-08-04,Assessment,65.0
A004332,P0051,2026-03-04,Workshop,63.0
A004333,P0038,2026-06-11,Community Activity,50.0
A004334,P0044,2025-11-30,Training,35.0
A004335,P0050,2025-10-06,Training,66.0
A004336,P0008,2025-09-01,Awareness Session,5.0
A004337,P0054,2026-03-09,Awareness Session,38.0
A004338,P0040,2026-06-08,Counselling,57.0
A004339,P0047,2025-04-08,Training,30.0
A004340,P0004,2025-08-29,Counselling,73.0
A004341,P0048,2025-11-09,Training,49.0
A004342,P0024,2026-05-08,Community Activity,55.0
A004343,P0058,2025-04-22,Assessment,41.0
A004344,P0051,2025-09-16,Workshop,78.0
A004345,P0029,2025-06-20,Awareness Session,52.0
A004346,P0063,2026-06-07,Awareness Session,11.0
A004347,P0037,2025-10-02,Workshop,14.0
A004348,P0015,2025-06-30,Counselling,16.0
A004349,P0003,2026-01-12,Training,71.0
A004350,P0043,2025-12-29,Awareness Session,14.0
A004351,P0061,2025-04-17,Training,69.0
A004352,P0037,2025-07-17,Training,25.0
A004353,P0060,2026-03-20,Counselling,5.0
A004354,P0056,2026-03-21,Counselling,20.0
A004355,P0014,2025-12-23,Training,21.0
A004356,P0020,2025-10-29,Training,17.0
A004357,P0050,2025-05-30,Workshop,25.0
A004358,P0017,2025-04-04,Assessment,29.0
A004359,P0003,2025-05-28,Counselling,61.0
A004360,P0055,2026-04-22,Training,34.0
A004361,P0035,2026-02-22,Awareness Session,10.0
A004362,P0030,2025-11-30,Training,21.0
A004363,P0040,2026-03-22,Awareness Session,48.0
A004364,P0012,2025-05-06,Counselling,73.0
A004365,P0034,2026-01-24,Awareness Session,60.0
A004366,P0007,2025-06-22,Assessment,39.0
A004367,P0049,2026-01-01,Assessment,46.0
A004368,P0043,2025-04-05,Workshop,55.0
A004369,P0031,2025-11-28,Training,68.0
A004370,P0051,2026-03-08,Community Activity,22.0
A004371,P0066,2026-06-13,Assessment,27.0
A004372,P0011,2025-04-26,Awareness Session,27.0
A004373,P0051,2025-09-25,Awareness Session,49.0
A004374,P0008,2025-06-13,Counselling,78.0
A004375,P0008,2025-06-27,Training,20.0
A004376,P0005,2025-05-22,Workshop,14.0
A004377,P0046,2025-11-14,Training,76.0
A004378,P0047,2025-05-31,Workshop,22.0
A004379,P0009,2025-07-28,Counselling,52.0
A004380,P0062,2025-06-28,Training,28.0
A004381,P0039,2025-11-20,Awareness Session,26.0
A004382,P0042,2025-04-15,Assessment,44.0
A004383,P0020,2026-03-25,Awareness Session,14.0
A004384,P0062,2025-09-28,Workshop,29.0
A004385,P0036,2026-05-23,Assessment,68.0
A004386,P0016,2025-11-22,Awareness Session,8.0
A004387,P0035,2025-08-22,Community Activity,22.0
A004388,P0034,2026-01-28,Assessment,77.0
A004389,P0046,2025-06-03,Workshop,22.0
A004390,P0065,2026-04-17,Assessment,23.0
A004391,P0025,2025-10-19,Awareness Session,13.0
A004392,P0003,2026-04-18,Community Activity,38.0
A004393,P0003,2025-10-15,Workshop,14.0
A004394,P0052,2025-11-24,Workshop,41.0
A004395,P0005,2025-07-17,Counselling,16.0
A004396,P0018,2025-12-06,Training,36.0
A004397,P0038,2025-07-20,Community Activity,33.0
A004398,P0060,2025-10-06,Workshop,74.0
A004399,P0020,2026-05-30,Assessment,5.0
A004400,P0013,2025-05-15,Awareness Session,23.0
A004401,P0067,2026-04-21,Training,14.0
A004402,P0030,2025-05-19,Awareness Session,5.0
A004403,P0020,2025-07-11,Training,73.0
A004404,P0013,2025-08-25,Training,40.0
A004405,P0023,2026-05-27,Counselling,69.0
A004406,P0051,2025-06-26,Training,61.0
A004407,P0043,2025-07-16,Training,16.0
A004408,P0011,2025-07-18,Workshop,18.0
A004409,P0031,2026-05-06,Training,38.0
A004410,P0021,2025-08-12,Training,57.0
A004411,P0034,2025-09-29,Counselling,77.0
A004412,P0002,2026-01-29,Community Activity,9.0
A004413,P0019,2026-06-02,Assessment,13.0
A004414,P0026,2025-05-29,Community Activity,34.0
A004415,P0054,2026-01-15,Counselling,45.0
A004416,P0032,2026-05-04,Workshop,22.0
A004417,P0017,2026-03-13,Training,48.0
A004418,P0007,2025-04-22,Awareness Session,7.0
A004419,P0017,2025-09-10,Assessment,18.0
A004420,P0021,2025-10-28,Counselling,15.0
A004421,P0003,2025-12-14,Workshop,41.0
A004422,P0061,2025-09-19,Community Activity,14.0
A004423,P0051,2025-04-20,Assessment,20.0
A004424,P0061,2025-09-20,Workshop,42.0
A004425,P0002,2025-10-07,Awareness Session,36.0
A004426,P0036,2025-10-06,Assessment,8.0
A004427,P0008,2025-07-06,Workshop,5.0
A004428,P0014,2025-06-20,Counselling,56.0
A004429,P0051,2025-11-18,Assessment,55.0
A004430,P0041,2026-06-14,Awareness Session,78.0
A004431,P0007,2025-07-14,Counselling,76.0
A004432,P0040,2025-05-26,Training,36.0
A004433,P0005,2026-04-21,Training,59.0
A004434,P0013,2025-04-12,Assessment,56.0
A004435,P0061,2025-07-23,Workshop,71.0
A004436,P0060,2025-06-21,Training,52.0
A004437,P0024,2026-05-12,Training,57.0
A004438,P0050,2025-08-25,Counselling,35.0
A004439,P0027,2025-05-24,Training,41.0
A004440,P0025,2026-02-19,Workshop,76.0
A004441,P0014,2025-04-21,Counselling,50.0
A004442,P0066,2025-10-05,Awareness Session,46.0
A004443,P0035,2026-05-09,Training,68.0
A004444,P0041,2025-10-25,Workshop,64.0
A004445,P0031,2025-08-12,Workshop,52.0
A004446,P0052,2026-02-09,Assessment,37.0
A004447,P0043,2026-03-29,Community Activity,52.0
A004448,P0021,2025-06-29,Awareness Session,6.0
A004449,P0027,2026-01-04,Awareness Session,9.0
A004450,P0046,2025-07-10,Workshop,18.0
A004451,P0030,2025-05-24,Awareness Session,39.0
A004452,P0046,2025-07-22,Community Activity,18.0
A004453,P0043,2025-08-06,Community Activity,23.0
A004454,P0061,2025-07-30,Assessment,6.0
A004455,P0002,2025-04-18,Community Activity,71.0
A004456,P0013,2026-01-23,Assessment,75.0
A004457,P0055,2025-10-30,Awareness Session,16.0
A004458,P0033,2025-07-31,Assessment,56.0
A004459,P0035,2025-09-23,Community Activity,22.0
A004460,P0005,2025-08-19,Awareness Session,39.0
A004461,P0057,2026-01-09,Community Activity,60.0
A004462,P0048,2025-12-26,Awareness Session,36.0
A004463,P0037,2025-11-08,Counselling,78.0
A004464,P0041,2026-05-26,Workshop,37.0
A004465,P0032,2025-07-29,Training,20.0
A004466,P0016,2025-11-13,Assessment,34.0
A004467,P0004,2026-01-28,Workshop,50.0
A004468,P0045,2026-02-03,Assessment,76.0
A004469,P0009,2025-11-19,Training,69.0
A004470,P0051,2025-09-16,Awareness Session,77.0
A004471,P0027,2025-05-10,Workshop,8.0
A004472,P0044,2025-04-22,Training,11.0
A004473,P0010,2025-09-10,Assessment,71.0
A004474,P0064,2025-11-16,Training,58.0
A004475,P0045,2025-06-16,Assessment,75.0
A004476,P0018,2025-04-09,Community Activity,28.0
A004477,P0018,2026-03-02,Assessment,38.0
A004478,P0066,2025-06-16,Workshop,66.0
A004479,P0051,2025-08-24,Training,76.0
A004480,P0047,2026-02-03,Workshop,61.0
A004481,P0015,2025-06-12,Training,35.0
A004482,P0002,2025-08-14,Community Activity,15.0
A004483,P0008,2026-05-08,Assessment,34.0
A004484,P0015,2026-02-25,Community Activity,15.0
A004485,P0020,2026-01-24,Awareness Session,56.0
A004486,P0006,2025-08-06,Counselling,80.0
A004487,P0047,2025-07-01,Awareness Session,66.0
A004488,P0021,2025-09-07,Workshop,32.0
A004489,P0004,2025-12-31,Training,77.0
A004490,P0021,2025-12-19,Workshop,78.0
A004491,P0005,2025-08-30,Community Activity,19.0
A004492,P0006,2026-01-04,Awareness Session,36.0
A004493,P0006,2025-08-13,Counselling,80.0
A004494,P0065,2025-07-13,Counselling,21.0
A004495,P0032,2025-09-15,Community Activity,51.0
A004496,P0060,2026-03-23,Awareness Session,77.0
A004497,P0034,2026-03-01,Community Activity,62.0
A004498,P0037,2026-05-12,Awareness Session,75.0
A004499,P0028,2025-06-18,Training,29.0
A004500,P0011,2025-10-17,Community Activity,17.0
A004501,P0059,2025-10-18,Training,16.0
A004502,P0061,2025-07-10,Community Activity,49.0
A004503,P0058,2025-11-30,Training,39.0
A004504,P0004,2026-01-03,Workshop,11.0
A004505,P0006,2026-05-11,Workshop,74.0
A004506,P0032,2026-05-09,Awareness Session,49.0
A004507,P0060,2025-08-27,Workshop,66.0
A004508,P0039,2025-04-14,Awareness Session,53.0
A004509,P0041,2025-04-22,Assessment,74.0
A004510,P0056,2025-09-08,Counselling,9.0
A004511,P0028,2025-06-17,Workshop,51.0
A004512,P0055,2026-05-02,Community Activity,25.0
A004513,P0033,2025-07-23,Workshop,31.0
A004514,P0025,2025-12-07,Community Activity,9.0
A004515,P0023,2025-10-31,Awareness Session,27.0
A004516,P0025,2025-11-04,Assessment,50.0
A004517,P0023,2025-10-30,Assessment,45.0
A004518,P0034,2025-08-21,Awareness Session,69.0
A004519,P0028,2025-10-20,Community Activity,77.0
A004520,P0042,2026-04-16,Community Activity,59.0
A004521,P0043,2025-12-24,Assessment,52.0
A004522,P0017,2025-04-06,Assessment,74.0
A004523,P0031,2025-05-02,Workshop,43.0
A004524,P0017,2026-01-05,Assessment,21.0
A004525,P0018,2025-12-03,Workshop,18.0
A004526,P0052,2025-08-23,Workshop,19.0
A004527,P0064,2025-12-09,Community Activity,46.0
A004528,P0056,2025-07-07,Training,72.0
A004529,P0048,2025-06-27,Counselling,46.0
A004530,P0046,2025-08-31,Workshop,74.0
A004531,P0039,2026-06-18,Workshop,23.0
A004532,P0014,2025-08-02,Awareness Session,54.0
A004533,P0034,2026-02-13,Counselling,42.0
A004534,P0012,2026-01-04,Training,27.0
A004535,P0009,2025-06-25,Assessment,14.0
A004536,P0004,2025-09-20,Community Activity,50.0
A004537,P0008,2025-06-15,Workshop,65.0
A004538,P0001,2026-03-03,Counselling,18.0
A004539,P0010,2026-06-11,Counselling,78.0
A004540,P0018,2025-08-03,Counselling,13.0
A004541,P0056,2025-04-27,Workshop,26.0
A004542,P0031,2026-06-23,Assessment,72.0
A004543,P0022,2026-01-26,Counselling,21.0
A004544,P0036,2026-06-14,Counselling,54.0
A004545,P0048,2025-04-01,Community Activity,38.0
A004546,P0067,2025-05-07,Counselling,44.0
A004547,P0062,2025-11-30,Awareness Session,73.0
A004548,P0010,2025-07-27,Training,18.0
A004549,P0005,2026-06-01,Assessment,13.0
A004550,P0057,2026-01-28,Awareness Session,29.0
A004551,P0029,2026-01-03,Assessment,69.0
A004552,P0047,2026-03-25,Awareness Session,74.0
A004553,P0017,2025-12-28,Counselling,8.0
A004554,P0061,2025-12-23,Training,22.0
A004555,P0033,2025-08-31,Workshop,20.0
A004556,P0056,2025-12-29,Assessment,73.0
A004557,P0048,2026-06-08,Assessment,8.0
A004558,P0036,2026-03-11,Training,66.0
A004559,P0011,2025-06-23,Awareness Session,79.0
A004560,P0059,2025-12-27,Assessment,27.0
A004561,P0005,2025-04-07,Training,55.0
A004562,P0002,2026-05-11,Community Activity,72.0
A004563,P0034,2026-05-21,Counselling,25.0
A004564,P0043,2026-03-11,Workshop,31.0
A004565,P0067,2025-04-15,Training,16.0
A004566,P0036,2025-07-29,Workshop,24.0
A004567,P0038,2025-12-22,Training,49.0
A004568,P0012,2025-08-11,Assessment,49.0
A004569,P0019,2026-03-03,Training,41.0
A004570,P0019,2025-08-12,Workshop,44.0
A004571,P0007,2025-08-09,Training,23.0
A004572,P0001,2025-05-01,Counselling,22.0
A004573,P0052,2026-01-24,Awareness Session,10.0
A004574,P0049,2026-02-22,Awareness Session,19.0
A004575,P0024,2025-09-08,Assessment,54.0
A004576,P0059,2026-04-15,Counselling,68.0
A004577,P0014,2026-01-04,Counselling,37.0
A004578,P0038,2026-01-24,Awareness Session,31.0
A004579,P0016,2025-12-24,Training,77.0
A004580,P0006,2025-12-22,Assessment,63.0
A004581,P0025,2026-05-22,Training,21.0
A004582,P0051,2025-12-25,Awareness Session,71.0
A004583,P0051,2025-11-29,Training,44.0
A004584,P0047,2026-06-06,Counselling,20.0
A004585,P0051,2026-04-08,Assessment,25.0
A004586,P0032,2026-04-25,Awareness Session,47.0
A004587,P0045,2026-01-05,Awareness Session,43.0
A004588,P0056,2026-01-08,Workshop,58.0
A004589,P0053,2026-06-21,Workshop,77.0
A004590,P0039,2026-03-21,Awareness Session,74.0
A004591,P0015,2026-01-05,Community Activity,50.0
A004592,P0043,2026-02-05,Training,50.0
A004593,P0042,2025-04-10,Workshop,14.0
A004594,P0061,2025-08-26,Awareness Session,58.0
A004595,P0064,2026-05-11,Counselling,38.0
A004596,P0009,2025-09-20,Workshop,36.0
A004597,P0049,2025-05-22,Community Activity,61.0
A004598,P0009,2025-12-31,Workshop,32.0
A004599,P0001,2026-05-07,Assessment,9.0
A004600,P0059,2026-04-05,Workshop,71.0
A004601,P0037,2025-10-25,Counselling,75.0
A004602,P0052,2025-06-13,Community Activity,32.0
A004603,P0064,2025-05-18,Training,29.0
A004604,P0026,2025-06-09,Workshop,38.0
A004605,P0051,2025-11-24,Counselling,31.0
A004606,P0056,2025-09-22,Assessment,65.0
A004607,P0023,2026-05-02,Workshop,61.0
A004608,P0016,2025-04-08,Workshop,12.0
A004609,P0061,2025-06-23,Community Activity,47.0
A004610,P0026,2026-03-11,Training,18.0
A004611,P0053,2025-04-05,Community Activity,6.0
A004612,P0030,2025-10-13,Workshop,44.0
A004613,P0052,2025-11-04,Training,28.0
A004614,P0018,2025-05-05,Counselling,71.0
A004615,P0039,2025-04-15,Assessment,5.0
A004616,P0045,2026-05-24,Training,32.0
A004617,P0038,2025-07-24,Workshop,30.0
A004618,P0036,2026-04-09,Training,31.0
A004619,P0037,2025-06-14,Training,14.0
A004620,P0006,2025-09-08,Workshop,63.0
A004621,P0002,2026-05-29,Awareness Session,63.0
A004622,P0021,2026-02-18,Awareness Session,44.0
A004623,P0004,2026-06-18,Assessment,36.0
A004624,P0009,2026-05-10,Awareness Session,15.0
A004625,P0020,2026-02-17,Community Activity,5.0
A004626,P0063,2026-04-08,Training,70.0
A004627,P0049,2025-11-10,Counselling,19.0
A004628,P0014,2026-01-16,Assessment,76.0
A004629,P0028,2025-08-07,Awareness Session,17.0
A004630,P0053,2025-07-30,Workshop,30.0
A004631,P0006,2025-04-18,Awareness Session,38.0
A004632,P0067,2025-12-18,Community Activity,5.0
A004633,P0030,2025-12-31,Training,9.0
A004634,P0038,2025-09-06,Counselling,45.0
A004635,P0028,2026-01-29,Community Activity,45.0
A004636,P0056,2025-05-30,Awareness Session,57.0
A004637,P0051,2025-05-26,Counselling,23.0
A004638,P0010,2025-09-24,Workshop,80.0
A004639,P0010,2026-04-27,Training,77.0
A004640,P0066,2025-06-09,Training,61.0
A004641,P0057,2026-03-25,Workshop,6.0
A004642,P0036,2025-10-13,Awareness Session,76.0
A004643,P0045,2025-07-18,Training,14.0
A004644,P0031,2025-08-18,Counselling,31.0
A004645,P0022,2025-08-21,Workshop,65.0
A004646,P0061,2025-09-26,Assessment,41.0
A004647,P0016,2026-04-29,Assessment,47.0
A004648,P0005,2025-04-30,Awareness Session,65.0
A004649,P0045,2025-07-12,Counselling,10.0
A004650,P0016,2025-09-21,Workshop,66.0
A004651,P0002,2026-01-23,Awareness Session,68.0
A004652,P0029,2025-09-14,Awareness Session,40.0
A004653,P0044,2025-12-20,Workshop,64.0
A004654,P0025,2025-10-04,Community Activity,65.0
A004655,P0044,2026-06-19,Awareness Session,15.0
A004656,P0067,2026-02-20,Community Activity,19.0
A004657,P0005,2026-04-17,Awareness Session,26.0
A004658,P0024,2025-06-20,Training,7.0
A004659,P0042,2025-11-01,Assessment,57.0
A004660,P0013,2026-01-31,Community Activity,42.0
A004661,P0012,2026-04-26,Counselling,51.0
A004662,P0027,2026-03-19,Community Activity,55.0
A004663,P0042,2026-06-11,Assessment,55.0
A004664,P0011,2025-08-13,Workshop,13.0
A004665,P0020,2026-03-18,Community Activity,57.0
A004666,P0064,2025-11-30,Assessment,19.0
A004667,P0009,2026-03-15,Community Activity,26.0
A004668,P0045,2026-05-19,Community Activity,40.0
A004669,P0013,2025-07-29,Assessment,59.0
A004670,P0049,2025-06-16,Assessment,52.0
A004671,P0060,2025-05-24,Training,11.0
A004672,P0023,2026-01-19,Assessment,73.0
A004673,P0035,2025-11-25,Assessment,6.0
A004674,P0044,2025-12-07,Assessment,26.0
A004675,P0028,2026-03-04,Workshop,74.0
A004676,P0010,2025-04-30,Counselling,53.0
A004677,P0064,2025-11-16,Community Activity,62.0
A004678,P0004,2026-01-11,Community Activity,71.0
A004679,P0033,2025-12-30,Assessment,61.0
A004680,P0060,2026-02-12,Training,8.0
A004681,P0026,2025-07-07,Workshop,50.0
A004682,P0059,2026-01-10,Awareness Session,66.0
A004683,P0018,2025-05-19,Awareness Session,17.0
A004684,P0024,2026-06-03,Training,23.0
A004685,P0055,2026-06-09,Workshop,38.0
A004686,P0042,2025-08-26,Awareness Session,49.0
A004687,P0052,2026-05-20,Counselling,53.0
A004688,P0063,2025-05-17,Workshop,48.0
A004689,P0037,2026-03-22,Community Activity,12.0
A004690,P0056,2025-06-22,Assessment,14.0
A004691,P0035,2025-12-25,Counselling,25.0
A004692,P0026,2025-10-22,Community Activity,23.0
A004693,P0039,2026-01-26,Counselling,67.0
A004694,P0034,2025-06-09,Counselling,79.0
A004695,P0042,2026-02-07,Training,13.0
A004696,P0032,2026-05-17,Training,63.0
A004697,P0018,2025-12-13,Awareness Session,48.0
A004698,P0062,2025-11-25,Community Activity,42.0
A004699,P0019,2026-04-10,Awareness Session,78.0
A004700,P0041,2026-02-05,Awareness Session,65.0
A004701,P0014,2025-11-28,Training,5.0
A004702,P0053,2026-04-25,Workshop,33.0
A004703,P0059,2026-06-21,Assessment,35.0
A004704,P0011,2026-03-28,Assessment,24.0
A004705,P0035,2026-02-06,Workshop,74.0
A004706,P0037,2025-11-21,Training,64.0
A004707,P0056,2026-06-14,Assessment,80.0
A004708,P0009,2025-07-06,Counselling,21.0
A004709,P0007,2025-09-23,Counselling,58.0
A004710,P0007,2026-05-10,Awareness Session,28.0
A004711,P0011,2026-02-27,Awareness Session,74.0
A004712,P0065,2025-11-09,Community Activity,62.0
A004713,P0021,2025-06-19,Counselling,59.0
A004714,P0037,2026-06-06,Workshop,23.0
A004715,P0062,2025-10-09,Counselling,45.0
A004716,P0032,2026-01-26,Community Activity,50.0
A004717,P0040,2026-06-03,Workshop,55.0
A004718,P0007,2026-05-06,Counselling,7.0
A004719,P0062,2025-10-17,Workshop,67.0
A004720,P0049,2026-01-23,Training,42.0
A004721,P0067,2026-06-22,Training,21.0
A004722,P0005,2025-07-28,Training,72.0
A004723,P0012,2025-11-06,Training,67.0
A004724,P0061,2025-09-27,Workshop,13.0
A004725,P0016,2026-01-21,Counselling,34.0
A004726,P0023,2026-02-14,Workshop,72.0
A004727,P0048,2026-03-24,Training,28.0
A004728,P0025,2025-08-14,Assessment,60.0
A004729,P0028,2025-07-21,Awareness Session,59.0
A004730,P0037,2026-04-06,Workshop,77.0
A004731,P0045,2026-06-09,Community Activity,24.0
A004732,P0027,2026-02-16,Community Activity,54.0
A004733,P0055,2025-06-12,Training,36.0
A004734,P0046,2026-01-31,Assessment,11.0
A004735,P0040,2025-04-20,Awareness Session,40.0
A004736,P0019,2025-06-07,Workshop,9.0
A004737,P0039,2026-03-21,Community Activity,70.0
A004738,P0067,2026-02-10,Community Activity,13.0
A004739,P0049,2026-02-04,Community Activity,30.0
A004740,P0020,2026-06-22,Awareness Session,34.0
A004741,P0041,2026-01-24,Counselling,9.0
A004742,P0047,2025-09-07,Awareness Session,47.0
A004743,P0004,2025-08-15,Workshop,24.0
A004744,P0004,2025-07-28,Assessment,74.0
A004745,P0061,2025-08-05,Awareness Session,12.0
A004746,P0038,2026-01-11,Awareness Session,80.0
A004747,P0058,2026-01-30,Workshop,64.0
A004748,P0023,2025-12-13,Counselling,24.0
A004749,P0011,2025-05-19,Awareness Session,44.0
A004750,P0026,2026-05-26,Counselling,76.0
A004751,P0009,2025-06-01,Assessment,20.0
A004752,P0061,2025-12-30,Assessment,25.0
A004753,P0021,2025-07-11,Training,62.0
A004754,P0009,2025-05-25,Counselling,79.0
A004755,P0037,2026-03-05,Counselling,25.0
A004756,P0026,2025-07-31,Awareness Session,48.0
A004757,P0058,2026-05-05,Community Activity,9.0
A004758,P0031,2025-07-26,Community Activity,15.0
A004759,P0038,2026-06-07,Community Activity,76.0
A004760,P0054,2025-08-04,Community Activity,74.0
A004761,P0064,2026-06-22,Workshop,13.0
A004762,P0027,2025-10-02,Workshop,33.0
A004763,P0043,2026-05-28,Assessment,43.0
A004764,P0001,2025-06-07,Community Activity,10.0
A004765,P0064,2025-08-21,Counselling,10.0
A004766,P0041,2025-12-24,Assessment,31.0
A004767,P0049,2025-06-19,Counselling,19.0
A004768,P0058,2025-06-03,Counselling,76.0
A004769,P0041,2025-11-29,Assessment,71.0
A004770,P0028,2025-10-22,Counselling,80.0
A004771,P0056,2026-05-09,Awareness Session,13.0
A004772,P0019,2025-05-04,Community Activity,23.0
A004773,P0025,2025-08-25,Counselling,46.0
A004774,P0043,2026-04-10,Training,38.0
A004775,P0062,2025-12-10,Counselling,33.0
A004776,P0063,2025-06-14,Workshop,63.0
A004777,P0019,2025-11-07,Training,27.0
A004778,P0055,2025-07-01,Awareness Session,42.0
A004779,P0015,2026-05-08,Counselling,19.0
A004780,P0019,2025-10-27,Assessment,54.0
A004781,P0011,2025-09-24,Assessment,78.0
A004782,P0011,2026-01-10,Training,58.0
A004783,P0064,2026-01-01,Awareness Session,17.0
A004784,P0062,2026-01-09,Counselling,42.0
A004785,P0051,2025-08-14,Awareness Session,73.0
A004786,P0002,2026-03-26,Workshop,49.0
A004787,P0047,2026-05-29,Training,32.0
A004788,P0059,2025-09-21,Workshop,67.0
A004789,P0065,2026-06-14,Training,77.0
A004790,P0052,2026-03-21,Assessment,15.0
A004791,P0029,2025-06-08,Community Activity,29.0
A004792,P0041,2025-09-16,Awareness Session,41.0
A004793,P0049,2025-11-03,Awareness Session,22.0
A004794,P0033,2025-10-16,Awareness Session,55.0
A004795,P0014,2025-04-28,Workshop,59.0
A004796,P0033,2026-01-06,Counselling,16.0
A004797,P0015,2026-06-14,Counselling,6.0
A004798,P0023,2026-02-08,Workshop,5.0
A004799,P0060,2025-11-06,Assessment,21.0
A004800,P0006,2026-04-09,Community Activity,28.0
A004801,P0027,2025-06-16,Counselling,41.0
A004802,P0012,2025-11-08,Assessment,40.0
A004803,P0043,2025-07-12,Awareness Session,33.0
A004804,P0055,2025-06-11,Workshop,48.0
A004805,P0025,2026-02-17,Awareness Session,55.0
A004806,P0045,2026-03-02,Awareness Session,50.0
A004807,P0065,2026-04-07,Assessment,64.0
A004808,P0008,2026-04-29,Counselling,76.0
A004809,P0010,2025-12-18,Workshop,76.0
A004810,P0049,2026-03-05,Workshop,52.0
A004811,P0064,2025-05-08,Training,26.0
A004812,P0013,2026-05-07,Community Activity,29.0
A004813,P0009,2025-06-30,Counselling,77.0
A004814,P0021,2025-08-26,Awareness Session,21.0
A004815,P0013,2026-04-25,Counselling,28.0
A004816,P0012,2025-06-20,Assessment,7.0
A004817,P0064,2025-04-30,Workshop,19.0
A004818,P0016,2025-07-24,Awareness Session,49.0
A004819,P0037,2025-08-01,Counselling,6.0
A004820,P0036,2025-04-16,Counselling,14.0
A004821,P0040,2025-08-31,Community Activity,17.0
A004822,P0063,2026-06-09,Assessment,67.0
A004823,P0046,2025-12-28,Assessment,17.0
A004824,P0028,2025-06-09,Awareness Session,31.0
A004825,P0060,2026-05-26,Awareness Session,72.0
A004826,P0063,2025-10-09,Training,5.0
A004827,P0033,2026-06-18,Workshop,47.0
A004828,P0011,2025-11-19,Training,68.0
A004829,P0024,2026-06-13,Training,51.0
A004830,P0057,2025-09-27,Counselling,22.0
A004831,P0032,2025-10-01,Counselling,20.0
A004832,P0066,2025-12-29,Awareness Session,63.0
A004833,P0063,2025-04-27,Counselling,47.0
A004834,P0045,2025-04-03,Counselling,38.0
A004835,P0015,2026-03-14,Community Activity,48.0
A004836,P0063,2025-12-03,Workshop,5.0
A004837,P0048,2026-03-20,Counselling,65.0
A004838,P0005,2026-05-18,Assessment,55.0
A004839,P0031,2025-12-16,Awareness Session,63.0
A004840,P0063,2026-01-08,Workshop,42.0
A004841,P0040,2026-03-06,Community Activity,12.0
A004842,P0062,2025-06-15,Training,52.0
A004843,P0052,2026-03-21,Assessment,23.0
A004844,P0025,2026-02-24,Assessment,59.0
A004845,P0060,2025-04-14,Training,23.0
A004846,P0040,2025-05-26,Assessment,19.0
A004847,P0041,2025-04-22,Counselling,35.0
A004848,P0036,2025-04-24,Awareness Session,76.0
A004849,P0059,2025-11-04,Assessment,80.0
A004850,P0042,2025-04-11,Training,64.0
A004851,P0011,2025-06-11,Workshop,46.0
A004852,P0028,2026-05-18,Community Activity,55.0
A004853,P0015,2025-10-18,Community Activity,35.0
A004854,P0015,2025-05-08,Counselling,50.0
A004855,P0061,2025-06-29,Counselling,79.0
A004856,P0002,2025-12-21,Counselling,29.0
A004857,P0030,2025-05-15,Assessment,20.0
A004858,P0014,2026-05-15,Training,64.0
A004859,P0006,2025-06-28,Workshop,75.0
A004860,P0027,2025-08-06,Workshop,19.0
A004861,P0060,2025-12-10,Counselling,80.0
A004862,P0037,2026-06-10,Counselling,79.0
A004863,P0004,2026-04-25,Assessment,78.0
A004864,P0002,2025-04-21,Workshop,36.0
A004865,P0032,2025-05-30,Awareness Session,22.0
A004866,P0046,2026-02-09,Training,52.0
A004867,P0006,2026-05-10,Workshop,65.0
A004868,P0025,2025-11-25,Training,55.0
A004869,P0065,2025-11-19,Community Activity,51.0
A004870,P0018,2025-06-30,Community Activity,61.0
A004871,P0067,2025-04-11,Awareness Session,34.0
A004872,P0005,2025-08-26,Workshop,52.0
A004873,P0005,2026-05-06,Training,41.0
A004874,P0006,2025-07-07,Counselling,10.0
A004875,P0012,2025-05-21,Workshop,30.0
A004876,P0001,2025-10-09,Awareness Session,33.0
A004877,P0009,2026-02-05,Training,24.0
A004878,P0059,2025-08-22,Workshop,41.0
A004879,P0004,2025-10-30,Awareness Session,16.0
A004880,P0010,2025-10-22,Counselling,22.0
A004881,P0053,2026-03-20,Assessment,74.0
A004882,P0015,2026-02-04,Counselling,70.0
A004883,P0036,2026-03-29,Workshop,77.0
A004884,P0063,2025-09-29,Workshop,34.0
A004885,P0028,2025-10-01,Assessment,16.0
A004886,P0054,2025-12-19,Assessment,73.0
A004887,P0035,2025-08-05,Training,59.0
A004888,P0008,2025-04-13,Assessment,43.0
A004889,P0022,2025-07-05,Assessment,70.0
A004890,P0033,2026-04-12,Assessment,12.0
A004891,P0032,2025-06-22,Counselling,53.0
A004892,P0044,2025-11-02,Community Activity,53.0
A004893,P0008,2026-01-25,Training,10.0
A004894,P0057,2025-05-10,Assessment,79.0
A004895,P0011,2025-10-14,Training,63.0
A004896,P0049,2025-04-28,Community Activity,14.0
A004897,P0062,2025-06-20,Assessment,65.0
A004898,P0001,2026-01-21,Training,26.0
A004899,P0021,2025-07-03,Training,37.0
A004900,P0038,2025-10-07,Assessment,67.0
A004901,P0035,2026-02-09,Assessment,13.0
A004902,P0041,2026-01-31,Training,40.0
A004903,P0058,2025-04-11,Workshop,27.0
A004904,P0062,2025-07-18,Training,51.0
A004905,P0024,2025-08-21,Counselling,35.0
A004906,P0033,2026-03-22,Awareness Session,71.0
A004907,P0013,2026-06-18,Training,15.0
A004908,P0064,2026-04-29,Training,49.0
A004909,P0041,2025-08-26,Workshop,65.0
A004910,P0001,2026-05-19,Assessment,66.0
A004911,P0041,2025-09-10,Workshop,49.0
A004912,P0037,2026-03-21,Workshop,66.0
A004913,P0050,2025-11-10,Community Activity,43.0
A004914,P0027,2025-05-29,Workshop,6.0
A004915,P0063,2025-05-21,Workshop,79.0
A004916,P0039,2025-10-03,Workshop,80.0
A004917,P0009,2025-12-24,Training,8.0
A004918,P0054,2025-05-16,Awareness Session,25.0
A004919,P0004,2026-04-26,Community Activity,42.0
A004920,P0009,2025-06-03,Workshop,9.0
A004921,P0052,2025-04-18,Workshop,6.0
A004922,P0037,2025-09-03,Workshop,63.0
A004923,P0040,2026-03-31,Assessment,39.0
A004924,P0065,2026-04-30,Assessment,39.0
A004925,P0015,2025-07-07,Training,18.0
A004926,P0051,2026-05-24,Counselling,58.0
A004927,P0003,2025-06-15,Training,45.0
A004928,P0048,2026-02-26,Workshop,29.0
A004929,P0028,2025-04-15,Community Activity,25.0
A004930,P0063,2026-06-12,Assessment,54.0
A004931,P0050,2026-05-29,Assessment,68.0
A004932,P0005,2025-04-19,Counselling,16.0
A004933,P0001,2025-09-15,Counselling,35.0
A004934,P0065,2026-06-11,Counselling,80.0
A004935,P0058,2025-08-16,Community Activity,35.0
A004936,P0050,2025-10-17,Workshop,7.0
A004937,P0011,2026-05-11,Community Activity,38.0
A004938,P0051,2025-04-21,Community Activity,51.0
A004939,P0023,2025-08-26,Assessment,25.0
A004940,P0002,2025-10-14,Awareness Session,25.0
A004941,P0048,2025-04-01,Community Activity,5.0
A004942,P0049,2025-07-30,Awareness Session,33.0
A004943,P0011,2025-07-30,Counselling,34.0
A004944,P0040,2025-09-02,Workshop,73.0
A004945,P0029,2026-01-17,Assessment,56.0
A004946,P0026,2025-07-16,Assessment,6.0
A004947,P0039,2025-05-03,Assessment,72.0
A004948,P0005,2025-06-29,Counselling,62.0
A004949,P0049,2025-10-08,Awareness Session,6.0
A004950,P0022,2025-07-28,Awareness Session,37.0
A004951,P0067,2025-08-20,Workshop,71.0
A004952,P0066,2026-03-30,Training,43.0
A004953,P0054,2025-09-07,Workshop,77.0
A004954,P0026,2025-04-11,Awareness Session,24.0
A004955,P0020,2025-07-02,Awareness Session,44.0
A004956,P0003,2026-04-09,Assessment,45.0
A004957,P0009,2026-03-15,Community Activity,24.0
A004958,P0039,2026-04-17,Community Activity,18.0
A004959,P0048,2026-04-06,Community Activity,65.0
A004960,P0025,2025-07-25,Community Activity,47.0
A004961,P0026,2025-06-04,Training,71.0
A004962,P0053,2025-09-24,Assessment,68.0
A004963,P0051,2025-11-17,Training,14.0
A004964,P0040,2025-06-23,Counselling,7.0
A004965,P0059,2025-07-03,Assessment,18.0
A004966,P0004,2026-05-23,Workshop,77.0
A004967,P0050,2025-05-31,Workshop,37.0
A004968,P0065,2025-10-01,Counselling,37.0
A004969,P0064,2025-07-04,Training,56.0
A004970,P0015,2026-05-28,Training,20.0
A004971,P0004,2025-07-15,Community Activity,75.0
A004972,P0031,2026-06-08,Assessment,48.0
A004973,P0045,2025-07-28,Workshop,64.0
A004974,P0034,2026-01-11,Counselling,64.0
A004975,P0060,2025-07-21,Awareness Session,30.0
A004976,P0009,2025-11-17,Counselling,43.0
A004977,P0022,2025-08-20,Assessment,56.0
A004978,P0058,2025-05-05,Training,63.0
A004979,P0013,2025-08-31,Workshop,43.0
A004980,P0026,2026-02-03,Assessment,78.0
A004981,P0023,2026-02-06,Workshop,32.0
A004982,P0023,2025-04-29,Community Activity,45.0
A004983,P0048,2026-05-29,Workshop,76.0
A004984,P0038,2026-02-15,Training,44.0
A004985,P0026,2025-09-28,Community Activity,8.0
A004986,P0010,2026-04-08,Awareness Session,19.0
A004987,P0027,2026-03-21,Training,25.0
A004988,P0009,2026-06-22,Community Activity,55.0
A004989,P0040,2026-01-02,Training,64.0
A004990,P0047,2025-06-20,Community Activity,80.0
A004991,P0029,2025-12-08,Assessment,73.0
A004992,P0024,2025-04-14,Training,71.0
A004993,P0028,2025-04-10,Community Activity,75.0
A004994,P0050,2026-02-24,Workshop,78.0
A004995,P0033,2025-12-13,Counselling,70.0
A004996,P0066,2025-04-12,Training,15.0
A004997,P0045,2026-05-04,Community Activity,38.0
A004998,P0019,2026-05-31,Awareness Session,49.0
A004999,P0013,2026-03-19,Workshop,25.0
A005000,P0011,2026-02-20,Workshop,
A005001,P0029,2025-11-24,Counselling,58.0
A005002,P0056,2025-04-30,Training,46.0
A005003,P0005,2025-07-27,Workshop,54.0
A005004,P0002,2025-04-28,Awareness Session,16.0
A005005,P0035,2025-07-15,Workshop,62.0
A005006,P0007,2026-01-12,Assessment,37.0
A005007,P0026,2025-12-29,Counselling,8.0
A005008,P0057,2025-11-11,Workshop,74.0
A005009,P0049,2026-01-31,Counselling,77.0
A005010,P0060,2026-06-09,Assessment,36.0
A005011,P0011,2025-06-26,Workshop,5.0
A005012,P0028,2025-10-12,Community Activity,47.0
A005013,P0009,2026-06-07,Awareness Session,62.0
A005014,P0034,2026-03-14,Workshop,9.0
A005015,P0051,2025-09-03,Workshop,39.0
A005016,P0066,2025-10-26,Awareness Session,60.0
A005017,P0023,2026-03-23,Community Activity,24.0
A005018,P0015,2025-04-14,Training,34.0
A005019,P0058,2025-06-28,Community Activity,5.0
A005020,P0012,2025-12-15,Assessment,55.0
A005021,P0048,2025-10-14,Training,66.0
A005022,P0051,2025-10-15,Awareness Session,58.0
A005023,P0004,2026-03-17,Assessment,54.0
A005024,P0063,2026-02-18,Community Activity,62.0
A005025,P0028,2025-07-28,Counselling,19.0
A005026,P0061,2026-02-10,Workshop,70.0
A005027,P0047,2026-02-18,Workshop,13.0
A005028,P0017,2025-11-17,Counselling,44.0
A005029,P0043,2025-07-08,Community Activity,36.0
A005030,P0051,2025-12-04,Training,9.0
A005031,P0026,2025-08-01,Awareness Session,39.0
A005032,P0064,2026-06-02,Counselling,77.0
A005033,P0007,2025-06-13,Counselling,51.0
A005034,P0007,2026-06-13,Training,12.0
A005035,P0003,2025-10-14,Community Activity,71.0
A005036,P0033,2025-06-17,Assessment,71.0
A005037,P0047,2026-01-15,Assessment,71.0
A005038,P0012,2025-07-28,Workshop,23.0
A005039,P0022,2025-04-02,Workshop,52.0
A005040,P0013,2025-06-18,Workshop,47.0
A005041,P0006,2026-01-15,Workshop,62.0
A005042,P0051,2025-08-10,Workshop,76.0
A005043,P0044,2025-07-15,Counselling,8.0
A005044,P0002,2026-05-01,Training,71.0
A005045,P0033,2025-08-19,Workshop,26.0
A005046,P0058,2025-06-12,Community Activity,11.0
A005047,P0004,2025-08-10,Workshop,16.0
A005048,P0047,2025-05-01,Training,68.0
A005049,P0056,2026-06-02,Training,7.0
A005050,P0067,2026-02-06,Assessment,17.0
A005051,P0054,2025-12-18,Community Activity,13.0
A005052,P0052,2025-06-01,Assessment,34.0
A005053,P0017,2025-10-27,Assessment,66.0
A005054,P0064,2025-11-28,Assessment,47.0
A005055,P0056,2025-07-11,Community Activity,74.0
A005056,P0019,2025-11-29,Assessment,16.0
A005057,P0044,2025-11-08,Counselling,61.0
A005058,P0001,2025-04-22,Training,51.0
A005059,P0057,2026-02-28,Community Activity,20.0
A005060,P0023,2026-03-22,Training,62.0
A005061,P0040,2025-12-24,Workshop,18.0
A005062,P0065,2026-06-06,Training,10.0
A005063,P0038,2026-01-27,Awareness Session,76.0
A005064,P0020,2026-05-14,Assessment,69.0
A005065,P0051,2025-08-01,Awareness Session,30.0
A005066,P0023,2025-05-12,Awareness Session,12.0
A005067,P0046,2025-12-10,Workshop,74.0
A005068,P0005,2025-08-04,Awareness Session,10.0
A005069,P0036,2026-02-25,Counselling,31.0
A005070,P0044,2026-02-05,Community Activity,56.0
A005071,P0051,2025-04-25,Awareness Session,33.0
A005072,P0032,2026-03-02,Assessment,53.0
A005073,P0022,2025-06-20,Community Activity,25.0
A005074,P0051,2026-06-12,Workshop,72.0
A005075,P0036,2026-03-28,Counselling,70.0
A005076,P0010,2025-10-13,Counselling,
A005077,P0004,2025-07-21,Community Activity,5.0
A005078,P0056,2025-11-12,Workshop,13.0
A005079,P0001,2026-05-15,Awareness Session,35.0
A005080,P0030,2025-11-26,Training,72.0
A005081,P0049,2025-07-23,Assessment,72.0
A005082,P0031,2025-12-18,Awareness Session,11.0
A005083,P0049,2025-05-22,Assessment,35.0
A005084,P0060,2025-06-24,Assessment,13.0
A005085,P0013,2026-06-22,Awareness Session,54.0
A005086,P0055,2025-05-28,Awareness Session,9.0
A005087,P0033,2026-06-15,Counselling,43.0
A005088,P0013,2025-10-17,Workshop,37.0
A005089,P0028,2025-10-20,Assessment,35.0
A005090,P0048,2026-01-15,Awareness Session,7.0
A005091,P0002,2025-12-14,Counselling,7.0
A005092,P0013,2026-03-05,Community Activity,5.0
A005093,P0042,2025-07-28,Workshop,17.0
A005094,P0018,2026-01-20,Awareness Session,77.0
A005095,P0014,2025-12-03,Community Activity,9.0
A005096,P0041,2026-02-17,Training,11.0
A005097,P0013,2025-11-26,Counselling,51.0
A005098,P0064,2026-03-25,Counselling,11.0
A005099,P0043,2025-07-19,Assessment,70.0
A005100,P0043,2025-06-15,Assessment,63.0
A005101,P0003,2025-12-24,Counselling,5.0
A005102,P0023,2025-12-08,Community Activity,70.0
A005103,P0057,2025-09-14,Awareness Session,34.0
A005104,P0058,2026-01-13,Workshop,44.0
A005105,P0056,2025-10-14,Community Activity,29.0
A005106,P0065,2025-07-15,Training,41.0
A005107,P0053,2026-05-21,Awareness Session,9.0
A005108,P0010,2026-01-03,Training,9.0
A005109,P0042,2025-09-26,Counselling,43.0
A005110,P0016,2025-06-30,Assessment,63.0
A005111,P0004,2026-01-22,Awareness Session,44.0
A005112,P0049,2025-09-25,Training,21.0
A005113,P0057,2026-05-06,Assessment,58.0
A005114,P0039,2026-06-03,Awareness Session,67.0
A005115,P0031,2025-10-04,Workshop,49.0
A005116,P0035,2026-06-02,Training,73.0
A005117,P0049,2025-09-07,Awareness Session,31.0
A005118,P0058,2025-07-15,Assessment,43.0
A005119,P0028,2025-07-27,Counselling,50.0
A005120,P0018,2026-01-29,Workshop,70.0
A005121,P0023,2025-04-30,Community Activity,65.0
A005122,P0055,2025-07-09,Assessment,47.0
A005123,P0032,2026-05-17,Community Activity,9.0
A005124,P0002,2025-11-28,Training,15.0
A005125,P0063,2025-10-28,Community Activity,
A005126,P0034,2025-12-30,Training,5.0
A005127,P0005,2026-03-30,Awareness Session,37.0
A005128,P0010,2026-05-09,Community Activity,22.0
A005129,P0043,2025-06-13,Training,38.0
A005130,P0054,2026-04-30,Workshop,27.0
A005131,P0051,2026-06-18,Community Activity,62.0
A005132,P0038,2025-11-18,Awareness Session,15.0
A005133,P0016,2026-04-02,Awareness Session,45.0
A005134,P0012,2026-01-15,Assessment,38.0
A005135,P0059,2025-09-14,Training,72.0
A005136,P0065,2025-09-13,Assessment,59.0
A005137,P0045,2026-05-06,Workshop,64.0
A005138,P0051,2025-05-19,Training,19.0
A005139,P0039,2025-06-26,Community Activity,23.0
A005140,P0017,2025-07-28,Community Activity,32.0
A005141,P0039,2025-07-24,Training,32.0
A005142,P0061,2025-12-18,Community Activity,79.0
A005143,P0029,2025-11-20,Community Activity,75.0
A005144,P0050,2026-06-14,Training,19.0
A005145,P0008,2026-01-05,Awareness Session,14.0
A005146,P0059,2026-02-10,Community Activity,32.0
A005147,P0004,2026-02-22,Counselling,16.0
A005148,P0013,2025-07-31,Counselling,68.0
A005149,P0024,2026-04-23,Training,49.0
A005150,P0065,2025-07-27,Workshop,20.0
A005151,P0062,2025-06-20,Assessment,34.0
A005152,P0029,2026-06-24,Awareness Session,39.0
A005153,P0031,2026-05-11,Community Activity,71.0
A005154,P0063,2026-02-01,Counselling,22.0
A005155,P0022,2025-05-21,Community Activity,15.0
A005156,P0052,2026-03-22,Assessment,40.0
A005157,P0006,2026-05-05,Workshop,46.0
A005158,P0057,2026-04-04,Training,71.0
A005159,P0007,2026-01-21,Awareness Session,12.0
A005160,P0010,2026-04-27,Workshop,70.0
A005161,P0050,2026-02-21,Counselling,69.0
A005162,P0010,2026-06-22,Training,19.0
A005163,P0059,2026-02-21,Assessment,78.0
A005164,P0051,2025-04-04,Community Activity,7.0
A005165,P0019,2026-05-14,Training,60.0
A005166,P0050,2025-05-29,Counselling,68.0
A005167,P0057,2025-06-09,Awareness Session,72.0
A005168,P0016,2025-12-12,Assessment,23.0
A005169,P0011,2026-03-04,Workshop,19.0
A005170,P0066,2025-11-21,Community Activity,34.0
A005171,P0014,2025-10-24,Counselling,39.0
A005172,P0038,2026-03-07,Counselling,51.0
A005173,P0062,2025-08-22,Assessment,54.0
A005174,P0066,2026-04-18,Training,61.0
A005175,P0067,2025-05-25,Awareness Session,28.0
A005176,P0033,2025-11-22,Training,47.0
A005177,P0057,2025-04-24,Assessment,68.0
A005178,P0009,2025-08-04,Assessment,29.0
A005179,P0010,2025-12-23,Counselling,63.0
A005180,P0024,2026-02-21,Awareness Session,22.0
A005181,P0055,2025-09-17,Counselling,72.0
A005182,P0066,2025-08-09,Counselling,34.0
A005183,P0041,2025-11-15,Counselling,64.0
A005184,P0054,2025-08-05,Community Activity,80.0
A005185,P0052,2026-01-22,Workshop,32.0
A005186,P0047,2025-04-22,Community Activity,25.0
A005187,P0021,2025-04-26,Counselling,56.0
A005188,P0023,2025-12-16,Awareness Session,65.0
A005189,P0002,2026-04-09,Training,30.0
A005190,P0048,2025-12-28,Assessment,55.0
A005191,P0013,2025-10-08,Community Activity,64.0
A005192,P0029,2025-08-04,Counselling,45.0
A005193,P0031,2025-12-07,Assessment,22.0
A005194,P0009,2026-05-06,Counselling,53.0
A005195,P0005,2025-04-19,Workshop,34.0
A005196,P0024,2025-11-30,Workshop,13.0
A005197,P0023,2025-06-18,Counselling,51.0
A005198,P0024,2025-12-19,Assessment,67.0
A005199,P0057,2025-06-05,Counselling,68.0
A005200,P0036,2026-02-05,Training,62.0
A005201,P0049,2025-08-01,Counselling,41.0
A005202,P0059,2025-12-10,Assessment,59.0
A005203,P0014,2026-03-26,Counselling,38.0
A005204,P0037,2025-11-23,Assessment,69.0
A005205,P0062,2026-06-03,Counselling,37.0
A005206,P0043,2025-11-01,Counselling,41.0
A005207,P0014,2026-04-11,Workshop,32.0
A005208,P0051,2025-08-07,Awareness Session,18.0
A005209,P0014,2025-04-17,Counselling,37.0
A005210,P0065,2025-09-14,Assessment,24.0
A005211,P0027,2025-04-08,Awareness Session,16.0
A005212,P0050,2025-05-27,Awareness Session,44.0
A005213,P0056,2025-06-24,Training,9.0
A005214,P0006,2026-01-31,Training,43.0
A005215,P0004,2026-02-05,Counselling,68.0
A005216,P0016,2025-04-26,Assessment,13.0
A005217,P0020,2025-09-28,Counselling,34.0
A005218,P0033,2026-01-14,Assessment,10.0
A005219,P0062,2025-09-05,Community Activity,64.0
A005220,P0060,2025-07-03,Awareness Session,7.0
A005221,P0064,2026-05-25,Workshop,17.0
A005222,P0008,2025-04-21,Counselling,66.0
A005223,P0052,2025-05-11,Awareness Session,13.0
A005224,P0049,2026-05-26,Counselling,10.0
A005225,P0067,2025-08-27,Assessment,36.0
A005226,P0003,2026-05-18,Counselling,35.0
A005227,P0067,2025-04-08,Workshop,55.0
A005228,P0028,2025-09-27,Counselling,39.0
A005229,P0033,2025-09-14,Awareness Session,25.0
A005230,P0040,2026-02-19,Community Activity,53.0
A005231,P0032,2025-12-26,Awareness Session,60.0
A005232,P0045,2025-06-24,Awareness Session,70.0
A005233,P0065,2025-09-13,Workshop,34.0
A005234,P0030,2025-07-29,Workshop,20.0
A005235,P0064,2025-08-06,Community Activity,59.0
A005236,P0057,2026-05-04,Workshop,65.0
A005237,P0037,2026-05-19,Training,47.0
A005238,P0002,2026-02-21,Community Activity,78.0
A005239,P0032,2026-01-08,Awareness Session,23.0
A005240,P0042,2026-01-16,Awareness Session,71.0
A005241,P0006,2026-05-30,Workshop,16.0
A005242,P0017,2026-06-11,Training,50.0
A005243,P0041,2025-05-31,Community Activity,23.0
A005244,P0051,2025-08-03,Community Activity,31.0
A005245,P0062,2025-11-17,Training,27.0
A005246,P0033,2025-08-03,Workshop,70.0
A005247,P0001,2025-12-10,Training,36.0
A005248,P0054,2025-05-15,Workshop,69.0
A005249,P0062,2026-05-19,Awareness Session,52.0
A005250,P0031,2025-06-30,Counselling,33.0
A005251,P0027,2025-08-07,Awareness Session,73.0
A005252,P0042,2026-05-22,Awareness Session,75.0
A005253,P0056,2026-04-14,Assessment,5.0
A005254,P0060,2026-04-26,Awareness Session,6.0
A005255,P0026,2026-03-29,Assessment,54.0
A005256,P0022,2025-10-07,Training,75.0
A005257,P0033,2026-05-11,Workshop,21.0
A005258,P0034,2026-02-01,Training,16.0
A005259,P0039,2026-02-19,Community Activity,46.0
A005260,P0011,2026-03-07,Training,58.0
A005261,P0059,2025-05-25,Counselling,60.0
A005262,P0036,2025-07-23,Workshop,23.0
A005263,P0034,2025-05-01,Community Activity,61.0
A005264,P0054,2026-02-04,Counselling,49.0
A005265,P0022,2025-04-27,Community Activity,14.0
A005266,P0023,2026-06-02,Counselling,56.0
A005267,P0011,2026-03-01,Counselling,35.0
A005268,P0003,2025-06-26,Awareness Session,75.0
A005269,P0043,2025-05-30,Training,74.0
A005270,P0041,2026-02-03,Workshop,53.0
A005271,P0022,2026-05-06,Awareness Session,43.0
A005272,P0023,2025-11-08,Counselling,60.0
A005273,P0050,2026-01-17,Counselling,12.0
A005274,P0042,2026-02-16,Community Activity,56.0
A005275,P0024,2025-12-14,Counselling,64.0
A005276,P0001,2026-03-19,Counselling,46.0
A005277,P0012,2025-07-26,Assessment,19.0
A005278,P0020,2025-07-22,Assessment,7.0
A005279,P0033,2026-01-01,Community Activity,31.0
A005280,P0028,2025-04-10,Counselling,37.0
A005281,P0042,2025-05-28,Assessment,45.0
A005282,P0015,2026-01-28,Workshop,27.0
A005283,P0050,2025-10-08,Counselling,55.0
A005284,P0023,2025-11-29,Assessment,40.0
A005285,P0064,2025-09-14,Assessment,39.0
A005286,P0033,2025-06-01,Training,43.0
A005287,P0033,2025-10-27,Training,50.0
A005288,P0057,2025-05-30,Workshop,28.0
A005289,P0003,2026-02-23,Community Activity,20.0
A005290,P0040,2025-06-13,Counselling,70.0
A005291,P0021,2026-01-13,Training,37.0
A005292,P0066,2026-06-21,Counselling,24.0
A005293,P0050,2025-05-09,Training,61.0
A005294,P0018,2025-08-24,Community Activity,46.0
A005295,P0057,2025-04-24,Counselling,74.0
A005296,P0032,2025-04-02,Assessment,71.0
A005297,P0048,2025-08-22,Assessment,26.0
A005298,P0039,2026-06-09,Community Activity,60.0
A005299,P0029,2026-03-06,Workshop,30.0
A005300,P0033,2025-05-24,Awareness Session,73.0
A005301,P0028,2025-10-01,Assessment,30.0
A005302,P0066,2026-03-26,Training,19.0
A005303,P0041,2025-06-01,Community Activity,11.0
A005304,P0014,2026-02-21,Counselling,34.0
A005305,P0056,2026-03-04,Counselling,24.0
A005306,P0023,2026-02-27,Workshop,11.0
A005307,P0011,2025-10-05,Assessment,41.0
A005308,P0058,2025-10-20,Awareness Session,70.0
A005309,P0049,2025-07-10,Awareness Session,62.0
A005310,P0039,2026-03-13,Awareness Session,9.0
A005311,P0059,2025-04-20,Awareness Session,13.0
A005312,P0018,2026-04-11,Community Activity,45.0
A005313,P0052,2025-06-03,Assessment,55.0
A005314,P0004,2025-08-05,Assessment,28.0
A005315,P0034,2025-07-07,Awareness Session,63.0
A005316,P0002,2026-02-18,Counselling,8.0
A005317,P0002,2025-10-24,Counselling,42.0
A005318,P0018,2026-06-07,Community Activity,10.0
A005319,P0007,2025-06-25,Counselling,26.0
A005320,P0042,2026-01-07,Training,69.0
A005321,P0012,2025-11-28,Assessment,61.0
A005322,P0025,2026-06-10,Counselling,63.0
A005323,P0067,2025-05-31,Assessment,76.0
A005324,P0059,2025-12-11,Awareness Session,28.0
A005325,P0059,2025-04-09,Assessment,38.0
A005326,P0028,2025-04-05,Awareness Session,31.0
A005327,P0047,2025-09-05,Community Activity,8.0
A005328,P0009,2025-12-16,Workshop,57.0
A005329,P0020,2025-09-06,Assessment,30.0
A005330,P0033,2025-12-26,Training,40.0
A005331,P0021,2026-01-06,Assessment,9.0
A005332,P0063,2025-07-22,Assessment,60.0
A005333,P0010,2026-01-09,Counselling,53.0
A005334,P0043,2026-05-04,Workshop,42.0
A005335,P0028,2025-07-21,Counselling,28.0
A005336,P0018,2026-02-27,Awareness Session,34.0
A005337,P0041,2025-12-21,Workshop,79.0
A005338,P0044,2025-06-05,Workshop,59.0
A005339,P0051,2025-04-23,Community Activity,72.0
A005340,P0037,2026-01-29,Workshop,38.0
A005341,P0059,2025-09-08,Assessment,47.0
A005342,P0041,2026-05-17,Counselling,67.0
A005343,P0026,2026-02-13,Awareness Session,50.0
A005344,P0033,2026-04-27,Assessment,5.0
A005345,P0057,2026-05-25,Training,50.0
A005346,P0036,2025-08-01,Training,75.0
A005347,P0013,2026-04-21,Training,47.0
A005348,P0041,2026-01-05,Counselling,75.0
A005349,P0031,2026-05-11,Assessment,62.0
A005350,P0023,2026-03-01,Workshop,38.0
A005351,P0001,2025-04-24,Assessment,59.0
A005352,P0054,2025-12-10,Assessment,53.0
A005353,P0017,2026-03-13,Workshop,51.0
A005354,P0014,2026-06-11,Training,61.0
A005355,P0023,2025-06-24,Community Activity,72.0
A005356,P0064,2025-10-26,Workshop,
A005357,P0041,2025-10-03,Training,21.0
A005358,P0042,2025-05-05,Assessment,23.0
A005359,P0027,2025-12-03,Community Activity,44.0
A005360,P0018,2026-06-13,Community Activity,32.0
A005361,P0021,2026-05-15,Training,40.0
A005362,P0037,2026-01-27,Workshop,51.0
A005363,P0057,2025-08-31,Awareness Session,27.0
A005364,P0035,2025-10-30,Training,24.0
A005365,P0061,2025-12-04,Counselling,6.0
A005366,P0003,2025-08-17,Assessment,19.0
A005367,P0024,2026-01-05,Workshop,16.0
A005368,P0065,2025-06-17,Workshop,51.0
A005369,P0001,2026-05-13,Awareness Session,40.0
A005370,P0056,2026-02-23,Training,32.0
A005371,P0037,2026-04-21,Assessment,14.0
A005372,P0008,2025-04-06,Assessment,60.0
A005373,P0023,2026-01-06,Training,13.0
A005374,P0039,2026-03-03,Assessment,20.0
A005375,P0048,2025-04-03,Counselling,78.0
A005376,P0010,2025-08-11,Training,20.0
A005377,P0026,2026-05-21,Counselling,33.0
A005378,P0041,2026-01-29,Community Activity,73.0
A005379,P0034,2025-05-25,Counselling,27.0
A005380,P0018,2025-11-07,Workshop,57.0
A005381,P0034,2026-05-25,Assessment,72.0
A005382,P0064,2026-01-17,Assessment,32.0
A005383,P0005,2026-04-16,Community Activity,73.0
A005384,P0024,2025-07-28,Awareness Session,67.0
A005385,P0009,2025-08-03,Assessment,77.0
A005386,P0018,2026-05-14,Community Activity,52.0
A005387,P0019,2026-06-14,Training,21.0
A005388,P0009,2026-05-17,Counselling,7.0
A005389,P0039,2026-04-15,Training,70.0
A005390,P0059,2026-05-24,Assessment,58.0
A005391,P0025,2025-08-19,Training,79.0
A005392,P0029,2026-03-01,Assessment,78.0
A005393,P0042,2026-04-04,Awareness Session,25.0
A005394,P0020,2026-02-10,Community Activity,79.0
A005395,P0041,2026-01-08,Awareness Session,58.0
A005396,P0008,2025-06-14,Community Activity,72.0
A005397,P0016,2025-12-18,Community Activity,34.0
A005398,P0028,2025-05-26,Community Activity,42.0
A005399,P0067,2025-09-02,Assessment,8.0
A005400,P0007,2025-09-17,Training,7.0
A005401,P0046,2025-11-11,Counselling,45.0
A005402,P0017,2025-05-08,Assessment,72.0
A005403,P0052,2026-06-13,Awareness Session,21.0
A005404,P0031,2025-04-19,Community Activity,7.0
A005405,P0014,2026-03-31,Community Activity,21.0
A005406,P0057,2025-10-31,Workshop,51.0
A005407,P0054,2026-03-25,Assessment,8.0
A005408,P0066,2025-08-19,Workshop,74.0
A005409,P0053,2025-06-07,Workshop,33.0
A005410,P0016,2025-12-18,Counselling,40.0
A005411,P0053,2026-05-18,Awareness Session,65.0
A005412,P0015,2025-07-03,Community Activity,53.0
A005413,P0011,2025-11-03,Assessment,36.0
A005414,P0057,2026-06-19,Workshop,51.0
A005415,P0039,2025-04-15,Awareness Session,9.0
A005416,P0066,2025-08-18,Community Activity,69.0
A005417,P0013,2025-04-21,Awareness Session,26.0
A005418,P0051,2026-03-04,Awareness Session,64.0
A005419,P0062,2026-01-06,Awareness Session,28.0
A005420,P0029,2026-01-19,Awareness Session,62.0
A005421,P0008,2025-12-07,Awareness Session,49.0
A005422,P0020,2026-02-19,Training,65.0
A005423,P0030,2025-10-21,Training,57.0
A005424,P0058,2025-05-19,Awareness Session,71.0
A005425,P0051,2025-04-29,Training,26.0
A005426,P0020,2026-06-20,Assessment,15.0
A005427,P0038,2025-09-17,Counselling,39.0
A005428,P0008,2026-01-03,Community Activity,64.0
A005429,P0065,2025-12-07,Training,80.0
A005430,P0006,2025-07-04,Training,68.0
A005431,P0044,2026-01-29,Workshop,65.0
A005432,P0001,2025-04-28,Counselling,13.0
A005433,P0065,2025-11-25,Awareness Session,36.0
A005434,P0045,2025-08-29,Awareness Session,43.0
A005435,P0012,2025-05-23,Awareness Session,15.0
A005436,P0004,2026-04-05,Assessment,17.0
A005437,P0043,2026-04-18,Workshop,67.0
A005438,P0025,2026-04-18,Community Activity,40.0
A005439,P0012,2025-12-28,Counselling,64.0
A005440,P0038,2026-06-18,Training,13.0
A005441,P0056,2025-05-10,Workshop,48.0
A005442,P0002,2025-07-28,Community Activity,10.0
A005443,P0012,2026-03-19,Training,28.0
A005444,P0065,2025-05-09,Assessment,39.0
A005445,P0047,2025-06-07,Workshop,41.0
A005446,P0042,2025-12-18,Workshop,50.0
A005447,P0057,2026-01-28,Training,46.0
A005448,P0039,2025-08-17,Community Activity,34.0
A005449,P0047,2025-12-22,Workshop,80.0
A005450,P0066,2026-01-12,Counselling,27.0
A005451,P0039,2026-02-21,Training,16.0
A005452,P0056,2026-05-03,Awareness Session,73.0
A005453,P0043,2025-07-27,Assessment,75.0
A005454,P0031,2025-10-04,Training,28.0
A005455,P0005,2026-04-25,Awareness Session,11.0
A005456,P0002,2026-02-08,Training,73.0
A005457,P0056,2025-07-25,Community Activity,54.0
A005458,P0048,2026-04-02,Assessment,68.0
A005459,P0007,2025-04-18,Awareness Session,9.0
A005460,P0052,2025-05-03,Training,43.0
A005461,P0040,2026-05-19,Training,62.0
A005462,P0031,2025-06-23,Counselling,80.0
A005463,P0055,2026-03-29,Assessment,56.0
A005464,P0059,2025-04-01,Counselling,5.0
A005465,P0032,2025-10-02,Counselling,73.0
A005466,P0029,2026-03-03,Awareness Session,11.0
A005467,P0062,2025-10-04,Assessment,38.0
A005468,P0023,2026-05-15,Assessment,5.0
A005469,P0015,2025-09-28,Counselling,45.0
A005470,P0039,2025-08-24,Workshop,34.0
A005471,P0040,2025-07-11,Awareness Session,14.0
A005472,P0006,2025-04-24,Counselling,49.0
A005473,P0037,2025-12-30,Assessment,7.0
A005474,P0017,2025-09-14,Counselling,61.0
A005475,P0051,2025-11-25,Community Activity,19.0
A005476,P0014,2025-10-24,Community Activity,77.0
A005477,P0008,2026-05-25,Training,46.0
A005478,P0050,2025-06-29,Assessment,72.0
A005479,P0033,2026-05-21,Counselling,7.0
A005480,P0047,2025-10-29,Awareness Session,71.0
A005481,P0029,2025-06-09,Counselling,73.0
A005482,P0020,2025-06-30,Workshop,7.0
A005483,P0048,2025-08-05,Counselling,32.0
A005484,P0016,2025-06-11,Awareness Session,33.0
A005485,P0055,2026-01-20,Community Activity,80.0
A005486,P0016,2025-06-25,Assessment,35.0
A005487,P0003,2025-05-07,Workshop,35.0
A005488,P0025,2025-05-08,Counselling,50.0
A005489,P0037,2025-09-09,Counselling,76.0
A005490,P0002,2025-11-26,Workshop,7.0
A005491,P0003,2026-05-17,Workshop,67.0
A005492,P0063,2026-06-21,Assessment,77.0
A005493,P0059,2025-04-30,Workshop,56.0
A005494,P0059,2025-11-16,Training,51.0
A005495,P0055,2025-05-11,Assessment,27.0
A005496,P0030,2026-04-13,Assessment,43.0
A005497,P0032,2025-11-09,Counselling,16.0
A005498,P0016,2025-12-20,Awareness Session,45.0
A005499,P0037,2025-12-07,Training,48.0
A005500,P0009,2025-12-20,Awareness Session,22.0
A005501,P0057,2025-07-10,Community Activity,67.0
A005502,P0064,2025-04-09,Community Activity,69.0
A005503,P0049,2025-11-21,Assessment,66.0
A005504,P0023,2026-03-20,Training,40.0
A005505,P0063,2025-08-31,Counselling,33.0
A005506,P0041,2026-04-28,Awareness Session,56.0
A005507,P0046,2025-06-03,Counselling,34.0
A005508,P0049,2025-12-15,Training,63.0
A005509,P0017,2026-03-24,Workshop,46.0
A005510,P0002,2025-04-27,Training,28.0
A005511,P0066,2025-08-04,Training,27.0
A005512,P0010,2025-06-13,Counselling,43.0
A005513,P0008,2025-06-05,Counselling,5.0
A005514,P0041,2025-07-26,Awareness Session,53.0
A005515,P0038,2026-03-04,Workshop,56.0
A005516,P0033,2025-05-29,Training,36.0
A005517,P0023,2025-09-15,Workshop,73.0
A005518,P0058,2026-01-05,Workshop,19.0
A005519,P0064,2025-08-29,Assessment,14.0
A005520,P0040,2026-05-30,Workshop,37.0
A005521,P0045,2025-12-09,Workshop,44.0
A005522,P0001,2026-02-03,Counselling,27.0
A005523,P0058,2026-01-30,Workshop,66.0
A005524,P0044,2025-10-11,Assessment,16.0
A005525,P0035,2025-05-31,Training,34.0
A005526,P0064,2025-06-03,Workshop,15.0
A005527,P0053,2026-05-23,Awareness Session,46.0
A005528,P0017,2026-01-08,Awareness Session,53.0
A005529,P0013,2025-06-03,Workshop,24.0
A005530,P0017,2026-04-02,Training,72.0
A005531,P0040,2026-02-10,Community Activity,67.0
A005532,P0034,2026-01-16,Awareness Session,19.0
A005533,P0051,2025-05-23,Community Activity,21.0
A005534,P0055,2025-10-17,Awareness Session,24.0
A005535,P0040,2026-04-13,Counselling,80.0
A005536,P0007,2025-12-12,Awareness Session,11.0
A005537,P0034,2025-08-02,Awareness Session,78.0
A005538,P0036,2025-06-10,Workshop,43.0
A005539,P0040,2026-06-16,Workshop,41.0
A005540,P0018,2025-08-19,Training,71.0
A005541,P0024,2025-07-24,Training,51.0
A005542,P0031,2025-06-16,Awareness Session,57.0
A005543,P0055,2026-02-03,Training,
A005544,P0013,2025-04-17,Training,13.0
A005545,P0061,2025-10-02,Community Activity,30.0
A005546,P0023,2026-02-10,Assessment,51.0
A005547,P0027,2026-05-04,Community Activity,18.0
A005548,P0041,2025-06-17,Counselling,54.0
A005549,P0043,2026-04-10,Counselling,75.0
A005550,P0023,2026-05-08,Assessment,72.0
A005551,P0011,2025-09-10,Assessment,41.0
A005552,P0019,2025-08-24,Training,33.0
A005553,P0007,2025-04-17,Awareness Session,37.0
A005554,P0063,2026-03-06,Community Activity,25.0
A005555,P0047,2025-08-31,Assessment,54.0
A005556,P0025,2026-01-18,Training,73.0
A005557,P0013,2026-05-12,Workshop,50.0
A005558,P0059,2025-08-29,Counselling,44.0
A005559,P0053,2025-05-16,Community Activity,43.0
A005560,P0058,2025-10-29,Assessment,65.0
A005561,P0038,2025-08-13,Assessment,72.0
A005562,P0015,2025-06-26,Assessment,28.0
A005563,P0043,2026-02-12,Counselling,54.0
A005564,P0045,2026-05-12,Assessment,51.0
A005565,P0032,2025-06-30,Training,51.0
A005566,P0037,2025-10-30,Counselling,24.0
A005567,P0033,2025-08-27,Counselling,54.0
A005568,P0054,2026-02-08,Awareness Session,21.0
A005569,P0024,2026-06-08,Assessment,17.0
A005570,P0004,2025-09-03,Training,5.0
A005571,P0001,2025-07-10,Community Activity,12.0
A005572,P0063,2025-06-05,Assessment,22.0
A005573,P0032,2026-03-15,Training,5.0
A005574,P0065,2026-04-05,Workshop,24.0
A005575,P0051,2025-04-09,Assessment,43.0
A005576,P0010,2025-05-05,Counselling,9.0
A005577,P0021,2025-11-17,Awareness Session,30.0
A005578,P0015,2026-04-02,Assessment,65.0
A005579,P0045,2025-05-31,Counselling,58.0
A005580,P0052,2025-06-07,Counselling,65.0
A005581,P0009,2026-04-17,Awareness Session,10.0
A005582,P0004,2026-01-04,Workshop,61.0
A005583,P0028,2026-04-25,Workshop,76.0
A005584,P0045,2025-07-09,Counselling,52.0
A005585,P0048,2026-05-01,Workshop,77.0
A005586,P0041,2026-02-09,Assessment,11.0
A005587,P0027,2026-02-15,Training,30.0
A005588,P0020,2025-09-14,Workshop,45.0
A005589,P0031,2026-01-22,Training,48.0
A005590,P0012,2025-04-03,Training,22.0
A005591,P0054,2025-08-04,Counselling,28.0
A005592,P0049,2025-05-12,Workshop,5.0
A005593,P0040,2025-09-18,Training,9.0
A005594,P0048,2025-07-29,Workshop,37.0
A005595,P0045,2025-10-30,Counselling,60.0
A005596,P0037,2025-10-11,Assessment,53.0
A005597,P0027,2025-07-05,Counselling,37.0
A005598,P0021,2026-01-10,Training,27.0
A005599,P0007,2025-09-22,Counselling,10.0
A005600,P0032,2025-11-11,Workshop,71.0
A005601,P0049,2026-05-15,Assessment,62.0
A005602,P0057,2025-12-09,Assessment,23.0
A005603,P0022,2025-08-21,Assessment,34.0
A005604,P0035,2026-01-26,Assessment,44.0
A005605,P0003,2025-10-18,Community Activity,50.0
A005606,P0022,2026-02-11,Community Activity,46.0
A005607,P0039,2026-05-09,Assessment,21.0
A005608,P0020,2026-01-30,Community Activity,42.0
A005609,P0013,2026-01-08,Awareness Session,29.0
A005610,P0039,2025-11-20,Counselling,50.0
A005611,P0067,2025-10-10,Workshop,48.0
A005612,P0051,2025-12-21,Assessment,69.0
A005613,P0064,2026-04-15,Training,20.0
A005614,P0045,2026-06-16,Awareness Session,80.0
A005615,P0020,2026-02-01,Assessment,79.0
A005616,P0007,2026-05-27,Counselling,78.0
A005617,P0057,2025-06-23,Training,7.0
A005618,P0049,2026-04-12,Community Activity,72.0
A005619,P0045,2025-08-25,Assessment,36.0
A005620,P0044,2025-09-19,Training,7.0
A005621,P0010,2025-12-23,Counselling,49.0
A005622,P0007,2026-04-17,Awareness Session,54.0
A005623,P0033,2026-02-28,Assessment,22.0
A005624,P0021,2025-11-03,Community Activity,42.0
A005625,P0047,2025-06-15,Assessment,67.0
A005626,P0012,2026-06-03,Workshop,73.0
A005627,P0034,2025-08-13,Counselling,73.0
A005628,P0049,2025-08-09,Workshop,60.0
A005629,P0046,2026-03-25,Awareness Session,13.0
A005630,P0062,2025-12-10,Community Activity,26.0
A005631,P0016,2026-02-12,Community Activity,80.0
A005632,P0058,2025-12-13,Workshop,66.0
A005633,P0046,2025-04-15,Workshop,24.0
A005634,P0001,2026-06-02,Assessment,68.0
A005635,P0001,2025-04-11,Training,9.0
A005636,P0016,2026-04-20,Workshop,7.0
A005637,P0058,2025-12-15,Assessment,24.0
A005638,P0046,2025-08-28,Training,9.0
A005639,P0031,2026-06-01,Community Activity,55.0
A005640,P0067,2025-08-12,Workshop,69.0
A005641,P0036,2025-04-22,Workshop,63.0
A005642,P0054,2025-07-18,Workshop,47.0
A005643,P0062,2026-01-31,Community Activity,75.0
A005644,P0057,2026-01-09,Counselling,76.0
A005645,P0053,2026-02-28,Workshop,25.0
A005646,P0027,2025-11-24,Workshop,39.0
A005647,P0063,2025-11-10,Community Activity,46.0
A005648,P0064,2026-04-13,Counselling,54.0
A005649,P0030,2025-04-29,Counselling,80.0
A005650,P0032,2026-04-24,Awareness Session,58.0
A005651,P0048,2026-03-30,Assessment,24.0
A005652,P0065,2026-05-24,Training,43.0
A005653,P0020,2025-08-17,Training,50.0
A005654,P0014,2025-12-13,Assessment,23.0
A005655,P0044,2026-04-03,Workshop,7.0
A005656,P0046,2025-12-19,Training,52.0
A005657,P0014,2026-04-22,Community Activity,60.0
A005658,P0062,2025-05-01,Training,7.0
A005659,P0033,2026-04-22,Counselling,62.0
A005660,P0029,2025-12-29,Awareness Session,41.0
A005661,P0034,2025-04-18,Awareness Session,71.0
A005662,P0053,2025-06-18,Community Activity,57.0
A005663,P0059,2025-12-09,Awareness Session,42.0
A005664,P0019,2026-04-10,Counselling,21.0
A005665,P0066,2025-07-26,Workshop,65.0
A005666,P0036,2026-03-21,Counselling,22.0
A005667,P0021,2026-03-02,Training,29.0
A005668,P0017,2025-07-14,Training,
A005669,P0063,2025-07-03,Assessment,35.0
A005670,P0065,2025-07-08,Community Activity,12.0
A005671,P0030,2025-11-30,Awareness Session,58.0
A005672,P0036,2025-08-23,Training,52.0
A005673,P0001,2026-03-01,Counselling,24.0
A005674,P0057,2025-09-17,Community Activity,48.0
A005675,P0059,2025-11-28,Community Activity,47.0
A005676,P0047,2026-01-08,Counselling,63.0
A005677,P0004,2026-06-23,Assessment,30.0
A005678,P0001,2026-01-11,Assessment,33.0
A005679,P0021,2026-05-19,Assessment,28.0
A005680,P0013,2025-12-08,Assessment,64.0
A005681,P0009,2025-06-08,Assessment,15.0
A005682,P0062,2025-10-10,Assessment,75.0
A005683,P0037,2025-04-04,Assessment,10.0
A005684,P0019,2025-08-17,Assessment,53.0
A005685,P0016,2025-10-03,Assessment,28.0
A005686,P0042,2025-08-19,Assessment,59.0
A005687,P0035,2025-12-22,Awareness Session,14.0
A005688,P0066,2026-03-30,Community Activity,33.0
A005689,P0033,2025-11-02,Training,78.0
A005690,P0048,2025-12-30,Assessment,73.0
A005691,P0048,2025-06-26,Counselling,55.0
A005692,P0030,2025-07-14,Counselling,15.0
A005693,P0055,2025-09-17,Training,72.0
A005694,P0036,2025-07-16,Counselling,20.0
A005695,P0032,2025-07-08,Assessment,43.0
A005696,P0025,2025-09-19,Assessment,64.0
A005697,P0019,2026-02-12,Community Activity,37.0
A005698,P0052,2026-03-13,Assessment,56.0
A005699,P0046,2026-03-01,Training,18.0
A005700,P0054,2025-08-30,Training,19.0
A005701,P0018,2026-01-11,Awareness Session,61.0
A005702,P0062,2026-06-23,Community Activity,47.0
A005703,P0067,2025-05-11,Assessment,26.0
A005704,P0047,2025-12-09,Community Activity,55.0
A005705,P0024,2025-06-06,Workshop,6.0
A005706,P0023,2025-04-24,Counselling,13.0
A005707,P0024,2026-01-13,Awareness Session,32.0
A005708,P0031,2026-06-21,Assessment,50.0
A005709,P0056,2025-08-10,Counselling,47.0
A005710,P0018,2025-04-01,Workshop,77.0
A005711,P0014,2025-04-21,Workshop,44.0
A005712,P0018,2026-04-27,Assessment,38.0
A005713,P0036,2026-01-27,Assessment,69.0
A005714,P0022,2025-08-18,Community Activity,47.0
A005715,P0056,2025-08-07,Community Activity,31.0
A005716,P0058,2026-05-11,Assessment,78.0
A005717,P0024,2025-10-23,Counselling,57.0
A005718,P0015,2025-09-03,Community Activity,21.0
A005719,P0049,2025-10-17,Counselling,71.0
A005720,P0066,2025-06-03,Awareness Session,68.0
A005721,P0018,2026-05-29,Community Activity,64.0
A005722,P0022,2025-07-10,Training,20.0
A005723,P0013,2025-11-03,Community Activity,77.0
A005724,P0001,2025-05-25,Community Activity,48.0
A005725,P0002,2026-03-09,Workshop,80.0
A005726,P0051,2026-02-10,Assessment,68.0
A005727,P0028,2025-07-17,Training,34.0
A005728,P0019,2025-11-15,Workshop,60.0
A005729,P0022,2025-05-11,Community Activity,36.0
A005730,P0047,2025-10-25,Training,73.0
A005731,P0046,2025-05-29,Training,16.0
A005732,P0004,2026-05-25,Community Activity,28.0
A005733,P0045,2026-01-14,Training,37.0
A005734,P0015,2026-03-31,Community Activity,70.0
A005735,P0002,2025-11-08,Counselling,40.0
A005736,P0052,2025-05-15,Awareness Session,57.0
A005737,P0021,2026-04-12,Counselling,10.0
A005738,P0067,2025-06-14,Training,45.0
A005739,P0055,2025-05-20,Counselling,38.0
A005740,P0063,2025-05-17,Assessment,30.0
A005741,P0032,2025-07-28,Assessment,70.0
A005742,P0066,2025-09-19,Assessment,18.0
A005743,P0003,2026-03-10,Assessment,41.0
A005744,P0025,2025-05-03,Training,19.0
A005745,P0067,2026-02-26,Workshop,62.0
A005746,P0046,2026-01-02,Awareness Session,23.0
A005747,P0004,2025-09-21,Workshop,23.0
A005748,P0002,2025-11-11,Awareness Session,8.0
A005749,P0047,2025-10-18,Workshop,47.0
A005750,P0063,2026-05-20,Community Activity,11.0
A005751,P0046,2025-06-01,Assessment,17.0
A005752,P0061,2026-04-13,Community Activity,80.0
A005753,P0014,2025-11-08,Assessment,78.0
A005754,P0004,2025-12-28,Counselling,43.0
A005755,P0050,2025-12-24,Counselling,34.0
A005756,P0057,2025-05-24,Training,37.0
A005757,P0045,2026-04-03,Awareness Session,66.0
A005758,P0016,2026-04-28,Awareness Session,59.0
A005759,P0039,2026-01-16,Training,70.0
A005760,P0008,2025-09-28,Assessment,23.0
A005761,P0046,2026-06-01,Counselling,46.0
A005762,P0064,2026-02-20,Training,66.0
A005763,P0052,2026-02-06,Assessment,31.0
A005764,P0019,2026-06-22,Workshop,11.0
A005765,P0029,2025-09-03,Training,44.0
A005766,P0051,2025-11-01,Training,69.0
A005767,P0014,2026-01-10,Assessment,72.0
A005768,P0036,2026-03-08,Community Activity,20.0
A005769,P0011,2026-04-13,Workshop,31.0
A005770,P0056,2026-06-16,Counselling,75.0
A005771,P0050,2025-08-30,Training,53.0
A005772,P0045,2025-08-26,Training,22.0
A005773,P0039,2025-09-02,Community Activity,69.0
A005774,P0065,2025-11-17,Training,61.0
A005775,P0034,2025-11-11,Counselling,69.0
A005776,P0030,2026-05-08,Counselling,80.0
A005777,P0021,2026-03-12,Workshop,48.0
A005778,P0003,2026-01-19,Workshop,15.0
A005779,P0032,2025-05-30,Awareness Session,74.0
A005780,P0057,2026-04-22,Awareness Session,27.0
A005781,P0057,2026-05-12,Counselling,63.0
A005782,P0023,2025-07-18,Community Activity,60.0
A005783,P0050,2026-02-09,Training,11.0
A005784,P0015,2025-11-05,Counselling,47.0
A005785,P0050,2025-06-30,Awareness Session,66.0
A005786,P0063,2025-06-13,Community Activity,40.0
A005787,P0020,2026-01-05,Awareness Session,63.0
A005788,P0041,2026-06-14,Assessment,52.0
A005789,P0047,2025-09-27,Awareness Session,79.0
A005790,P0038,2025-11-15,Workshop,57.0
A005791,P0006,2025-05-11,Assessment,53.0
A005792,P0066,2025-10-11,Community Activity,48.0
A005793,P0044,2026-03-20,Assessment,5.0
A005794,P0019,2026-05-11,Training,56.0
A005795,P0030,2026-04-04,Awareness Session,26.0
A005796,P0034,2025-07-23,Awareness Session,67.0
A005797,P0054,2026-06-24,Assessment,78.0
A005798,P0029,2025-04-28,Counselling,49.0
A005799,P0010,2025-11-18,Workshop,37.0
A005800,P0028,2025-07-15,Awareness Session,45.0
A005801,P0058,2025-11-02,Counselling,70.0
A005802,P0058,2026-01-19,Awareness Session,19.0
A005803,P0014,2026-03-26,Counselling,80.0
A005804,P0011,2025-10-31,Workshop,12.0
A005805,P0041,2026-02-17,Workshop,45.0
A005806,P0022,2026-06-16,Workshop,17.0
A005807,P0055,2025-11-20,Workshop,32.0
A005808,P0018,2025-09-12,Training,7.0
A005809,P0050,2026-04-21,Assessment,48.0
A005810,P0067,2026-06-15,Awareness Session,31.0
A005811,P0029,2025-11-01,Awareness Session,19.0
A005812,P0024,2025-06-18,Community Activity,56.0
A005813,P0021,2026-03-19,Community Activity,60.0
A005814,P0039,2026-01-26,Counselling,79.0
A005815,P0051,2025-05-23,Community Activity,11.0
A005816,P0025,2025-06-16,Training,77.0
A005817,P0018,2025-04-07,Community Activity,34.0
A005818,P0056,2026-04-11,Awareness Session,38.0
A005819,P0061,2026-05-28,Community Activity,71.0
A005820,P0010,2025-06-07,Workshop,47.0
A005821,P0022,2026-02-13,Awareness Session,50.0
A005822,P0053,2025-09-21,Counselling,8.0
A005823,P0026,2025-11-05,Awareness Session,50.0
A005824,P0051,2025-11-10,Counselling,33.0
A005825,P0029,2025-04-02,Workshop,22.0
A005826,P0025,2025-08-21,Counselling,49.0
A005827,P0022,2025-04-05,Awareness Session,63.0
A005828,P0057,2025-12-15,Awareness Session,43.0
A005829,P0060,2025-08-22,Counselling,21.0
A005830,P0024,2025-05-19,Training,43.0
A005831,P0004,2026-03-12,Counselling,57.0
A005832,P0021,2025-08-12,Awareness Session,7.0
A005833,P0056,2026-01-16,Workshop,78.0
A005834,P0067,2025-09-13,Counselling,30.0
A005835,P0062,2025-06-25,Workshop,40.0
A005836,P0056,2025-06-03,Awareness Session,16.0
A005837,P0013,2026-05-21,Awareness Session,32.0
A005838,P0039,2025-12-13,Assessment,7.0
A005839,P0040,2025-08-03,Awareness Session,30.0
A005840,P0001,2025-05-18,Counselling,31.0
A005841,P0010,2026-01-04,Counselling,67.0
A005842,P0043,2025-12-30,Assessment,20.0
A005843,P0041,2025-08-23,Counselling,61.0
A005844,P0056,2025-11-15,Training,50.0
A005845,P0047,2025-05-01,Community Activity,23.0
A005846,P0040,2026-06-12,Awareness Session,8.0
A005847,P0056,2026-02-10,Awareness Session,43.0
A005848,P0006,2025-12-11,Assessment,53.0
A005849,P0035,2026-02-16,Awareness Session,63.0
A005850,P0040,2025-06-12,Training,37.0
A005851,P0010,2025-06-25,Awareness Session,69.0
A005852,P0008,2026-03-28,Counselling,65.0
A005853,P0062,2025-04-18,Community Activity,70.0
A005854,P0060,2026-04-14,Awareness Session,51.0
A005855,P0038,2025-12-30,Training,61.0
A005856,P0057,2025-06-22,Community Activity,36.0
A005857,P0051,2026-03-31,Counselling,62.0
A005858,P0056,2025-07-11,Counselling,50.0
A005859,P0063,2025-10-08,Community Activity,60.0
A005860,P0025,2026-01-12,Training,53.0
A005861,P0060,2026-01-10,Assessment,55.0
A005862,P0065,2026-03-10,Assessment,39.0
A005863,P0041,2025-07-06,Awareness Session,46.0
A005864,P0064,2026-04-05,Workshop,43.0
A005865,P0011,2025-10-28,Counselling,13.0
A005866,P0044,2025-12-11,Training,51.0
A005867,P0050,2025-06-19,Training,35.0
A005868,P0044,2025-09-26,Counselling,20.0
A005869,P0048,2025-05-02,Training,62.0
A005870,P0031,2026-01-02,Assessment,22.0
A005871,P0033,2026-05-19,Assessment,14.0
A005872,P0021,2025-12-19,Community Activity,13.0
A005873,P0061,2026-01-19,Counselling,53.0
A005874,P0007,2025-08-18,Assessment,25.0
A005875,P0028,2025-10-04,Counselling,23.0
A005876,P0029,2026-03-14,Community Activity,79.0
A005877,P0050,2025-04-14,Awareness Session,11.0
A005878,P0002,2026-02-21,Workshop,8.0
A005879,P0011,2025-04-17,Training,50.0
A005880,P0003,2025-08-29,Training,21.0
A005881,P0010,2025-06-16,Community Activity,33.0
A005882,P0024,2025-04-20,Training,32.0
A005883,P0023,2025-12-07,Community Activity,32.0
A005884,P0045,2025-08-11,Training,8.0
A005885,P0067,2025-08-12,Workshop,80.0
A005886,P0066,2026-05-02,Training,8.0
A005887,P0021,2025-08-09,Counselling,15.0
A005888,P0048,2025-09-28,Training,69.0
A005889,P0017,2026-05-20,Workshop,53.0
A005890,P0017,2025-08-09,Workshop,40.0
A005891,P0056,2026-04-27,Assessment,62.0
A005892,P0058,2025-06-10,Training,18.0
A005893,P0054,2025-05-20,Counselling,67.0
A005894,P0052,2025-07-19,Assessment,7.0
A005895,P0044,2025-06-10,Workshop,35.0
A005896,P0026,2025-06-14,Awareness Session,54.0
A005897,P0065,2026-06-17,Awareness Session,59.0
A005898,P0019,2025-04-21,Workshop,67.0
A005899,P0013,2026-05-09,Workshop,63.0
A005900,P0057,2025-07-02,Training,31.0
A005901,P0033,2025-11-20,Training,29.0
A005902,P0055,2026-02-24,Training,10.0
A005903,P0022,2026-06-07,Workshop,14.0
A005904,P0026,2026-01-19,Counselling,30.0
A005905,P0038,2026-01-14,Workshop,10.0
A005906,P0003,2025-07-31,Training,25.0
A005907,P0044,2025-05-29,Workshop,26.0
A005908,P0065,2025-12-24,Counselling,51.0
A005909,P0028,2026-04-27,Community Activity,77.0
A005910,P0014,2026-03-09,Community Activity,44.0
A005911,P0046,2025-09-23,Workshop,51.0
A005912,P0025,2025-07-15,Training,42.0
A005913,P0014,2025-10-12,Community Activity,32.0
A005914,P0062,2025-05-08,Workshop,56.0
A005915,P0046,2025-05-04,Counselling,16.0
A005916,P0009,2025-08-10,Awareness Session,28.0
A005917,P0051,2026-04-26,Community Activity,28.0
A005918,P0006,2026-03-07,Counselling,73.0
A005919,P0003,2026-03-30,Awareness Session,13.0
A005920,P0038,2026-02-24,Assessment,39.0
A005921,P0041,2026-02-27,Counselling,23.0
A005922,P0003,2025-06-22,Counselling,61.0
A005923,P0045,2026-02-09,Workshop,5.0
A005924,P0028,2026-04-17,Community Activity,53.0
A005925,P0057,2025-12-08,Workshop,62.0
A005926,P0056,2025-04-08,Training,44.0
A005927,P0036,2026-06-19,Workshop,66.0
A005928,P0065,2025-07-22,Counselling,79.0
A005929,P0059,2025-07-13,Community Activity,25.0
A005930,P0001,2026-01-31,Workshop,11.0
A005931,P0064,2026-04-14,Assessment,5.0
A005932,P0067,2025-06-23,Workshop,25.0
A005933,P0014,2025-12-20,Awareness Session,11.0
A005934,P0028,2025-08-22,Workshop,20.0
A005935,P0007,2026-01-29,Community Activity,58.0
A005936,P0052,2025-10-07,Community Activity,67.0
A005937,P0046,2025-05-26,Counselling,79.0
A005938,P0051,2026-05-17,Community Activity,56.0
A005939,P0052,2025-10-19,Assessment,18.0
A005940,P0046,2025-07-18,Workshop,6.0
A005941,P0008,2025-04-21,Community Activity,24.0
A005942,P0050,2025-07-27,Assessment,72.0
A005943,P0053,2025-07-10,Awareness Session,46.0
A005944,P0043,2026-01-25,Counselling,32.0
A005945,P0033,2026-03-01,Assessment,25.0
A005946,P0031,2026-02-20,Community Activity,16.0
A005947,P0038,2025-05-11,Community Activity,59.0
A005948,P0030,2026-01-16,Assessment,7.0
A005949,P0040,2025-05-26,Workshop,23.0
A005950,P0065,2025-07-28,Community Activity,5.0
A005951,P0036,2026-05-06,Assessment,5.0
A005952,P0062,2026-01-07,Awareness Session,8.0
A005953,P0045,2026-02-13,Counselling,8.0
A005954,P0024,2025-10-19,Awareness Session,79.0
A005955,P0024,2025-05-04,Workshop,8.0
A005956,P0053,2025-08-05,Awareness Session,20.0
A005957,P0036,2025-09-07,Counselling,45.0
A005958,P0031,2025-12-16,Workshop,38.0
A005959,P0047,2025-12-09,Counselling,5.0
A005960,P0007,2025-04-10,Assessment,68.0
A005961,P0051,2025-07-17,Assessment,24.0
A005962,P0028,2026-03-01,Workshop,27.0
A005963,P0065,2026-06-14,Counselling,76.0
A005964,P0025,2025-05-05,Community Activity,18.0
A005965,P0009,2025-05-03,Workshop,43.0
A005966,P0037,2025-04-25,Community Activity,51.0
A005967,P0037,2025-09-22,Counselling,77.0
A005968,P0018,2025-04-11,Assessment,78.0
A005969,P0060,2025-05-04,Workshop,44.0
A005970,P0031,2025-09-11,Community Activity,77.0
A005971,P0027,2026-05-06,Awareness Session,50.0
A005972,P0018,2025-04-12,Assessment,40.0
A005973,P0036,2025-10-25,Awareness Session,45.0
A005974,P0018,2025-07-06,Training,63.0
A005975,P0038,2025-07-28,Workshop,20.0
A005976,P0047,2026-01-07,Community Activity,39.0
A005977,P0065,2025-12-25,Counselling,33.0
A005978,P0036,2025-10-27,Assessment,64.0
A005979,P0046,2025-10-30,Assessment,35.0
A005980,P0045,2025-07-20,Assessment,21.0
A005981,P0007,2026-03-09,Workshop,30.0
A005982,P0005,2025-11-01,Awareness Session,21.0
A005983,P0021,2025-09-11,Counselling,64.0
A005984,P0049,2025-10-14,Counselling,79.0
A005985,P0040,2026-03-25,Counselling,71.0
A005986,P0042,2025-09-20,Training,22.0
A005987,P0031,2026-03-01,Counselling,57.0
A005988,P0024,2025-12-24,Community Activity,64.0
A005989,P0025,2025-06-22,Community Activity,50.0
A005990,P0052,2025-11-11,Workshop,58.0
A005991,P0035,2026-03-11,Training,67.0
A005992,P0016,2025-07-23,Awareness Session,
A005993,P0042,2026-05-27,Assessment,39.0
A005994,P0053,2025-11-02,Awareness Session,60.0
A005995,P0046,2025-11-17,Training,39.0
A005996,P0042,2025-06-06,Training,9.0
A005997,P0018,2025-06-15,Assessment,55.0
A005998,P0017,2025-06-05,Awareness Session,36.0
A005999,P0004,2025-08-26,Training,42.0
A006000,P0033,2025-05-10,Awareness Session,29.0
A006001,P0027,2025-05-04,Workshop,29.0
A006002,P0028,2025-08-28,Awareness Session,78.0
A006003,P0050,2025-08-21,Workshop,76.0
A006004,P0050,2025-07-06,Community Activity,44.0
A006005,P0014,2025-10-11,Training,74.0
A006006,P0029,2025-09-10,Awareness Session,75.0
A006007,P0051,2025-07-07,Awareness Session,34.0
A006008,P0066,2025-06-30,Training,55.0
A006009,P0022,2025-09-06,Workshop,28.0
A006010,P0015,2026-02-27,Workshop,12.0
A006011,P0051,2025-09-28,Counselling,12.0
A006012,P0020,2025-11-04,Awareness Session,64.0
A006013,P0055,2026-03-10,Training,35.0
A006014,P0044,2025-10-02,Training,49.0
A006015,P0066,2025-06-04,Training,67.0
A006016,P0037,2025-11-29,Awareness Session,72.0
A006017,P0029,2026-05-27,Community Activity,6.0
A006018,P0029,2025-09-13,Assessment,26.0
A006019,P0041,2026-03-25,Training,39.0
A006020,P0012,2025-10-31,Training,43.0
A006021,P0045,2025-08-16,Assessment,61.0
A006022,P0051,2025-05-16,Training,73.0
A006023,P0011,2026-01-08,Awareness Session,69.0
A006024,P0067,2025-08-03,Community Activity,35.0
A006025,P0057,2025-05-12,Community Activity,51.0
A006026,P0037,2025-04-02,Assessment,21.0
A006027,P0042,2025-10-03,Counselling,71.0
A006028,P0023,2025-12-31,Assessment,73.0
A006029,P0062,2026-04-05,Community Activity,63.0
A006030,P0045,2026-06-20,Workshop,33.0
A006031,P0033,2025-11-30,Counselling,47.0
A006032,P0009,2025-08-17,Training,13.0
A006033,P0035,2026-05-03,Training,14.0
A006034,P0035,2026-02-07,Community Activity,62.0
A006035,P0047,2026-01-14,Awareness Session,24.0
A006036,P0064,2025-05-14,Training,58.0
A006037,P0053,2025-11-19,Workshop,23.0
A006038,P0025,2025-04-18,Counselling,40.0
A006039,P0039,2026-01-10,Awareness Session,57.0
A006040,P0008,2026-04-04,Community Activity,62.0
A006041,P0054,2025-04-30,Workshop,41.0
A006042,P0011,2025-04-03,Counselling,34.0
A006043,P0039,2025-05-02,Awareness Session,33.0
A006044,P0043,2026-05-04,Assessment,77.0
A006045,P0054,2025-09-24,Training,64.0
A006046,P0007,2025-11-01,Training,40.0
A006047,P0050,2026-02-10,Workshop,58.0
A006048,P0058,2025-07-07,Training,37.0
A006049,P0044,2026-06-04,Awareness Session,72.0
A006050,P0029,2026-03-02,Counselling,54.0
A006051,P0064,2025-09-25,Counselling,29.0
A006052,P0042,2026-04-25,Counselling,43.0
A006053,P0001,2025-06-19,Community Activity,13.0
A006054,P0049,2026-03-24,Counselling,6.0
A006055,P0060,2025-08-26,Counselling,44.0
A006056,P0047,2025-05-19,Community Activity,29.0
A006057,P0016,2026-01-09,Training,42.0
A006058,P0048,2025-09-01,Counselling,29.0
A006059,P0067,2026-06-14,Workshop,53.0
A006060,P0033,2025-12-12,Training,67.0
A006061,P0043,2026-03-25,Counselling,61.0
A006062,P0003,2025-09-23,Awareness Session,70.0
A006063,P0003,2025-08-12,Assessment,78.0
A006064,P0065,2025-05-23,Counselling,7.0
A006065,P0008,2026-06-17,Community Activity,31.0
A006066,P0032,2025-07-23,Counselling,34.0
A006067,P0060,2025-12-12,Training,22.0
A006068,P0020,2026-03-02,Training,62.0
A006069,P0062,2025-05-03,Assessment,31.0
A006070,P0019,2025-04-12,Workshop,65.0
A006071,P0060,2026-01-20,Workshop,67.0
A006072,P0051,2025-11-30,Workshop,62.0
A006073,P0005,2025-08-08,Counselling,21.0
A006074,P0058,2026-02-27,Community Activity,8.0
A006075,P0051,2025-09-19,Training,25.0
A006076,P0057,2025-12-31,Counselling,62.0
A006077,P0051,2025-07-07,Training,15.0
A006078,P0020,2026-04-28,Assessment,22.0
A006079,P0030,2026-05-20,Workshop,21.0
A006080,P0060,2026-03-01,Workshop,18.0
A006081,P0016,2025-08-10,Training,66.0
A006082,P0044,2025-11-25,Community Activity,18.0
A006083,P0026,2025-06-02,Awareness Session,38.0
A006084,P0002,2025-09-21,Training,64.0
A006085,P0058,2025-09-07,Training,
A006086,P0037,2026-03-03,Awareness Session,20.0
A006087,P0005,2026-04-24,Training,40.0
A006088,P0062,2026-05-28,Workshop,32.0
A006089,P0028,2026-03-19,Community Activity,16.0
A006090,P0054,2025-11-06,Community Activity,33.0
A006091,P0046,2025-12-25,Counselling,77.0
A006092,P0022,2026-05-17,Training,56.0
A006093,P0013,2026-05-02,Awareness Session,8.0
A006094,P0044,2025-12-07,Community Activity,78.0
A006095,P0066,2025-08-05,Workshop,77.0
A006096,P0019,2026-03-31,Workshop,56.0
A006097,P0066,2026-02-07,Workshop,28.0
A006098,P0028,2026-03-26,Assessment,10.0
A006099,P0041,2026-01-05,Counselling,39.0
A006100,P0012,2025-04-09,Awareness Session,17.0
A006101,P0031,2025-04-07,Assessment,45.0
A006102,P0030,2025-07-10,Awareness Session,34.0
A006103,P0044,2026-04-13,Counselling,26.0
A006104,P0051,2026-03-22,Training,32.0
A006105,P0036,2026-01-03,Community Activity,10.0
A006106,P0017,2025-08-09,Awareness Session,44.0
A006107,P0059,2025-06-11,Assessment,68.0
A006108,P0054,2025-04-04,Awareness Session,46.0
A006109,P0050,2025-09-17,Counselling,18.0
A006110,P0058,2025-08-08,Community Activity,63.0
A006111,P0057,2026-06-11,Awareness Session,58.0
A006112,P0016,2026-01-27,Training,34.0
A006113,P0036,2025-07-13,Counselling,5.0
A006114,P0001,2025-04-06,Workshop,76.0
A006115,P0057,2025-05-27,Assessment,27.0
A006116,P0047,2025-06-25,Training,41.0
A006117,P0062,2025-08-09,Assessment,49.0
A006118,P0043,2025-04-17,Training,28.0
A006119,P0064,2026-02-24,Community Activity,5.0
A006120,P0042,2025-06-27,Community Activity,8.0
A006121,P0037,2025-11-25,Workshop,21.0
A006122,P0023,2026-02-10,Workshop,78.0
A006123,P0051,2026-03-26,Workshop,47.0
A006124,P0064,2025-05-09,Training,24.0
A006125,P0029,2025-09-03,Assessment,76.0
A006126,P0053,2025-11-17,Awareness Session,37.0
A006127,P0057,2026-04-18,Assessment,61.0
A006128,P0051,2026-01-26,Awareness Session,61.0
A006129,P0035,2025-07-03,Training,29.0
A006130,P0037,2025-07-01,Training,56.0
A006131,P0020,2026-04-23,Counselling,62.0
A006132,P0047,2026-01-20,Community Activity,61.0
A006133,P0062,2026-04-22,Awareness Session,70.0
A006134,P0032,2026-04-16,Assessment,74.0
A006135,P0024,2025-11-24,Community Activity,39.0
A006136,P0060,2026-02-15,Community Activity,70.0
A006137,P0023,2025-07-06,Awareness Session,76.0
A006138,P0039,2025-04-16,Workshop,12.0
A006139,P0049,2025-05-16,Community Activity,50.0
A006140,P0015,2025-11-08,Community Activity,66.0
A006141,P0015,2025-12-06,Training,68.0
A006142,P0025,2026-05-29,Community Activity,34.0
A006143,P0059,2025-09-30,Workshop,33.0
A006144,P0033,2025-09-11,Workshop,50.0
A006145,P0013,2026-06-18,Community Activity,55.0
A006146,P0065,2025-07-04,Community Activity,41.0
A006147,P0053,2025-05-06,Workshop,23.0
A006148,P0014,2025-09-11,Awareness Session,8.0
A006149,P0009,2025-09-22,Training,58.0
A006150,P0065,2026-01-29,Assessment,56.0
A006151,P0064,2026-04-29,Assessment,42.0
A006152,P0053,2026-01-03,Training,5.0
A006153,P0031,2025-04-28,Workshop,38.0
A006154,P0030,2025-09-11,Awareness Session,35.0
A006155,P0001,2026-01-13,Assessment,39.0
A006156,P0043,2025-07-19,Training,15.0
A006157,P0010,2025-04-13,Awareness Session,22.0
A006158,P0008,2025-09-09,Community Activity,74.0
A006159,P0040,2026-06-21,Training,48.0
A006160,P0046,2025-06-04,Training,47.0
A006161,P0056,2025-10-25,Assessment,79.0
A006162,P0005,2025-08-28,Awareness Session,39.0
A006163,P0037,2025-09-06,Assessment,18.0
A006164,P0026,2026-06-06,Community Activity,53.0
A006165,P0049,2025-11-07,Counselling,71.0
A006166,P0031,2025-08-28,Community Activity,14.0
A006167,P0009,2026-02-21,Training,64.0
A006168,P0009,2026-02-05,Counselling,36.0
A006169,P0041,2025-09-15,Training,61.0
A006170,P0043,2025-08-10,Community Activity,79.0
A006171,P0040,2026-02-28,Workshop,33.0
A006172,P0064,2026-01-24,Workshop,71.0
A006173,P0058,2026-04-12,Counselling,28.0
A006174,P0003,2025-06-20,Counselling,31.0
A006175,P0011,2026-02-15,Workshop,19.0
A006176,P0010,2025-07-22,Assessment,32.0
A006177,P0048,2025-08-08,Counselling,74.0
A006178,P0066,2026-04-22,Assessment,5.0
A006179,P0009,2026-06-14,Workshop,5.0
A006180,P0013,2025-10-30,Community Activity,24.0
A006181,P0022,2025-06-16,Workshop,75.0
A006182,P0062,2025-05-19,Workshop,32.0
A006183,P0021,2025-11-25,Awareness Session,6.0
A006184,P0045,2026-05-16,Counselling,53.0
A006185,P0064,2025-07-31,Community Activity,73.0
A006186,P0063,2025-05-30,Workshop,66.0
A006187,P0001,2025-12-10,Workshop,11.0
A006188,P0009,2025-09-12,Awareness Session,12.0
A006189,P0046,2026-04-19,Community Activity,47.0
A006190,P0011,2025-12-09,Workshop,53.0
A006191,P0014,2025-07-11,Workshop,44.0
A006192,P0030,2026-01-29,Assessment,29.0
A006193,P0061,2026-06-24,Training,68.0
A006194,P0012,2025-11-08,Training,27.0
A006195,P0055,2026-01-08,Workshop,63.0
A006196,P0017,2025-06-16,Training,29.0
A006197,P0042,2025-04-05,Counselling,5.0
A006198,P0038,2026-02-02,Training,37.0
A006199,P0008,2025-10-03,Counselling,18.0
A006200,P0045,2025-04-25,Assessment,5.0
A006201,P0049,2025-12-04,Awareness Session,57.0
A006202,P0012,2025-06-30,Assessment,59.0
A006203,P0024,2026-02-12,Training,28.0
A006204,P0045,2026-05-05,Awareness Session,16.0
A006205,P0062,2026-06-06,Community Activity,17.0
A006206,P0027,2025-06-10,Community Activity,27.0
A006207,P0001,2026-06-10,Assessment,72.0
A006208,P0064,2025-06-06,Counselling,38.0
A006209,P0011,2025-08-21,Community Activity,31.0
A006210,P0045,2026-02-11,Training,63.0
A006211,P0012,2025-10-11,Counselling,69.0
A006212,P0001,2025-07-19,Training,57.0
A006213,P0009,2025-10-14,Assessment,16.0
A006214,P0021,2026-05-13,Workshop,11.0
A006215,P0044,2025-11-09,Assessment,66.0
A006216,P0001,2026-01-25,Community Activity,75.0
A006217,P0023,2025-08-05,Training,55.0
A006218,P0019,2025-08-31,Counselling,55.0
A006219,P0034,2025-11-21,Training,50.0
A006220,P0064,2026-01-01,Counselling,54.0
A006221,P0008,2025-07-26,Awareness Session,60.0
A006222,P0043,2025-11-03,Assessment,67.0
A006223,P0014,2025-06-05,Training,48.0
A006224,P0008,2025-06-05,Workshop,13.0
A006225,P0067,2025-08-16,Training,41.0
A006226,P0002,2026-01-31,Community Activity,54.0
A006227,P0005,2025-11-27,Workshop,80.0
A006228,P0033,2026-02-20,Workshop,75.0
A006229,P0048,2026-04-30,Training,41.0
A006230,P0015,2026-04-04,Training,74.0
A006231,P0006,2026-03-15,Training,31.0
A006232,P0012,2025-09-05,Training,33.0
A006233,P0061,2025-09-02,Training,38.0
A006234,P0030,2025-05-12,Assessment,65.0
A006235,P0034,2025-05-06,Workshop,75.0
A006236,P0016,2026-01-26,Community Activity,61.0
A006237,P0047,2025-11-11,Assessment,77.0
A006238,P0011,2026-01-08,Workshop,22.0
A006239,P0022,2025-12-11,Awareness Session,16.0
A006240,P0002,2026-02-06,Assessment,71.0
A006241,P0001,2026-05-26,Assessment,36.0
A006242,P0037,2025-10-15,Counselling,76.0
A006243,P0031,2025-05-09,Workshop,70.0
A006244,P0005,2026-04-27,Training,14.0
A006245,P0066,2026-02-26,Community Activity,61.0
A006246,P0060,2026-06-05,Community Activity,15.0
A006247,P0051,2025-10-12,Counselling,55.0
A006248,P0022,2025-05-24,Workshop,45.0
A006249,P0056,2025-08-15,Awareness Session,41.0
A006250,P0030,2025-09-18,Assessment,31.0
A006251,P0062,2025-11-30,Training,36.0
A006252,P0046,2025-08-18,Assessment,36.0
A006253,P0035,2025-05-10,Community Activity,76.0
A006254,P0033,2026-04-01,Training,7.0
A006255,P0033,2025-11-26,Community Activity,66.0
A006256,P0059,2025-12-15,Workshop,80.0
A006257,P0026,2026-03-19,Community Activity,7.0
A006258,P0002,2025-11-28,Counselling,9.0
A006259,P0044,2025-06-16,Counselling,77.0
A006260,P0020,2025-12-24,Awareness Session,9.0
A006261,P0005,2025-09-12,Training,43.0
A006262,P0025,2025-08-13,Assessment,66.0
A006263,P0018,2025-06-09,Assessment,51.0
A006264,P0056,2025-09-16,Community Activity,57.0
A006265,P0003,2026-04-23,Awareness Session,55.0
A006266,P0050,2025-12-16,Training,73.0
A006267,P0019,2025-10-12,Awareness Session,36.0
A006268,P0030,2025-09-13,Awareness Session,15.0
A006269,P0064,2025-09-02,Community Activity,30.0
A006270,P0053,2026-04-30,Assessment,63.0
A006271,P0002,2026-03-15,Counselling,36.0
A006272,P0046,2025-07-02,Counselling,32.0
A006273,P0007,2025-09-12,Community Activity,7.0
A006274,P0065,2025-08-01,Workshop,70.0
A006275,P0046,2026-06-16,Workshop,20.0
A006276,P0042,2026-04-27,Counselling,13.0
A006277,P0029,2026-05-21,Training,53.0
A006278,P0001,2026-04-13,Community Activity,35.0
A006279,P0031,2026-02-28,Assessment,72.0
A006280,P0020,2026-04-05,Awareness Session,25.0
A006281,P0005,2025-06-23,Workshop,75.0
A006282,P0042,2025-10-05,Assessment,79.0
A006283,P0055,2025-10-10,Awareness Session,47.0
A006284,P0032,2025-12-22,Awareness Session,70.0
A006285,P0049,2025-12-31,Awareness Session,42.0
A006286,P0039,2025-05-09,Workshop,65.0
A006287,P0005,2025-09-20,Community Activity,77.0
A006288,P0005,2025-09-23,Counselling,33.0
A006289,P0004,2026-05-07,Workshop,43.0
A006290,P0041,2025-12-03,Community Activity,12.0
A006291,P0052,2025-11-16,Training,64.0
A006292,P0005,2026-02-21,Training,60.0
A006293,P0006,2025-06-25,Awareness Session,70.0
A006294,P0038,2025-12-28,Counselling,56.0
A006295,P0051,2025-08-12,Assessment,43.0
A006296,P0008,2026-03-29,Community Activity,61.0
A006297,P0006,2025-10-27,Counselling,49.0
A006298,P0045,2025-07-08,Community Activity,44.0
A006299,P0029,2026-04-13,Awareness Session,7.0
A006300,P0027,2025-09-24,Community Activity,22.0
A006301,P0006,2025-08-04,Community Activity,40.0
A006302,P0026,2026-03-10,Training,73.0
A006303,P0048,2025-06-19,Counselling,26.0
A006304,P0040,2026-05-08,Training,70.0
A006305,P0004,2025-10-10,Awareness Session,59.0
A006306,P0062,2025-08-03,Community Activity,50.0
A006307,P0048,2025-08-28,Counselling,11.0
A006308,P0051,2026-01-12,Awareness Session,50.0
A006309,P0014,2025-08-20,Counselling,25.0
A006310,P0049,2025-04-30,Workshop,44.0
A006311,P0018,2026-03-17,Training,38.0
A006312,P0014,2026-02-01,Awareness Session,60.0
A006313,P0002,2025-09-07,Assessment,61.0
A006314,P0002,2025-05-13,Training,73.0
A006315,P0063,2025-11-30,Training,36.0
A006316,P0002,2025-04-17,Community Activity,51.0
A006317,P0001,2025-07-07,Awareness Session,33.0
A006318,P0021,2026-02-12,Training,36.0
A006319,P0022,2025-12-29,Awareness Session,73.0
A006320,P0059,2025-10-06,Workshop,9.0
A006321,P0019,2026-04-25,Training,73.0
A006322,P0022,2026-03-15,Assessment,40.0
A006323,P0022,2025-04-09,Awareness Session,59.0
A006324,P0013,2026-05-20,Workshop,51.0
A006325,P0003,2026-05-19,Workshop,67.0
A006326,P0057,2025-05-29,Counselling,56.0
A006327,P0015,2026-02-23,Awareness Session,73.0
A006328,P0021,2025-07-28,Awareness Session,28.0
A006329,P0037,2026-04-29,Awareness Session,34.0
A006330,P0017,2026-03-24,Counselling,42.0
A006331,P0025,2026-02-14,Workshop,56.0
A006332,P0043,2026-05-22,Assessment,76.0
A006333,P0050,2025-04-03,Counselling,42.0
A006334,P0015,2025-11-07,Awareness Session,43.0
A006335,P0067,2025-11-17,Community Activity,56.0
A006336,P0030,2026-02-03,Awareness Session,15.0
A006337,P0057,2026-04-15,Awareness Session,24.0
A006338,P0007,2026-01-22,Assessment,55.0
A006339,P0051,2025-10-23,Community Activity,69.0
A006340,P0018,2025-12-27,Awareness Session,50.0
A006341,P0054,2025-12-03,Counselling,22.0
A006342,P0048,2025-08-16,Awareness Session,56.0
A006343,P0025,2025-07-01,Workshop,33.0
A006344,P0066,2026-05-28,Community Activity,35.0
A006345,P0018,2026-01-05,Workshop,5.0
A006346,P0031,2025-12-25,Workshop,10.0
A006347,P0020,2025-10-28,Community Activity,21.0
A006348,P0058,2025-12-23,Awareness Session,13.0
A006349,P0031,2025-08-19,Community Activity,69.0
A006350,P0013,2026-05-29,Counselling,19.0
A006351,P0054,2025-10-04,Workshop,21.0
A006352,P0020,2025-11-10,Workshop,60.0
A006353,P0022,2025-09-29,Community Activity,54.0
A006354,P0060,2025-05-31,Training,69.0
A006355,P0030,2026-03-12,Community Activity,31.0
A006356,P0003,2025-10-04,Assessment,55.0
A006357,P0003,2026-03-28,Awareness Session,74.0
A006358,P0020,2025-06-19,Awareness Session,24.0
A006359,P0025,2026-05-06,Community Activity,73.0
A006360,P0037,2025-08-19,Community Activity,65.0
A006361,P0017,2025-08-19,Awareness Session,35.0
A006362,P0048,2025-08-21,Workshop,22.0
A006363,P0027,2025-11-22,Counselling,
A006364,P0025,2025-08-17,Workshop,74.0
A006365,P0032,2025-12-13,Counselling,39.0
A006366,P0065,2025-08-06,Awareness Session,42.0
A006367,P0064,2025-05-05,Training,7.0
A006368,P0025,2025-10-27,Counselling,33.0
A006369,P0018,2026-04-15,Assessment,43.0
A006370,P0041,2025-09-19,Community Activity,56.0
A006371,P0041,2025-05-28,Community Activity,43.0
A006372,P0002,2026-04-20,Training,62.0
A006373,P0005,2025-09-27,Counselling,60.0
A006374,P0026,2025-10-11,Workshop,62.0
A006375,P0030,2025-07-03,Assessment,8.0
A006376,P0025,2025-09-28,Training,61.0
A006377,P0060,2026-03-04,Counselling,64.0
A006378,P0053,2025-10-10,Awareness Session,69.0
A006379,P0030,2025-08-06,Assessment,19.0
A006380,P0051,2025-12-15,Training,24.0
A006381,P0066,2025-07-31,Counselling,14.0
A006382,P0059,2026-06-06,Counselling,24.0
A006383,P0048,2025-08-21,Training,44.0
A006384,P0044,2025-06-06,Assessment,55.0
A006385,P0049,2025-06-01,Community Activity,17.0
A006386,P0031,2026-03-25,Workshop,14.0
A006387,P0006,2025-04-30,Training,32.0
A006388,P0029,2025-09-18,Workshop,33.0
A006389,P0004,2026-01-13,Counselling,69.0
A006390,P0014,2025-07-08,Counselling,40.0
A006391,P0016,2026-01-16,Community Activity,29.0
A006392,P0022,2026-02-05,Assessment,63.0
A006393,P0013,2025-04-15,Workshop,55.0
A006394,P0001,2025-09-09,Training,76.0
A006395,P0053,2025-11-12,Counselling,7.0
A006396,P0023,2025-06-21,Awareness Session,67.0
A006397,P0065,2025-07-08,Training,77.0
A006398,P0033,2026-01-04,Assessment,29.0
A006399,P0044,2026-04-10,Awareness Session,32.0
A006400,P0021,2026-05-21,Counselling,49.0
A006401,P0024,2025-09-25,Counselling,40.0
A006402,P0027,2026-01-31,Training,40.0
A006403,P0020,2026-03-15,Assessment,21.0
A006404,P0052,2026-05-29,Counselling,72.0
A006405,P0054,2026-04-05,Counselling,31.0
A006406,P0009,2026-01-25,Awareness Session,24.0
A006407,P0063,2025-04-12,Counselling,67.0
A006408,P0029,2025-06-07,Counselling,20.0
A006409,P0042,2025-04-22,Assessment,
A006410,P0059,2025-09-18,Assessment,38.0
A006411,P0034,2026-03-31,Workshop,22.0
A006412,P0031,2025-10-24,Awareness Session,71.0
A006413,P0051,2025-06-24,Awareness Session,53.0
A006414,P0025,2025-09-17,Assessment,79.0
A006415,P0023,2026-04-16,Assessment,16.0
A006416,P0002,2025-07-08,Counselling,41.0
A006417,P0016,2025-11-20,Awareness Session,21.0
A006418,P0011,2026-05-08,Training,48.0
A006419,P0015,2026-02-22,Training,62.0
A006420,P0028,2026-04-06,Awareness Session,7.0
A006421,P0011,2025-08-10,Community Activity,5.0
A006422,P0040,2025-08-31,Workshop,51.0
A006423,P0052,2025-09-26,Community Activity,74.0
A006424,P0023,2026-02-10,Awareness Session,48.0
A006425,P0020,2025-09-12,Awareness Session,61.0
A006426,P0028,2025-04-26,Training,17.0
A006427,P0007,2025-10-18,Community Activity,8.0
A006428,P0028,2025-05-14,Training,14.0
A006429,P0013,2026-02-05,Workshop,70.0
A006430,P0030,2025-09-25,Workshop,78.0
A006431,P0055,2026-01-12,Awareness Session,13.0
A006432,P0033,2025-10-15,Training,66.0
A006433,P0041,2026-04-17,Assessment,11.0
A006434,P0044,2026-05-14,Counselling,20.0
A006435,P0008,2026-04-18,Workshop,66.0
A006436,P0048,2025-05-30,Assessment,6.0
A006437,P0049,2025-08-12,Workshop,42.0
A006438,P0053,2026-05-08,Assessment,30.0
A006439,P0003,2026-04-24,Assessment,76.0
A006440,P0034,2025-10-14,Awareness Session,15.0
A006441,P0024,2026-06-17,Assessment,37.0
A006442,P0016,2026-06-12,Community Activity,55.0
A006443,P0055,2025-04-05,Assessment,74.0
A006444,P0008,2026-06-07,Training,57.0
A006445,P0058,2026-01-01,Assessment,23.0
A006446,P0065,2025-07-19,Training,28.0
A006447,P0010,2025-11-26,Community Activity,28.0
A006448,P0019,2025-09-29,Workshop,39.0
A006449,P0025,2026-04-15,Training,11.0
A006450,P0053,2026-02-28,Training,77.0
A006451,P0061,2026-05-02,Workshop,5.0
A006452,P0008,2025-07-20,Training,56.0
A006453,P0016,2026-01-29,Community Activity,74.0
A006454,P0066,2025-11-01,Training,16.0
A006455,P0066,2025-10-08,Assessment,32.0
A006456,P0024,2025-06-21,Training,42.0
A006457,P0024,2025-06-21,Assessment,30.0
A006458,P0061,2025-09-18,Awareness Session,22.0
A006459,P0042,2025-11-14,Awareness Session,61.0
A006460,P0043,2025-10-23,Training,61.0
A006461,P0044,2026-05-01,Workshop,54.0
A006462,P0024,2026-01-20,Workshop,14.0
A006463,P0047,2026-03-13,Counselling,51.0
A006464,P0058,2026-02-07,Community Activity,20.0
A006465,P0043,2025-10-16,Counselling,76.0
A006466,P0011,2025-12-21,Workshop,64.0
A006467,P0061,2025-10-29,Assessment,47.0
A006468,P0007,2026-04-03,Training,75.0
A006469,P0012,2025-11-22,Counselling,58.0
A006470,P0039,2026-06-20,Training,63.0
A006471,P0013,2025-04-22,Training,48.0
A006472,P0050,2026-01-17,Assessment,52.0
A006473,P0062,2025-11-10,Awareness Session,79.0
A006474,P0027,2025-08-09,Workshop,68.0
A006475,P0027,2025-07-22,Community Activity,57.0
A006476,P0009,2026-03-04,Counselling,39.0
A006477,P0063,2025-12-28,Counselling,73.0
A006478,P0008,2026-04-22,Awareness Session,33.0
A006479,P0044,2025-11-02,Community Activity,56.0
A006480,P0022,2026-06-16,Awareness Session,41.0
A006481,P0002,2025-10-20,Community Activity,38.0
A006482,P0044,2025-08-29,Counselling,21.0
A006483,P0015,2026-01-14,Workshop,53.0
A006484,P0037,2025-06-07,Counselling,17.0
A006485,P0038,2026-02-11,Workshop,59.0
A006486,P0042,2025-12-26,Community Activity,68.0
A006487,P0021,2025-09-13,Training,9.0
A006488,P0020,2026-03-20,Assessment,52.0
A006489,P0043,2025-11-24,Counselling,25.0
A006490,P0056,2025-07-13,Training,79.0
A006491,P0034,2026-06-11,Training,28.0
A006492,P0009,2026-02-11,Counselling,42.0
A006493,P0028,2025-09-08,Workshop,8.0
A006494,P0038,2025-06-22,Counselling,10.0
A006495,P0004,2026-03-23,Assessment,38.0
A006496,P0056,2025-10-12,Training,50.0
A006497,P0044,2025-05-26,Workshop,27.0
A006498,P0051,2025-10-06,Counselling,53.0
A006499,P0055,2026-03-23,Community Activity,22.0
A006500,P0051,2025-05-08,Workshop,42.0
A006501,P0065,2025-04-27,Community Activity,36.0
A006502,P0066,2025-11-27,Workshop,67.0
A006503,P0010,2025-05-10,Counselling,26.0
A006504,P0013,2025-12-18,Workshop,79.0
A006505,P0015,2025-11-10,Training,39.0
A006506,P0049,2026-04-09,Workshop,66.0
A006507,P0056,2026-01-29,Training,15.0
A006508,P0056,2025-12-30,Assessment,24.0
A006509,P0044,2025-09-07,Training,78.0
A006510,P0019,2026-01-17,Community Activity,32.0
A006511,P0045,2026-03-01,Counselling,64.0
A006512,P0007,2025-08-29,Community Activity,51.0
A006513,P0060,2025-04-14,Workshop,43.0
A006514,P0042,2026-03-07,Community Activity,65.0
A006515,P0034,2025-05-16,Counselling,75.0
A006516,P0065,2025-08-09,Awareness Session,62.0
A006517,P0047,2025-12-19,Community Activity,7.0
A006518,P0003,2025-12-29,Assessment,28.0
A006519,P0034,2026-02-08,Counselling,11.0
A006520,P0046,2026-03-31,Community Activity,73.0
A006521,P0019,2025-09-25,Awareness Session,55.0
A006522,P0057,2025-07-08,Training,78.0
A006523,P0011,2026-02-20,Training,25.0
A006524,P0027,2025-11-13,Workshop,21.0
A006525,P0041,2025-05-16,Training,60.0
A006526,P0056,2025-10-04,Training,74.0
A006527,P0015,2026-01-03,Workshop,8.0
A006528,P0009,2026-05-17,Awareness Session,67.0
A006529,P0006,2025-08-08,Counselling,30.0
A006530,P0028,2025-10-04,Assessment,5.0
A006531,P0035,2025-05-24,Community Activity,76.0
A006532,P0052,2025-06-05,Assessment,72.0
A006533,P0063,2026-06-21,Workshop,39.0
A006534,P0008,2026-05-16,Awareness Session,13.0
A006535,P0029,2025-08-13,Training,43.0
A006536,P0001,2025-08-18,Awareness Session,72.0
A006537,P0042,2025-12-20,Workshop,65.0
A006538,P0019,2025-08-15,Counselling,12.0
A006539,P0005,2025-10-31,Training,36.0
A006540,P0059,2025-08-24,Assessment,50.0
A006541,P0057,2025-11-17,Counselling,14.0
A006542,P0039,2026-01-19,Training,23.0
A006543,P0003,2026-04-17,Training,57.0
A006544,P0041,2026-01-15,Counselling,22.0
A006545,P0038,2025-11-09,Assessment,66.0
A006546,P0026,2025-12-27,Community Activity,34.0
A006547,P0034,2025-10-06,Community Activity,48.0
A006548,P0021,2025-12-01,Awareness Session,80.0
A006549,P0033,2025-07-30,Awareness Session,51.0
A006550,P0020,2025-11-27,Awareness Session,27.0
A006551,P0022,2025-10-13,Awareness Session,66.0
A006552,P0003,2025-08-11,Counselling,65.0
A006553,P0066,2026-03-09,Awareness Session,58.0
A006554,P0059,2025-10-22,Awareness Session,13.0
A006555,P0030,2026-02-11,Training,79.0
A006556,P0051,2025-12-06,Awareness Session,25.0
A006557,P0003,2025-07-18,Workshop,79.0
A006558,P0067,2026-01-08,Awareness Session,45.0
A006559,P0019,2025-05-15,Training,20.0
A006560,P0013,2026-06-16,Counselling,80.0
A006561,P0025,2025-07-04,Workshop,14.0
A006562,P0022,2025-04-19,Training,74.0
A006563,P0027,2025-09-05,Community Activity,39.0
A006564,P0067,2026-04-10,Counselling,46.0
A006565,P0049,2026-06-21,Community Activity,79.0
A006566,P0013,2025-11-08,Workshop,6.0
A006567,P0043,2025-08-11,Training,23.0
A006568,P0065,2025-07-25,Workshop,30.0
A006569,P0065,2026-02-12,Awareness Session,39.0
A006570,P0050,2026-02-25,Community Activity,62.0
A006571,P0022,2026-04-13,Workshop,66.0
A006572,P0057,2026-01-22,Community Activity,6.0
A006573,P0025,2025-10-10,Awareness Session,22.0
A006574,P0042,2025-06-18,Awareness Session,34.0
A006575,P0022,2025-06-24,Workshop,25.0
A006576,P0010,2025-06-25,Awareness Session,17.0
A006577,P0020,2025-09-01,Awareness Session,31.0
A006578,P0011,2025-06-16,Assessment,70.0
A006579,P0034,2026-02-04,Awareness Session,33.0
A006580,P0057,2025-09-30,Workshop,62.0
A006581,P0052,2025-06-07,Counselling,35.0
A006582,P0027,2025-11-18,Counselling,52.0
A006583,P0054,2025-08-14,Workshop,5.0
A006584,P0017,2025-08-15,Counselling,7.0
A006585,P0049,2025-07-04,Awareness Session,7.0
A006586,P0021,2026-04-22,Counselling,57.0
A006587,P0016,2025-04-27,Community Activity,77.0
A006588,P0052,2025-08-15,Assessment,80.0
A006589,P0025,2025-09-04,Workshop,44.0
A006590,P0025,2025-07-20,Training,28.0
A006591,P0030,2026-02-24,Awareness Session,54.0
A006592,P0055,2026-02-27,Counselling,38.0
A006593,P0042,2025-06-04,Training,7.0
A006594,P0048,2025-09-15,Assessment,38.0
A006595,P0038,2025-06-17,Community Activity,31.0
A006596,P0046,2025-11-10,Counselling,73.0
A006597,P0016,2026-02-06,Assessment,30.0
A006598,P0067,2025-04-26,Awareness Session,46.0
A006599,P0015,2025-07-28,Awareness Session,47.0
A006600,P0005,2025-05-03,Workshop,66.0
A006601,P0047,2026-03-17,Workshop,46.0
A006602,P0020,2025-10-17,Workshop,75.0
A006603,P0019,2026-04-15,Counselling,60.0
A006604,P0047,2025-08-31,Awareness Session,30.0
A006605,P0023,2026-03-19,Community Activity,7.0
A006606,P0055,2025-11-08,Counselling,79.0
A006607,P0055,2026-04-20,Community Activity,73.0
A006608,P0057,2025-12-13,Counselling,80.0
A006609,P0064,2026-01-08,Training,35.0
A006610,P0041,2026-02-18,Community Activity,20.0
A006611,P0047,2026-01-18,Counselling,24.0
A006612,P0014,2026-01-05,Assessment,48.0
A006613,P0015,2026-01-25,Awareness Session,20.0
A006614,P0006,2025-06-27,Counselling,73.0
A006615,P0061,2025-12-18,Counselling,63.0
A006616,P0032,2025-05-09,Workshop,36.0
A006617,P0045,2026-06-23,Workshop,47.0
A006618,P0035,2025-07-02,Assessment,27.0
A006619,P0006,2025-06-27,Counselling,49.0
A006620,P0006,2026-03-14,Community Activity,62.0
A006621,P0037,2025-12-27,Training,73.0
A006622,P0006,2025-10-09,Workshop,8.0
A006623,P0017,2026-01-12,Workshop,43.0
A006624,P0001,2025-08-23,Awareness Session,7.0
A006625,P0035,2025-04-26,Community Activity,68.0
A006626,P0056,2026-02-27,Counselling,27.0
A006627,P0019,2026-02-03,Workshop,17.0
A006628,P0035,2026-01-22,Counselling,54.0
A006629,P0057,2026-06-03,Training,77.0
A006630,P0026,2025-06-20,Assessment,78.0
A006631,P0053,2025-09-01,Awareness Session,60.0
A006632,P0051,2026-02-01,Training,67.0
A006633,P0037,2026-03-14,Counselling,44.0
A006634,P0055,2025-05-08,Counselling,53.0
A006635,P0058,2026-06-08,Counselling,45.0
A006636,P0060,2026-05-31,Workshop,76.0
A006637,P0065,2025-05-12,Assessment,63.0
A006638,P0053,2026-05-21,Awareness Session,20.0
A006639,P0060,2026-04-02,Assessment,33.0
A006640,P0026,2025-04-09,Counselling,24.0
A006641,P0040,2025-07-10,Workshop,59.0
A006642,P0034,2025-07-24,Assessment,22.0
A006643,P0038,2025-08-11,Workshop,10.0
A006644,P0041,2026-05-27,Workshop,62.0
A006645,P0013,2026-04-28,Training,50.0
A006646,P0007,2026-02-20,Workshop,20.0
A006647,P0001,2025-06-18,Awareness Session,16.0
A006648,P0002,2025-10-27,Counselling,23.0
A006649,P0051,2025-06-08,Counselling,12.0
A006650,P0046,2026-05-30,Assessment,64.0
A006651,P0026,2025-06-13,Workshop,77.0
A006652,P0039,2025-07-16,Counselling,68.0
A006653,P0025,2025-11-23,Assessment,21.0
A006654,P0010,2025-04-27,Counselling,68.0
A006655,P0038,2026-04-04,Workshop,20.0
A006656,P0035,2025-09-15,Training,54.0
A006657,P0052,2026-02-03,Counselling,64.0
A006658,P0027,2025-04-23,Training,22.0
A006659,P0052,2026-03-14,Awareness Session,23.0
A006660,P0060,2026-02-25,Awareness Session,68.0
A006661,P0021,2025-12-11,Awareness Session,32.0
A006662,P0048,2025-08-10,Assessment,73.0
A006663,P0066,2025-06-07,Awareness Session,62.0
A006664,P0056,2025-06-19,Workshop,13.0
A006665,P0058,2026-01-09,Assessment,51.0
A006666,P0019,2026-01-10,Workshop,60.0
A006667,P0030,2025-11-23,Workshop,10.0
A006668,P0029,2026-02-08,Workshop,16.0
A006669,P0004,2025-08-23,Assessment,50.0
A006670,P0019,2025-10-15,Training,34.0
A006671,P0002,2025-11-23,Workshop,63.0
A006672,P0018,2025-12-30,Community Activity,48.0
A006673,P0066,2025-08-19,Workshop,13.0
A006674,P0027,2025-11-20,Workshop,44.0
A006675,P0052,2025-10-09,Training,26.0
A006676,P0015,2026-06-18,Awareness Session,50.0
A006677,P0052,2025-10-06,Awareness Session,31.0
A006678,P0064,2026-05-24,Counselling,14.0
A006679,P0047,2025-11-03,Community Activity,68.0
A006680,P0001,2026-02-05,Assessment,80.0
A006681,P0005,2026-05-24,Assessment,60.0
A006682,P0035,2026-01-23,Training,51.0
A006683,P0057,2025-08-17,Training,16.0
A006684,P0038,2026-02-26,Training,32.0
A006685,P0020,2026-04-08,Counselling,63.0
A006686,P0048,2026-06-12,Awareness Session,66.0
A006687,P0067,2026-05-27,Assessment,40.0
A006688,P0045,2025-05-02,Counselling,19.0
A006689,P0050,2025-06-17,Community Activity,13.0
A006690,P0029,2025-08-31,Workshop,28.0
A006691,P0058,2025-11-11,Awareness Session,38.0
A006692,P0042,2026-04-03,Counselling,51.0
A006693,P0060,2026-04-15,Awareness Session,13.0
A006694,P0064,2025-11-21,Workshop,33.0
A006695,P0043,2025-11-17,Assessment,52.0
A006696,P0041,2026-02-09,Workshop,32.0
A006697,P0062,2026-03-22,Counselling,25.0
A006698,P0038,2025-10-15,Workshop,53.0
A006699,P0050,2026-06-15,Community Activity,27.0
A006700,P0036,2026-01-22,Community Activity,33.0
A006701,P0029,2025-08-10,Training,78.0
A006702,P0008,2025-08-13,Counselling,15.0
A006703,P0039,2025-12-31,Community Activity,67.0
A006704,P0016,2026-01-12,Training,42.0
A006705,P0040,2026-05-09,Counselling,25.0
A006706,P0014,2025-08-27,Workshop,35.0
A006707,P0019,2025-12-09,Assessment,59.0
A006708,P0035,2026-01-06,Training,60.0
A006709,P0048,2025-08-18,Community Activity,50.0
A006710,P0057,2026-03-20,Workshop,10.0
A006711,P0043,2026-05-06,Training,30.0
A006712,P0053,2025-07-16,Counselling,40.0
A006713,P0044,2025-04-01,Counselling,67.0
A006714,P0011,2025-10-10,Assessment,72.0
A006715,P0024,2026-06-21,Awareness Session,6.0
A006716,P0009,2025-04-25,Workshop,59.0
A006717,P0062,2025-10-16,Community Activity,17.0
A006718,P0032,2025-09-09,Community Activity,16.0
A006719,P0042,2026-01-25,Awareness Session,71.0
A006720,P0056,2025-11-16,Counselling,76.0
A006721,P0035,2026-03-22,Training,44.0
A006722,P0021,2025-12-13,Community Activity,60.0
A006723,P0066,2025-10-24,Awareness Session,67.0
A006724,P0017,2026-02-27,Community Activity,29.0
A006725,P0058,2026-01-02,Community Activity,12.0
A006726,P0010,2025-06-16,Community Activity,77.0
A006727,P0058,2025-09-15,Assessment,36.0
A006728,P0052,2026-05-06,Training,49.0
A006729,P0026,2025-08-23,Workshop,30.0
A006730,P0037,2026-02-26,Counselling,37.0
A006731,P0038,2025-09-09,Counselling,17.0
A006732,P0014,2026-01-20,Community Activity,47.0
A006733,P0053,2025-07-13,Training,18.0
A006734,P0028,2025-06-14,Training,61.0
A006735,P0019,2025-04-14,Training,16.0
A006736,P0055,2025-06-18,Workshop,41.0
A006737,P0048,2025-06-26,Assessment,37.0
A006738,P0040,2025-08-10,Workshop,23.0
A006739,P0047,2026-05-22,Awareness Session,24.0
A006740,P0057,2025-08-31,Awareness Session,55.0
A006741,P0055,2026-03-31,Community Activity,55.0
A006742,P0035,2025-05-11,Awareness Session,77.0
A006743,P0067,2025-10-31,Counselling,30.0
A006744,P0044,2026-05-21,Awareness Session,66.0
A006745,P0034,2025-12-12,Assessment,37.0
A006746,P0022,2025-12-13,Assessment,11.0
A006747,P0024,2026-02-13,Workshop,56.0
A006748,P0043,2025-11-02,Community Activity,78.0
A006749,P0007,2025-05-23,Counselling,9.0
A006750,P0011,2026-04-26,Community Activity,56.0
A006751,P0036,2026-01-24,Assessment,40.0
A006752,P0032,2026-04-12,Counselling,56.0
A006753,P0004,2025-09-12,Counselling,21.0
A006754,P0025,2025-10-15,Assessment,6.0
A006755,P0038,2025-04-15,Assessment,63.0
A006756,P0022,2025-07-26,Assessment,22.0
A006757,P0046,2025-09-09,Assessment,21.0
A006758,P0001,2026-06-21,Community Activity,67.0
A006759,P0028,2026-06-23,Community Activity,68.0
A006760,P0021,2025-11-29,Training,11.0
A006761,P0038,2025-10-17,Awareness Session,43.0
A006762,P0029,2026-01-16,Training,41.0
A006763,P0020,2025-10-21,Community Activity,42.0
A006764,P0033,2025-05-16,Workshop,52.0
A006765,P0017,2026-01-05,Training,72.0
A006766,P0016,2026-04-20,Workshop,19.0
A006767,P0007,2026-02-27,Training,21.0
A006768,P0040,2025-11-15,Workshop,28.0
A006769,P0061,2025-10-24,Community Activity,44.0
A006770,P0061,2026-05-23,Awareness Session,71.0
A006771,P0052,2026-01-18,Awareness Session,37.0
A006772,P0012,2025-12-25,Awareness Session,62.0
A006773,P0050,2025-08-04,Assessment,41.0
A006774,P0014,2025-08-22,Counselling,29.0
A006775,P0044,2026-01-17,Workshop,18.0
A006776,P0027,2025-10-15,Workshop,49.0
A006777,P0049,2025-07-26,Community Activity,32.0
A006778,P0054,2025-11-28,Assessment,46.0
A006779,P0049,2025-11-12,Awareness Session,42.0
A006780,P0024,2025-06-15,Community Activity,34.0
A006781,P0044,2026-02-04,Community Activity,28.0
A006782,P0051,2025-07-24,Workshop,6.0
A006783,P0052,2026-01-25,Awareness Session,20.0
A006784,P0008,2025-09-13,Awareness Session,35.0
A006785,P0044,2026-06-05,Training,73.0
A006786,P0025,2026-06-07,Awareness Session,59.0
A006787,P0039,2025-09-11,Workshop,49.0
A006788,P0033,2026-02-14,Community Activity,76.0
A006789,P0043,2026-06-21,Awareness Session,63.0
A006790,P0041,2026-03-29,Awareness Session,42.0
A006791,P0055,2025-04-24,Counselling,80.0
A006792,P0008,2025-06-07,Awareness Session,15.0
A006793,P0063,2026-03-11,Community Activity,76.0
A006794,P0055,2025-11-19,Assessment,18.0
A006795,P0052,2025-12-23,Awareness Session,36.0
A006796,P0034,2026-01-27,Awareness Session,5.0
A006797,P0026,2025-04-03,Community Activity,35.0
A006798,P0059,2026-04-26,Counselling,55.0
A006799,P0032,2026-02-04,Assessment,41.0
A006800,P0031,2025-07-29,Assessment,53.0
A006801,P0024,2025-04-11,Training,68.0
A006802,P0022,2025-06-04,Community Activity,26.0
A006803,P0005,2026-01-22,Awareness Session,20.0
A006804,P0048,2026-06-13,Training,16.0
A006805,P0008,2025-07-14,Community Activity,18.0
A006806,P0051,2025-10-04,Workshop,29.0
A006807,P0039,2025-11-27,Workshop,78.0
A006808,P0033,2026-01-07,Counselling,59.0
A006809,P0031,2025-05-24,Training,79.0
A006810,P0017,2025-08-20,Workshop,75.0
A006811,P0014,2025-09-22,Counselling,50.0
A006812,P0025,2025-07-15,Workshop,45.0
A006813,P0048,2026-05-05,Training,41.0
A006814,P0017,2025-08-18,Training,75.0
A006815,P0049,2025-11-30,Community Activity,76.0
A006816,P0002,2025-11-07,Counselling,51.0
A006817,P0027,2025-05-29,Training,16.0
A006818,P0024,2025-09-07,Awareness Session,73.0
A006819,P0003,2025-12-22,Training,36.0
A006820,P0004,2026-04-18,Community Activity,54.0
A006821,P0029,2026-03-24,Awareness Session,23.0
A006822,P0019,2025-06-22,Assessment,34.0
A006823,P0038,2026-02-05,Counselling,30.0
A006824,P0056,2026-02-23,Counselling,28.0
A006825,P0033,2025-06-28,Community Activity,54.0
A006826,P0062,2025-04-19,Community Activity,34.0
A006827,P0060,2025-05-09,Workshop,78.0
A006828,P0062,2025-08-15,Community Activity,41.0
A006829,P0010,2026-05-06,Assessment,35.0
A006830,P0061,2026-03-13,Workshop,29.0
A006831,P0042,2025-11-28,Workshop,11.0
A006832,P0065,2026-04-27,Counselling,17.0
A006833,P0018,2026-03-09,Awareness Session,15.0
A006834,P0040,2026-06-13,Community Activity,76.0
A006835,P0027,2026-02-27,Community Activity,75.0
A006836,P0050,2026-05-30,Workshop,25.0
A006837,P0003,2025-08-14,Training,48.0
A006838,P0004,2025-08-19,Assessment,57.0
A006839,P0048,2025-10-22,Counselling,8.0
A006840,P0003,2026-02-05,Counselling,5.0
A006841,P0041,2025-10-26,Awareness Session,57.0
A006842,P0041,2026-05-09,Assessment,48.0
A006843,P0032,2026-02-19,Assessment,24.0
A006844,P0008,2026-05-14,Assessment,75.0
A006845,P0034,2025-12-28,Counselling,14.0
A006846,P0038,2025-12-12,Training,80.0
A006847,P0018,2025-05-13,Counselling,37.0
A006848,P0001,2026-03-04,Counselling,5.0
A006849,P0057,2025-05-29,Counselling,17.0
A006850,P0016,2025-06-12,Training,20.0
A006851,P0002,2025-09-10,Counselling,53.0
A006852,P0058,2026-04-29,Counselling,66.0
A006853,P0025,2026-03-21,Assessment,8.0
A006854,P0015,2025-07-26,Assessment,76.0
A006855,P0012,2025-08-25,Community Activity,26.0
A006856,P0016,2025-12-25,Awareness Session,59.0
A006857,P0067,2025-11-03,Workshop,32.0
A006858,P0056,2025-06-08,Training,11.0
A006859,P0060,2025-06-20,Awareness Session,35.0
A006860,P0005,2025-09-09,Counselling,10.0
A006861,P0017,2026-04-16,Counselling,80.0
A006862,P0058,2026-06-01,Community Activity,22.0
A006863,P0005,2025-11-01,Workshop,32.0
A006864,P0017,2026-02-17,Assessment,49.0
A006865,P0036,2025-12-22,Training,38.0
A006866,P0066,2025-09-07,Awareness Session,67.0
A006867,P0049,2026-04-13,Assessment,62.0
A006868,P0019,2025-12-10,Awareness Session,61.0
A006869,P0031,2025-11-11,Community Activity,43.0
A006870,P0035,2026-02-21,Workshop,78.0
A006871,P0037,2025-08-19,Community Activity,44.0
A006872,P0014,2026-05-27,Awareness Session,43.0
A006873,P0064,2025-12-23,Awareness Session,64.0
A006874,P0001,2026-04-16,Assessment,20.0
A006875,P0024,2025-04-15,Counselling,39.0
A006876,P0037,2026-03-05,Community Activity,44.0
A006877,P0024,2025-12-20,Counselling,20.0
A006878,P0057,2025-12-08,Awareness Session,9.0
A006879,P0044,2025-05-19,Awareness Session,16.0
A006880,P0056,2025-06-05,Community Activity,52.0
A006881,P0001,2025-07-11,Workshop,69.0
A006882,P0005,2026-05-19,Community Activity,56.0
A006883,P0045,2026-06-02,Training,58.0
A006884,P0003,2026-06-12,Awareness Session,52.0
A006885,P0059,2026-03-19,Awareness Session,42.0
A006886,P0056,2026-03-05,Counselling,60.0
A006887,P0028,2026-05-20,Training,38.0
A006888,P0066,2026-01-05,Workshop,79.0
A006889,P0029,2026-03-08,Awareness Session,14.0
A006890,P0012,2026-05-28,Counselling,58.0
A006891,P0009,2025-07-02,Assessment,65.0
A006892,P0038,2025-05-04,Community Activity,12.0
A006893,P0050,2025-05-31,Assessment,50.0
A006894,P0014,2025-07-26,Training,14.0
A006895,P0017,2025-12-16,Workshop,34.0
A006896,P0045,2026-06-08,Community Activity,18.0
A006897,P0062,2026-04-01,Community Activity,65.0
A006898,P0009,2026-06-11,Counselling,72.0
A006899,P0007,2026-04-06,Assessment,14.0
A006900,P0005,2025-09-03,Assessment,9.0
A006901,P0029,2026-05-27,Awareness Session,42.0
A006902,P0004,2025-12-12,Workshop,60.0
A006903,P0012,2025-08-10,Assessment,15.0
A006904,P0010,2025-08-22,Workshop,64.0
A006905,P0050,2026-05-31,Assessment,72.0
A006906,P0004,2025-09-18,Assessment,49.0
A006907,P0001,2025-11-22,Assessment,53.0
A006908,P0048,2026-02-14,Training,48.0
A006909,P0038,2025-11-14,Workshop,56.0
A006910,P0021,2026-04-03,Training,41.0
A006911,P0025,2025-05-01,Counselling,8.0
A006912,P0013,2025-06-18,Counselling,62.0
A006913,P0056,2025-04-09,Awareness Session,60.0
A006914,P0024,2026-01-15,Awareness Session,48.0
A006915,P0036,2026-04-30,Training,67.0
A006916,P0050,2025-09-10,Awareness Session,42.0
A006917,P0036,2025-09-03,Workshop,38.0
A006918,P0011,2026-03-14,Training,9.0
A006919,P0029,2025-08-17,Training,10.0
A006920,P0010,2026-01-19,Training,53.0
A006921,P0038,2026-03-20,Assessment,70.0
A006922,P0036,2026-05-04,Training,41.0
A006923,P0020,2026-06-19,Awareness Session,80.0
A006924,P0034,2026-04-27,Assessment,26.0
A006925,P0060,2025-11-19,Counselling,8.0
A006926,P0036,2026-03-23,Assessment,19.0
A006927,P0044,2025-10-10,Assessment,50.0
A006928,P0059,2026-05-13,Community Activity,35.0
A006929,P0047,2025-09-25,Awareness Session,53.0
A006930,P0020,2025-08-16,Awareness Session,28.0
A006931,P0038,2025-04-17,Counselling,53.0
A006932,P0011,2026-02-28,Training,62.0
A006933,P0067,2025-12-13,Awareness Session,33.0
A006934,P0040,2025-04-11,Training,44.0
A006935,P0034,2025-09-16,Awareness Session,74.0
A006936,P0024,2025-11-20,Awareness Session,45.0
A006937,P0057,2025-12-15,Assessment,33.0
A006938,P0066,2025-12-29,Assessment,27.0
A006939,P0030,2026-02-14,Assessment,79.0
A006940,P0053,2026-03-10,Community Activity,69.0
A006941,P0039,2025-07-09,Community Activity,75.0
A006942,P0039,2025-09-08,Community Activity,53.0
A006943,P0053,2025-05-02,Awareness Session,75.0
A006944,P0056,2026-05-14,Training,21.0
A006945,P0024,2026-04-05,Awareness Session,79.0
A006946,P0048,2026-03-13,Community Activity,78.0
A006947,P0053,2025-09-22,Awareness Session,11.0
A006948,P0037,2026-06-01,Assessment,24.0
A006949,P0044,2026-03-03,Training,19.0
A006950,P0037,2025-08-05,Awareness Session,6.0
A006951,P0052,2025-06-20,Training,52.0
A006952,P0011,2025-07-23,Awareness Session,59.0
A006953,P0054,2025-11-24,Workshop,54.0
A006954,P0055,2025-05-27,Community Activity,72.0
A006955,P0043,2026-05-29,Counselling,31.0
A006956,P0048,2026-03-04,Awareness Session,53.0
A006957,P0048,2025-06-14,Training,7.0
A006958,P0050,2025-05-11,Community Activity,5.0
A006959,P0025,2026-05-29,Assessment,57.0
A006960,P0060,2025-09-12,Counselling,11.0
A006961,P0019,2025-06-13,Counselling,44.0
A006962,P0016,2025-04-15,Workshop,38.0
A006963,P0027,2025-10-03,Workshop,7.0
A006964,P0033,2025-10-03,Awareness Session,64.0
A006965,P0013,2026-04-30,Counselling,62.0
A006966,P0018,2025-11-12,Training,23.0
A006967,P0005,2026-03-21,Assessment,52.0
A006968,P0051,2025-08-14,Counselling,62.0
A006969,P0050,2025-05-01,Community Activity,10.0
A006970,P0034,2026-03-30,Assessment,80.0
A006971,P0014,2025-12-09,Community Activity,55.0
A006972,P0032,2025-12-27,Awareness Session,40.0
A006973,P0020,2026-03-15,Workshop,24.0
A006974,P0032,2025-06-18,Workshop,76.0
A006975,P0040,2026-06-22,Assessment,42.0
A006976,P0040,2025-09-06,Community Activity,29.0
A006977,P0021,2026-04-26,Training,72.0
A006978,P0035,2025-12-12,Training,33.0
A006979,P0012,2025-11-03,Community Activity,51.0
A006980,P0036,2025-10-22,Awareness Session,62.0
A006981,P0013,2026-02-24,Awareness Session,7.0
A006982,P0049,2025-04-19,Training,35.0
A006983,P0051,2025-09-24,Community Activity,78.0
A006984,P0026,2025-12-27,Awareness Session,16.0
A006985,P0012,2025-04-03,Assessment,71.0
A006986,P0047,2025-08-24,Assessment,52.0
A006987,P0043,2025-08-28,Community Activity,13.0
A006988,P0060,2025-07-10,Community Activity,18.0
A006989,P0034,2025-11-09,Counselling,23.0
A006990,P0031,2025-06-13,Workshop,21.0
A006991,P0023,2026-01-26,Training,41.0
A006992,P0028,2025-07-29,Community Activity,25.0
A006993,P0042,2026-05-10,Assessment,35.0
A006994,P0063,2026-05-23,Counselling,16.0
A006995,P0060,2025-07-02,Community Activity,
A006996,P0054,2025-06-13,Training,59.0
A006997,P0027,2025-09-03,Community Activity,46.0
A006998,P0048,2026-06-12,Counselling,14.0
A006999,P0043,2026-04-29,Training,27.0
A007000,P0002,2026-01-13,Awareness Session,42.0
A007001,P0020,2026-02-28,Workshop,14.0
A007002,P0054,2025-05-02,Community Activity,22.0
A007003,P0003,2025-05-22,Training,8.0
A007004,P0020,2025-12-04,Assessment,71.0
A007005,P0023,2026-01-11,Awareness Session,33.0
A007006,P0059,2026-06-14,Community Activity,80.0
A007007,P0067,2025-06-11,Counselling,74.0
A007008,P0002,2026-03-23,Training,28.0
A007009,P0033,2025-12-02,Awareness Session,41.0
A007010,P0049,2026-05-08,Community Activity,56.0
A007011,P0021,2025-04-22,Training,23.0
A007012,P0062,2025-07-24,Awareness Session,45.0
A007013,P0025,2025-06-27,Counselling,73.0
A007014,P0058,2026-01-09,Training,8.0
A007015,P0016,2026-05-30,Assessment,34.0
A007016,P0029,2025-09-18,Counselling,31.0
A007017,P0023,2025-10-14,Awareness Session,38.0
A007018,P0065,2025-06-12,Assessment,74.0
A007019,P0015,2025-06-11,Training,51.0
A007020,P0061,2025-05-29,Assessment,19.0
A007021,P0034,2026-06-14,Counselling,25.0
A007022,P0033,2026-03-29,Training,34.0
A007023,P0021,2025-06-21,Training,9.0
A007024,P0016,2026-05-29,Community Activity,18.0
A007025,P0018,2025-07-26,Assessment,28.0
A007026,P0011,2025-07-16,Training,40.0
A007027,P0013,2025-10-15,Counselling,19.0
A007028,P0012,2026-04-12,Assessment,53.0
A007029,P0031,2025-12-28,Workshop,28.0
A007030,P0015,2025-12-30,Community Activity,11.0
A007031,P0048,2026-05-31,Assessment,78.0
A007032,P0051,2025-08-04,Workshop,63.0
A007033,P0015,2025-06-20,Training,49.0
A007034,P0006,2025-04-02,Workshop,37.0
A007035,P0017,2025-06-03,Awareness Session,77.0
A007036,P0028,2025-07-29,Awareness Session,53.0
A007037,P0060,2025-12-23,Assessment,62.0
A007038,P0002,2025-05-25,Awareness Session,68.0
A007039,P0016,2025-12-14,Awareness Session,33.0
A007040,P0017,2025-08-08,Community Activity,74.0
A007041,P0008,2026-02-07,Workshop,8.0
A007042,P0017,2025-12-30,Training,53.0
A007043,P0004,2026-03-27,Community Activity,47.0
A007044,P0013,2025-06-25,Workshop,79.0
A007045,P0032,2026-05-05,Community Activity,23.0
A007046,P0066,2025-04-27,Assessment,58.0
A007047,P0021,2025-12-29,Assessment,75.0
A007048,P0008,2025-11-20,Training,47.0
A007049,P0024,2025-05-24,Counselling,11.0
A007050,P0038,2025-08-23,Community Activity,16.0
A007051,P0016,2025-12-07,Community Activity,19.0
A007052,P0044,2025-12-18,Counselling,49.0
A007053,P0047,2026-03-19,Awareness Session,78.0
A007054,P0058,2026-05-02,Community Activity,47.0
A007055,P0057,2025-08-12,Workshop,77.0
A007056,P0064,2026-03-12,Community Activity,5.0
A007057,P0004,2025-11-16,Training,64.0
A007058,P0062,2025-08-25,Awareness Session,17.0
A007059,P0062,2025-11-22,Assessment,20.0
A007060,P0042,2026-06-19,Assessment,5.0
A007061,P0064,2025-06-29,Training,53.0
A007062,P0013,2025-10-31,Counselling,19.0
A007063,P0041,2026-04-30,Assessment,7.0
A007064,P0029,2025-10-31,Awareness Session,18.0
A007065,P0058,2025-04-07,Assessment,24.0
A007066,P0043,2025-12-18,Counselling,40.0
A007067,P0066,2025-12-10,Community Activity,62.0
A007068,P0067,2025-08-21,Training,61.0
A007069,P0048,2026-01-19,Awareness Session,35.0
A007070,P0014,2026-05-30,Counselling,74.0
A007071,P0034,2025-10-01,Training,37.0
A007072,P0061,2025-12-30,Assessment,68.0
A007073,P0057,2025-09-10,Community Activity,33.0
A007074,P0045,2026-01-26,Assessment,25.0
A007075,P0004,2026-04-19,Community Activity,44.0
A007076,P0035,2025-09-04,Community Activity,51.0
A007077,P0048,2026-02-19,Community Activity,29.0
A007078,P0061,2026-03-10,Community Activity,56.0
A007079,P0009,2025-12-10,Awareness Session,19.0
A007080,P0051,2025-05-02,Assessment,12.0
A007081,P0037,2025-07-03,Community Activity,24.0
A007082,P0026,2025-12-17,Community Activity,37.0
A007083,P0057,2025-09-19,Counselling,40.0
A007084,P0007,2025-07-07,Community Activity,42.0
A007085,P0035,2025-05-20,Training,54.0
A007086,P0021,2025-11-20,Workshop,11.0
A007087,P0035,2026-03-04,Workshop,28.0
A007088,P0033,2025-12-06,Community Activity,80.0
A007089,P0018,2025-04-21,Training,61.0
A007090,P0057,2026-05-11,Training,45.0
A007091,P0008,2026-06-19,Awareness Session,39.0
A007092,P0028,2025-09-14,Workshop,27.0
A007093,P0028,2026-04-11,Counselling,26.0
A007094,P0051,2025-06-24,Counselling,29.0
A007095,P0016,2026-03-21,Assessment,24.0
A007096,P0062,2025-12-17,Workshop,9.0
A007097,P0045,2025-09-08,Awareness Session,8.0
A007098,P0062,2025-10-16,Workshop,29.0
A007099,P0019,2025-11-22,Workshop,41.0
A007100,P0065,2026-01-05,Assessment,29.0
A007101,P0057,2025-07-27,Awareness Session,76.0
A007102,P0044,2025-07-27,Community Activity,23.0
A007103,P0014,2025-05-09,Awareness Session,51.0
A007104,P0023,2025-06-11,Workshop,72.0
A007105,P0052,2025-12-27,Community Activity,51.0
A007106,P0064,2026-02-20,Assessment,40.0
A007107,P0036,2025-04-05,Workshop,39.0
A007108,P0023,2025-11-01,Training,36.0
A007109,P0041,2025-08-06,Awareness Session,58.0
A007110,P0052,2026-06-06,Counselling,74.0
A007111,P0015,2026-01-01,Workshop,54.0
A007112,P0058,2025-06-15,Workshop,75.0
A007113,P0037,2025-11-22,Awareness Session,60.0
A007114,P0008,2026-01-02,Counselling,29.0
A007115,P0038,2025-08-18,Community Activity,26.0
A007116,P0022,2026-06-24,Community Activity,62.0
A007117,P0028,2026-01-11,Training,20.0
A007118,P0027,2025-12-19,Training,11.0
A007119,P0035,2025-07-10,Counselling,65.0
A007120,P0059,2025-05-28,Training,53.0
A007121,P0046,2025-04-18,Community Activity,71.0
A007122,P0003,2026-06-18,Training,38.0
A007123,P0044,2025-12-30,Assessment,32.0
A007124,P0010,2025-09-23,Awareness Session,
A007125,P0040,2025-05-04,Training,71.0
A007126,P0055,2025-04-06,Counselling,20.0
A007127,P0006,2026-04-10,Assessment,15.0
A007128,P0029,2026-04-09,Workshop,11.0
A007129,P0005,2025-05-15,Awareness Session,6.0
A007130,P0026,2026-02-10,Assessment,48.0
A007131,P0038,2025-10-16,Training,77.0
A007132,P0063,2026-05-13,Training,39.0
A007133,P0027,2025-11-07,Community Activity,13.0
A007134,P0041,2025-11-06,Counselling,39.0
A007135,P0008,2025-08-23,Community Activity,52.0
A007136,P0022,2025-12-07,Workshop,17.0
A007137,P0045,2026-02-12,Community Activity,7.0
A007138,P0023,2026-01-14,Counselling,51.0
A007139,P0035,2026-04-17,Training,22.0
A007140,P0033,2025-10-07,Workshop,77.0
A007141,P0061,2025-04-06,Community Activity,5.0
A007142,P0017,2026-03-24,Training,59.0
A007143,P0064,2025-12-15,Counselling,5.0
A007144,P0015,2026-06-12,Community Activity,38.0
A007145,P0063,2025-12-23,Awareness Session,47.0
A007146,P0062,2025-06-26,Counselling,50.0
A007147,P0059,2026-06-04,Assessment,71.0
A007148,P0029,2025-08-10,Awareness Session,73.0
A007149,P0023,2025-08-13,Awareness Session,78.0
A007150,P0044,2026-01-07,Awareness Session,35.0
A007151,P0054,2025-07-15,Counselling,44.0
A007152,P0057,2025-07-06,Awareness Session,57.0
A007153,P0005,2025-11-19,Workshop,68.0
A007154,P0051,2025-11-20,Assessment,12.0
A007155,P0037,2025-05-05,Counselling,79.0
A007156,P0052,2025-09-03,Counselling,21.0
A007157,P0014,2025-12-02,Counselling,28.0
A007158,P0049,2026-01-22,Community Activity,36.0
A007159,P0035,2025-09-25,Community Activity,75.0
A007160,P0040,2025-11-13,Workshop,27.0
A007161,P0021,2025-05-09,Training,32.0
A007162,P0008,2026-03-02,Workshop,60.0
A007163,P0044,2025-04-10,Training,19.0
A007164,P0019,2025-06-10,Awareness Session,8.0
A007165,P0033,2025-12-19,Community Activity,19.0
A007166,P0010,2026-01-06,Workshop,31.0
A007167,P0012,2025-11-04,Awareness Session,44.0
A007168,P0047,2026-05-19,Awareness Session,52.0
A007169,P0018,2025-04-11,Counselling,29.0
A007170,P0048,2025-10-16,Community Activity,46.0
A007171,P0018,2026-01-20,Awareness Session,65.0
A007172,P0025,2026-05-15,Awareness Session,5.0
A007173,P0027,2026-06-15,Awareness Session,32.0
A007174,P0046,2025-09-30,Workshop,16.0
A007175,P0032,2026-05-11,Assessment,7.0
A007176,P0030,2025-12-24,Community Activity,25.0
A007177,P0053,2025-06-03,Awareness Session,31.0
A007178,P0042,2026-03-08,Assessment,29.0
A007179,P0067,2026-02-16,Awareness Session,33.0
A007180,P0032,2026-06-18,Assessment,50.0
A007181,P0015,2025-10-07,Workshop,47.0
A007182,P0018,2026-02-02,Counselling,80.0
A007183,P0045,2025-11-18,Training,74.0
A007184,P0024,2025-06-01,Assessment,60.0
A007185,P0041,2025-10-21,Assessment,5.0
A007186,P0033,2026-06-23,Awareness Session,60.0
A007187,P0026,2026-05-04,Awareness Session,19.0
A007188,P0012,2026-01-21,Training,58.0
A007189,P0055,2025-04-07,Community Activity,51.0
A007190,P0024,2026-02-05,Assessment,59.0
A007191,P0011,2025-11-16,Awareness Session,57.0
A007192,P0016,2026-01-18,Counselling,66.0
A007193,P0001,2025-07-06,Awareness Session,48.0
A007194,P0027,2026-05-22,Awareness Session,73.0
A007195,P0024,2026-01-10,Awareness Session,66.0
A007196,P0049,2026-03-29,Workshop,43.0
A007197,P0042,2025-08-25,Assessment,41.0
A007198,P0050,2026-02-19,Assessment,32.0
A007199,P0001,2025-08-20,Counselling,46.0
A007200,P0030,2025-11-25,Community Activity,57.0
A007201,P0014,2025-08-15,Counselling,41.0
A007202,P0022,2025-08-11,Counselling,68.0
A007203,P0066,2025-09-10,Awareness Session,75.0
A007204,P0006,2026-04-16,Awareness Session,15.0
A007205,P0013,2025-06-24,Counselling,71.0
A007206,P0012,2025-07-19,Assessment,67.0
A007207,P0051,2025-11-21,Training,25.0
A007208,P0053,2026-05-17,Community Activity,47.0
A007209,P0039,2025-05-15,Community Activity,33.0
A007210,P0001,2025-12-14,Assessment,49.0
A007211,P0028,2025-07-21,Awareness Session,11.0
A007212,P0064,2025-12-18,Community Activity,79.0
A007213,P0028,2025-05-01,Counselling,52.0
A007214,P0026,2026-05-21,Workshop,80.0
A007215,P0038,2025-06-14,Counselling,47.0
A007216,P0024,2025-10-04,Community Activity,45.0
A007217,P0054,2025-04-14,Awareness Session,49.0
A007218,P0032,2025-06-13,Community Activity,30.0
A007219,P0006,2025-11-17,Community Activity,14.0
A007220,P0064,2026-06-17,Training,27.0
A007221,P0002,2026-04-20,Counselling,44.0
A007222,P0061,2026-02-05,Assessment,26.0
A007223,P0032,2026-01-12,Community Activity,58.0
A007224,P0037,2025-05-29,Awareness Session,50.0
A007225,P0056,2025-12-20,Workshop,49.0
A007226,P0034,2026-06-24,Awareness Session,9.0
A007227,P0061,2025-07-08,Counselling,34.0
A007228,P0059,2025-12-24,Community Activity,71.0
A007229,P0062,2026-05-20,Workshop,6.0
A007230,P0047,2026-03-21,Assessment,41.0
A007231,P0054,2025-06-20,Counselling,27.0
A007232,P0022,2025-08-04,Awareness Session,71.0
A007233,P0039,2026-06-15,Assessment,23.0
A007234,P0032,2025-08-14,Community Activity,10.0
A007235,P0057,2025-08-25,Community Activity,36.0
A007236,P0031,2026-02-03,Training,61.0
A007237,P0064,2026-03-22,Training,6.0
A007238,P0026,2025-08-17,Training,15.0
A007239,P0012,2025-07-17,Community Activity,25.0
A007240,P0007,2026-06-15,Assessment,34.0
A007241,P0062,2025-10-14,Training,78.0
A007242,P0013,2025-10-04,Community Activity,62.0
A007243,P0016,2025-09-03,Workshop,48.0
A007244,P0063,2025-12-14,Assessment,16.0
A007245,P0067,2025-08-04,Workshop,54.0
A007246,P0015,2025-08-17,Counselling,28.0
A007247,P0003,2026-02-14,Training,67.0
A007248,P0036,2025-08-24,Awareness Session,67.0
A007249,P0060,2026-01-28,Workshop,23.0
A007250,P0021,2025-07-22,Training,13.0
A007251,P0026,2025-05-23,Training,61.0
A007252,P0066,2026-04-24,Counselling,26.0
A007253,P0056,2025-12-31,Workshop,7.0
A007254,P0057,2026-04-24,Community Activity,16.0
A007255,P0029,2025-05-10,Awareness Session,38.0
A007256,P0034,2026-02-26,Workshop,10.0
A007257,P0058,2026-03-22,Community Activity,66.0
A007258,P0039,2025-07-19,Awareness Session,45.0
A007259,P0003,2026-06-06,Community Activity,53.0
A007260,P0042,2025-11-16,Workshop,76.0
A007261,P0036,2026-01-04,Assessment,66.0
A007262,P0035,2025-05-25,Training,26.0
A007263,P0030,2025-09-09,Community Activity,75.0
A007264,P0043,2025-11-11,Counselling,51.0
A007265,P0051,2025-05-28,Community Activity,77.0
A007266,P0022,2025-10-22,Assessment,33.0
A007267,P0041,2026-03-20,Community Activity,21.0
A007268,P0037,2025-11-07,Workshop,20.0
A007269,P0009,2025-09-05,Community Activity,37.0
A007270,P0038,2025-05-31,Assessment,21.0
A007271,P0029,2026-03-04,Counselling,47.0
A007272,P0040,2026-02-06,Awareness Session,
A007273,P0014,2026-03-21,Assessment,31.0
A007274,P0046,2026-04-24,Community Activity,49.0
A007275,P0046,2025-08-10,Community Activity,67.0
A007276,P0039,2025-10-14,Workshop,64.0
A007277,P0052,2025-05-09,Workshop,68.0
A007278,P0034,2025-10-24,Training,
A007279,P0017,2025-06-12,Assessment,35.0
A007280,P0062,2025-11-24,Awareness Session,62.0
A007281,P0023,2025-05-20,Workshop,74.0
A007282,P0056,2025-06-11,Training,72.0
A007283,P0062,2025-11-22,Assessment,58.0
A007284,P0017,2026-01-03,Counselling,28.0
A007285,P0027,2025-06-27,Assessment,50.0
A007286,P0001,2025-04-24,Training,26.0
A007287,P0017,2025-06-12,Workshop,70.0
A007288,P0053,2025-08-28,Counselling,69.0
A007289,P0062,2025-05-04,Community Activity,54.0
A007290,P0019,2026-06-06,Workshop,14.0
A007291,P0036,2025-08-10,Awareness Session,77.0
A007292,P0026,2025-07-22,Training,70.0
A007293,P0018,2025-05-27,Assessment,27.0
A007294,P0037,2026-02-13,Awareness Session,76.0
A007295,P0048,2026-05-19,Awareness Session,53.0
A007296,P0043,2026-03-22,Counselling,10.0
A007297,P0033,2025-10-10,Counselling,25.0
A007298,P0060,2026-03-19,Community Activity,11.0
A007299,P0020,2026-03-13,Awareness Session,30.0
A007300,P0022,2026-02-28,Community Activity,41.0
A007301,P0064,2025-12-16,Workshop,64.0
A007302,P0048,2025-05-05,Training,8.0
A007303,P0033,2026-01-14,Awareness Session,78.0
A007304,P0020,2026-06-09,Assessment,27.0
A007305,P0063,2025-07-29,Training,10.0
A007306,P0033,2025-07-23,Community Activity,75.0
A007307,P0042,2025-04-12,Training,64.0
A007308,P0064,2026-03-20,Assessment,44.0
A007309,P0007,2025-06-17,Counselling,60.0
A007310,P0065,2025-04-02,Assessment,72.0
A007311,P0014,2026-03-13,Counselling,8.0
A007312,P0010,2026-04-11,Counselling,41.0
A007313,P0065,2025-11-09,Training,58.0
A007314,P0023,2026-05-22,Counselling,40.0
A007315,P0013,2026-01-26,Training,9.0
A007316,P0010,2025-10-01,Workshop,59.0
A007317,P0014,2026-05-17,Assessment,58.0
A007318,P0037,2026-03-20,Assessment,58.0
A007319,P0004,2026-01-11,Counselling,15.0
A007320,P0012,2025-09-09,Counselling,17.0
A007321,P0009,2026-04-20,Workshop,33.0
A007322,P0013,2025-08-02,Community Activity,19.0
A007323,P0043,2026-02-02,Workshop,50.0
A007324,P0063,2025-08-19,Community Activity,76.0
A007325,P0034,2025-10-27,Training,31.0
A007326,P0027,2026-05-29,Community Activity,43.0
A007327,P0023,2026-06-23,Awareness Session,73.0
A007328,P0013,2025-12-21,Community Activity,55.0
A007329,P0023,2025-06-09,Workshop,51.0
A007330,P0067,2026-04-06,Workshop,23.0
A007331,P0033,2025-06-11,Assessment,9.0
A007332,P0040,2026-02-22,Assessment,70.0
A007333,P0001,2026-03-10,Workshop,27.0
A007334,P0034,2026-01-30,Workshop,42.0
A007335,P0044,2026-01-06,Assessment,30.0
A007336,P0023,2026-04-16,Workshop,12.0
A007337,P0045,2025-07-24,Workshop,44.0
A007338,P0024,2025-04-26,Awareness Session,29.0
A007339,P0002,2026-05-15,Community Activity,76.0
A007340,P0001,2025-07-12,Workshop,25.0
A007341,P0011,2026-05-29,Counselling,34.0
A007342,P0033,2025-07-24,Counselling,22.0
A007343,P0055,2026-01-15,Awareness Session,66.0
A007344,P0014,2025-12-01,Workshop,13.0
A007345,P0047,2025-08-14,Awareness Session,78.0
A007346,P0008,2026-04-01,Workshop,62.0
A007347,P0014,2025-04-02,Workshop,45.0
A007348,P0012,2025-07-26,Workshop,44.0
A007349,P0034,2026-03-04,Counselling,78.0
A007350,P0003,2025-12-28,Counselling,66.0
A007351,P0018,2025-10-17,Training,49.0
A007352,P0024,2026-06-21,Awareness Session,18.0
A007353,P0009,2025-12-30,Community Activity,22.0
A007354,P0021,2025-09-14,Assessment,6.0
A007355,P0046,2025-09-17,Awareness Session,68.0
A007356,P0035,2026-01-13,Awareness Session,79.0
A007357,P0028,2026-06-20,Counselling,45.0
A007358,P0059,2026-04-18,Workshop,33.0
A007359,P0060,2026-01-13,Community Activity,62.0
A007360,P0060,2025-07-15,Awareness Session,23.0
A007361,P0063,2025-11-26,Awareness Session,52.0
A007362,P0064,2026-03-07,Awareness Session,65.0
A007363,P0045,2025-10-29,Training,41.0
A007364,P0041,2025-04-22,Counselling,60.0
A007365,P0017,2025-11-27,Counselling,28.0
A007366,P0004,2025-04-27,Training,33.0
A007367,P0019,2025-07-16,Training,68.0
A007368,P0030,2026-04-11,Training,77.0
A007369,P0020,2025-04-01,Community Activity,22.0
A007370,P0047,2026-05-02,Training,69.0
A007371,P0045,2025-11-11,Community Activity,28.0
A007372,P0020,2025-11-17,Counselling,24.0
A007373,P0011,2026-04-25,Training,72.0
A007374,P0064,2025-08-19,Counselling,18.0
A007375,P0020,2025-12-12,Workshop,56.0
A007376,P0031,2026-02-28,Awareness Session,18.0
A007377,P0021,2025-10-17,Assessment,68.0
A007378,P0047,2025-10-12,Counselling,30.0
A007379,P0052,2026-05-26,Counselling,48.0
A007380,P0044,2025-11-26,Community Activity,57.0
A007381,P0008,2025-10-21,Assessment,9.0
A007382,P0010,2025-08-14,Workshop,73.0
A007383,P0055,2025-11-07,Workshop,9.0
A007384,P0002,2025-04-20,Awareness Session,22.0
A007385,P0038,2026-02-12,Training,66.0
A007386,P0043,2026-05-12,Awareness Session,55.0
A007387,P0040,2025-10-13,Community Activity,29.0
A007388,P0027,2025-04-25,Assessment,62.0
A007389,P0044,2025-05-02,Community Activity,62.0
A007390,P0007,2026-04-04,Community Activity,53.0
A007391,P0028,2025-08-05,Training,46.0
A007392,P0030,2026-04-10,Training,52.0
A007393,P0013,2026-06-16,Community Activity,61.0
A007394,P0050,2026-05-14,Assessment,34.0
A007395,P0029,2026-02-19,Counselling,22.0
A007396,P0014,2026-04-29,Awareness Session,78.0
A007397,P0064,2026-02-14,Assessment,77.0
A007398,P0064,2026-05-20,Assessment,63.0
A007399,P0055,2026-04-23,Awareness Session,20.0
A007400,P0053,2026-06-15,Assessment,63.0
A007401,P0047,2025-10-16,Counselling,15.0
A007402,P0003,2026-01-15,Awareness Session,53.0
A007403,P0065,2025-07-14,Assessment,67.0
A007404,P0016,2025-08-27,Training,13.0
A007405,P0010,2026-03-05,Awareness Session,64.0
A007406,P0057,2025-08-13,Assessment,77.0
A007407,P0059,2025-07-30,Counselling,52.0
A007408,P0064,2025-05-28,Training,54.0
A007409,P0044,2025-09-08,Counselling,67.0
A007410,P0033,2025-09-17,Assessment,66.0
A007411,P0010,2025-05-23,Training,37.0
A007412,P0052,2026-04-12,Awareness Session,7.0
A007413,P0010,2025-06-24,Training,69.0
A007414,P0017,2025-09-30,Community Activity,40.0
A007415,P0053,2026-06-08,Community Activity,24.0
A007416,P0022,2025-09-13,Counselling,28.0
A007417,P0011,2025-06-20,Community Activity,38.0
A007418,P0067,2026-01-27,Workshop,9.0
A007419,P0013,2025-06-20,Assessment,64.0
A007420,P0058,2025-12-27,Community Activity,70.0
A007421,P0045,2025-08-14,Workshop,47.0
A007422,P0045,2025-05-19,Assessment,16.0
A007423,P0043,2025-05-23,Workshop,79.0
A007424,P0064,2025-07-24,Training,66.0
A007425,P0039,2025-05-07,Training,44.0
A007426,P0008,2026-03-05,Awareness Session,66.0
A007427,P0040,2025-11-07,Training,21.0
A007428,P0051,2026-01-19,Community Activity,39.0
A007429,P0020,2026-03-19,Training,44.0
A007430,P0066,2026-05-17,Community Activity,78.0
A007431,P0058,2026-03-26,Workshop,31.0
A007432,P0065,2026-02-11,Assessment,15.0
A007433,P0045,2025-07-06,Training,62.0
A007434,P0034,2026-04-19,Training,68.0
A007435,P0012,2025-04-07,Counselling,74.0
A007436,P0023,2025-11-13,Workshop,76.0
A007437,P0053,2025-12-19,Training,19.0
A007438,P0053,2025-05-29,Community Activity,69.0
A007439,P0040,2026-05-10,Community Activity,79.0
A007440,P0053,2025-08-31,Community Activity,32.0
A007441,P0036,2025-10-12,Training,46.0
A007442,P0065,2025-05-02,Awareness Session,77.0
A007443,P0014,2026-06-06,Counselling,22.0
A007444,P0034,2025-09-30,Assessment,16.0
A007445,P0026,2025-06-14,Workshop,39.0
A007446,P0055,2025-10-30,Assessment,16.0
A007447,P0063,2025-07-05,Training,69.0
A007448,P0046,2026-02-16,Awareness Session,59.0
A007449,P0037,2026-05-12,Counselling,67.0
A007450,P0023,2025-09-20,Workshop,29.0
A007451,P0016,2026-04-29,Counselling,31.0
A007452,P0032,2025-06-17,Counselling,17.0
A007453,P0007,2025-05-25,Counselling,25.0
A007454,P0044,2025-10-05,Assessment,11.0
A007455,P0047,2025-12-21,Counselling,9.0
A007456,P0005,2025-06-22,Community Activity,13.0
A007457,P0063,2025-04-03,Training,75.0
A007458,P0012,2026-01-13,Community Activity,6.0
A007459,P0009,2025-05-24,Training,21.0
A007460,P0044,2025-11-01,Community Activity,45.0
A007461,P0022,2025-10-28,Training,7.0
A007462,P0046,2025-06-15,Community Activity,30.0
A007463,P0008,2026-01-04,Awareness Session,77.0
A007464,P0056,2025-12-26,Awareness Session,42.0
A007465,P0028,2025-09-11,Counselling,22.0
A007466,P0047,2026-06-06,Community Activity,73.0
A007467,P0035,2025-11-20,Workshop,42.0
A007468,P0021,2025-06-06,Awareness Session,24.0
A007469,P0033,2025-08-16,Assessment,32.0
A007470,P0048,2025-06-07,Training,54.0
A007471,P0054,2025-06-18,Counselling,29.0
A007472,P0002,2026-02-02,Assessment,27.0
A007473,P0033,2025-12-05,Assessment,37.0
A007474,P0016,2025-07-08,Workshop,55.0
A007475,P0050,2025-05-19,Community Activity,28.0
A007476,P0020,2025-05-14,Community Activity,44.0
A007477,P0067,2026-04-19,Training,8.0
A007478,P0045,2026-04-24,Training,61.0
A007479,P0035,2026-03-14,Awareness Session,50.0
A007480,P0029,2025-11-05,Awareness Session,52.0
A007481,P0045,2026-05-04,Assessment,10.0
A007482,P0015,2025-11-08,Assessment,58.0
A007483,P0003,2026-04-27,Assessment,19.0
A007484,P0034,2025-09-30,Training,19.0
A007485,P0004,2025-07-22,Assessment,31.0
A007486,P0019,2026-04-12,Community Activity,76.0
A007487,P0021,2026-01-01,Training,43.0
A007488,P0015,2025-08-12,Awareness Session,46.0
A007489,P0017,2025-04-01,Workshop,60.0
A007490,P0054,2026-06-04,Awareness Session,21.0
A007491,P0037,2026-04-14,Training,27.0
A007492,P0054,2026-05-31,Training,9.0
A007493,P0022,2025-11-28,Awareness Session,49.0
A007494,P0008,2025-10-27,Awareness Session,62.0
A007495,P0011,2025-09-24,Training,59.0
A007496,P0009,2025-07-09,Counselling,54.0
A007497,P0002,2025-11-27,Awareness Session,21.0
A007498,P0032,2025-11-04,Assessment,33.0
A007499,P0051,2025-05-04,Community Activity,37.0
A007500,P0037,2025-11-14,Awareness Session,29.0
A007501,P0006,2026-06-15,Workshop,20.0
A007502,P0012,2025-04-17,Training,71.0
A007503,P0054,2026-03-11,Workshop,65.0
A007504,P0046,2025-10-08,Workshop,34.0
A007505,P0033,2025-12-04,Counselling,49.0
A007506,P0018,2026-02-11,Awareness Session,32.0
A007507,P0038,2026-02-09,Assessment,41.0
A007508,P0059,2026-03-14,Community Activity,58.0
A007509,P0007,2025-06-18,Awareness Session,69.0
A007510,P0015,2026-04-23,Training,19.0
A007511,P0001,2025-11-05,Awareness Session,71.0
A007512,P0046,2025-09-08,Counselling,51.0
A007513,P0032,2026-05-09,Assessment,7.0
A007514,P0049,2026-05-10,Training,67.0
A007515,P0010,2025-11-18,Training,58.0
A007516,P0017,2026-01-22,Workshop,35.0
A007517,P0020,2025-06-13,Training,53.0
A007518,P0051,2026-01-25,Counselling,13.0
A007519,P0022,2025-05-02,Workshop,31.0
A007520,P0020,2025-10-09,Awareness Session,52.0
A007521,P0065,2026-03-25,Assessment,35.0
A007522,P0004,2026-05-26,Assessment,68.0
A007523,P0054,2025-12-09,Training,69.0
A007524,P0065,2025-10-06,Assessment,50.0
A007525,P0051,2026-01-07,Awareness Session,46.0
A007526,P0011,2026-05-11,Community Activity,74.0
A007527,P0027,2026-01-21,Assessment,64.0
A007528,P0026,2026-02-09,Workshop,37.0
A007529,P0017,2025-05-20,Training,31.0
A007530,P0042,2025-10-22,Counselling,73.0
A007531,P0048,2025-06-12,Assessment,72.0
A007532,P0033,2025-09-14,Assessment,54.0
A007533,P0061,2025-12-28,Training,40.0
A007534,P0029,2025-07-07,Community Activity,70.0
A007535,P0063,2026-02-24,Workshop,55.0
A007536,P0037,2026-03-10,Community Activity,23.0
A007537,P0056,2026-04-29,Training,76.0
A007538,P0016,2025-09-20,Counselling,53.0
A007539,P0056,2026-03-12,Community Activity,63.0
A007540,P0042,2026-05-23,Community Activity,69.0
A007541,P0024,2026-02-13,Training,67.0
A007542,P0031,2025-06-07,Community Activity,78.0
A007543,P0011,2025-12-10,Training,17.0
A007544,P0002,2026-03-15,Assessment,70.0
A007545,P0035,2025-11-03,Counselling,50.0
A007546,P0062,2025-04-11,Awareness Session,8.0
A007547,P0054,2025-12-03,Workshop,5.0
A007548,P0051,2025-06-23,Training,49.0
A007549,P0009,2026-03-10,Community Activity,23.0
A007550,P0014,2025-11-25,Awareness Session,61.0
A007551,P0056,2025-07-04,Assessment,75.0
A007552,P0034,2025-08-31,Counselling,61.0
A007553,P0001,2026-02-19,Counselling,67.0
A007554,P0038,2026-05-20,Assessment,13.0
A007555,P0017,2025-11-22,Assessment,59.0
A007556,P0016,2025-10-02,Workshop,72.0
A007557,P0048,2025-06-26,Awareness Session,41.0
A007558,P0050,2025-12-04,Training,18.0
A007559,P0041,2025-09-28,Assessment,26.0
A007560,P0044,2025-10-11,Counselling,80.0
A007561,P0015,2026-02-06,Assessment,52.0
A007562,P0061,2025-06-05,Assessment,14.0
A007563,P0050,2025-11-05,Community Activity,32.0
A007564,P0052,2025-04-22,Counselling,14.0
A007565,P0052,2026-06-11,Counselling,63.0
A007566,P0036,2025-10-02,Counselling,65.0
A007567,P0033,2026-01-14,Assessment,44.0
A007568,P0045,2025-12-06,Training,
A007569,P0002,2026-04-16,Community Activity,73.0
A007570,P0001,2025-04-05,Community Activity,25.0
A007571,P0047,2025-12-25,Counselling,11.0
A007572,P0064,2026-05-06,Workshop,64.0
A007573,P0018,2026-01-24,Community Activity,5.0
A007574,P0054,2026-03-06,Workshop,68.0
A007575,P0035,2026-04-13,Training,37.0
A007576,P0059,2025-08-18,Training,29.0
A007577,P0036,2025-10-16,Community Activity,48.0
A007578,P0026,2026-04-12,Assessment,28.0
A007579,P0045,2026-02-06,Community Activity,12.0
A007580,P0030,2025-10-14,Workshop,34.0
A007581,P0033,2026-01-10,Training,13.0
A007582,P0023,2025-04-25,Community Activity,5.0
A007583,P0021,2025-12-23,Awareness Session,24.0
A007584,P0063,2025-09-16,Workshop,41.0
A007585,P0036,2026-04-30,Assessment,34.0
A007586,P0037,2025-07-05,Community Activity,64.0
A007587,P0001,2026-01-19,Training,60.0
A007588,P0026,2025-07-26,Assessment,74.0
A007589,P0042,2025-06-21,Awareness Session,7.0
A007590,P0040,2025-10-07,Counselling,47.0
A007591,P0053,2025-07-30,Awareness Session,44.0
A007592,P0062,2025-06-18,Workshop,60.0
A007593,P0044,2026-05-13,Counselling,74.0
A007594,P0036,2025-05-14,Workshop,31.0
A007595,P0004,2025-04-19,Training,22.0
A007596,P0021,2026-01-18,Training,60.0
A007597,P0017,2025-08-11,Assessment,74.0
A007598,P0016,2025-11-17,Workshop,37.0
A007599,P0041,2025-04-04,Counselling,53.0
A007600,P0055,2025-04-01,Community Activity,72.0
A007601,P0057,2025-08-04,Counselling,33.0
A007602,P0066,2025-12-29,Counselling,65.0
A007603,P0038,2025-09-18,Training,75.0
A007604,P0056,2025-07-09,Awareness Session,78.0
A007605,P0037,2026-01-31,Training,44.0
A007606,P0050,2026-05-19,Community Activity,62.0
A007607,P0055,2026-06-22,Counselling,24.0
A007608,P0001,2026-04-05,Assessment,58.0
A007609,P0065,2025-05-06,Counselling,37.0
A007610,P0065,2025-04-01,Counselling,14.0
A007611,P0044,2025-07-29,Awareness Session,15.0
A007612,P0012,2025-10-27,Assessment,39.0
A007613,P0053,2026-01-10,Assessment,64.0
A007614,P0061,2025-10-26,Awareness Session,39.0
A007615,P0013,2026-02-16,Workshop,31.0
A007616,P0042,2025-05-06,Awareness Session,18.0
A007617,P0046,2025-06-01,Counselling,71.0
A007618,P0042,2025-08-26,Training,61.0
A007619,P0016,2025-06-22,Counselling,25.0
A007620,P0044,2026-02-04,Assessment,60.0
A007621,P0016,2025-06-21,Awareness Session,45.0
A007622,P0022,2026-03-29,Assessment,31.0
A007623,P0035,2026-05-02,Assessment,6.0
A007624,P0049,2025-05-17,Counselling,46.0
A007625,P0064,2025-06-14,Assessment,57.0
A007626,P0031,2025-11-11,Workshop,24.0
A007627,P0001,2026-04-04,Counselling,79.0
A007628,P0025,2026-05-17,Community Activity,53.0
A007629,P0020,2025-08-06,Training,48.0
A007630,P0008,2025-05-25,Counselling,80.0
A007631,P0064,2025-09-18,Assessment,28.0
A007632,P0016,2026-01-25,Training,18.0
A007633,P0055,2025-04-21,Counselling,79.0
A007634,P0026,2025-11-08,Assessment,55.0
A007635,P0065,2026-02-03,Workshop,31.0
A007636,P0028,2025-09-22,Assessment,48.0
A007637,P0046,2025-08-02,Workshop,26.0
A007638,P0054,2025-07-30,Community Activity,49.0
A007639,P0054,2026-03-09,Awareness Session,79.0
A007640,P0049,2025-08-31,Assessment,51.0
A007641,P0046,2025-07-05,Assessment,16.0
A007642,P0001,2025-09-16,Community Activity,8.0
A007643,P0044,2025-09-06,Workshop,25.0
A007644,P0004,2025-04-13,Workshop,48.0
A007645,P0031,2025-04-06,Counselling,41.0
A007646,P0015,2025-12-13,Workshop,46.0
A007647,P0001,2025-08-14,Training,42.0
A007648,P0006,2025-05-26,Assessment,20.0
A007649,P0027,2025-10-07,Training,14.0
A007650,P0026,2025-06-26,Awareness Session,38.0
A007651,P0066,2026-04-02,Awareness Session,46.0
A007652,P0013,2026-05-11,Training,41.0
A007653,P0034,2026-06-22,Awareness Session,39.0
A007654,P0033,2025-10-14,Community Activity,9.0
A007655,P0040,2025-04-17,Assessment,42.0
A007656,P0043,2026-05-07,Assessment,15.0
A007657,P0007,2026-01-26,Community Activity,44.0
A007658,P0039,2026-02-04,Counselling,62.0
A007659,P0066,2025-05-09,Counselling,57.0
A007660,P0036,2026-02-15,Workshop,74.0
A007661,P0064,2025-07-04,Workshop,35.0
A007662,P0004,2025-09-29,Awareness Session,41.0
A007663,P0022,2025-08-22,Counselling,15.0
A007664,P0004,2025-10-14,Workshop,53.0
A007665,P0064,2025-11-26,Counselling,45.0
A007666,P0022,2025-09-07,Awareness Session,20.0
A007667,P0062,2026-01-07,Awareness Session,11.0
A007668,P0040,2025-09-10,Community Activity,37.0
A007669,P0020,2025-05-23,Awareness Session,49.0
A007670,P0009,2026-04-08,Community Activity,43.0
A007671,P0065,2025-09-18,Counselling,39.0
A007672,P0023,2025-09-16,Workshop,50.0
A007673,P0035,2025-04-24,Awareness Session,46.0
A007674,P0059,2025-05-14,Workshop,71.0
A007675,P0014,2025-10-24,Community Activity,36.0
A007676,P0044,2026-01-04,Community Activity,35.0
A007677,P0022,2025-08-04,Community Activity,45.0
A007678,P0028,2025-06-14,Counselling,72.0
A007679,P0059,2025-11-08,Training,46.0
A007680,P0047,2026-06-03,Workshop,78.0
A007681,P0017,2026-02-05,Training,24.0
A007682,P0031,2026-02-20,Training,34.0
A007683,P0014,2026-04-01,Awareness Session,49.0
A007684,P0049,2026-02-19,Workshop,67.0
A007685,P0067,2025-07-24,Workshop,37.0
A007686,P0021,2025-11-26,Awareness Session,
A007687,P0013,2025-11-23,Counselling,13.0
A007688,P0050,2025-06-03,Community Activity,19.0
A007689,P0012,2025-08-20,Workshop,68.0
A007690,P0048,2025-04-30,Training,13.0
A007691,P0064,2025-08-10,Assessment,54.0
A007692,P0015,2025-04-06,Assessment,26.0
A007693,P0016,2025-05-09,Training,56.0
A007694,P0050,2025-08-24,Training,5.0
A007695,P0041,2026-02-01,Workshop,44.0
A007696,P0004,2025-07-12,Counselling,75.0
A007697,P0020,2025-07-15,Counselling,78.0
A007698,P0008,2026-06-14,Workshop,39.0
A007699,P0047,2025-05-27,Awareness Session,43.0
A007700,P0033,2025-10-04,Community Activity,13.0
A007701,P0005,2026-02-11,Assessment,54.0
A007702,P0041,2025-08-23,Training,39.0
A007703,P0061,2025-11-11,Counselling,40.0
A007704,P0024,2025-05-08,Awareness Session,74.0
A007705,P0027,2025-10-21,Assessment,45.0
A007706,P0029,2025-10-26,Training,77.0
A007707,P0067,2025-06-28,Workshop,26.0
A007708,P0037,2026-04-04,Awareness Session,26.0
A007709,P0053,2025-05-07,Training,78.0
A007710,P0002,2025-08-23,Workshop,12.0
A007711,P0037,2025-06-30,Training,30.0
A007712,P0065,2025-05-01,Workshop,57.0
A007713,P0048,2025-12-26,Community Activity,62.0
A007714,P0049,2025-09-28,Workshop,36.0
A007715,P0047,2026-01-17,Assessment,18.0
A007716,P0004,2026-03-08,Community Activity,50.0
A007717,P0003,2025-12-04,Awareness Session,67.0
A007718,P0036,2026-04-12,Counselling,13.0
A007719,P0006,2025-04-05,Assessment,41.0
A007720,P0034,2026-01-21,Counselling,75.0
A007721,P0052,2025-10-15,Assessment,55.0
A007722,P0031,2025-06-27,Workshop,23.0
A007723,P0034,2026-05-11,Assessment,21.0
A007724,P0042,2025-12-26,Workshop,49.0
A007725,P0048,2025-08-31,Awareness Session,57.0
A007726,P0056,2025-10-29,Training,76.0
A007727,P0018,2025-10-10,Workshop,45.0
A007728,P0014,2026-06-07,Counselling,52.0
A007729,P0058,2025-05-05,Workshop,78.0
A007730,P0056,2025-09-27,Workshop,61.0
A007731,P0053,2025-11-06,Counselling,78.0
A007732,P0060,2025-09-04,Workshop,54.0
A007733,P0032,2025-10-03,Workshop,6.0
A007734,P0047,2025-12-06,Counselling,57.0
A007735,P0022,2026-03-26,Training,74.0
A007736,P0004,2026-02-22,Awareness Session,32.0
A007737,P0025,2025-05-01,Workshop,63.0
A007738,P0061,2026-01-02,Workshop,10.0
A007739,P0012,2026-04-25,Training,60.0
A007740,P0031,2025-04-09,Training,26.0
A007741,P0001,2026-01-11,Awareness Session,12.0
A007742,P0061,2026-03-30,Workshop,6.0
A007743,P0006,2025-04-18,Awareness Session,67.0
A007744,P0022,2025-04-30,Training,24.0
A007745,P0012,2025-06-23,Training,14.0
A007746,P0023,2026-02-10,Workshop,34.0
A007747,P0035,2025-09-30,Community Activity,36.0
A007748,P0014,2025-08-01,Counselling,72.0
A007749,P0030,2025-04-10,Assessment,35.0
A007750,P0022,2025-12-04,Training,79.0
A007751,P0016,2026-05-02,Workshop,72.0
A007752,P0015,2025-05-11,Counselling,59.0
A007753,P0002,2025-12-14,Community Activity,26.0
A007754,P0022,2025-07-28,Awareness Session,44.0
A007755,P0063,2025-12-17,Awareness Session,77.0
A007756,P0015,2026-05-22,Awareness Session,51.0
A007757,P0019,2026-06-23,Counselling,72.0
A007758,P0021,2025-12-04,Assessment,64.0
A007759,P0027,2026-01-18,Counselling,29.0
A007760,P0019,2026-02-11,Counselling,23.0
A007761,P0026,2026-02-08,Training,70.0
A007762,P0049,2025-12-24,Community Activity,23.0
A007763,P0058,2025-05-11,Workshop,42.0
A007764,P0067,2025-04-28,Counselling,39.0
A007765,P0025,2026-01-17,Awareness Session,7.0
A007766,P0022,2025-07-03,Training,28.0
A007767,P0014,2025-05-12,Awareness Session,65.0
A007768,P0009,2025-09-29,Workshop,7.0
A007769,P0022,2026-06-12,Training,10.0
A007770,P0015,2025-05-08,Workshop,68.0
A007771,P0040,2026-03-07,Counselling,37.0
A007772,P0065,2025-07-12,Training,46.0
A007773,P0053,2026-04-14,Workshop,72.0
A007774,P0031,2026-02-21,Community Activity,31.0
A007775,P0010,2025-06-08,Awareness Session,35.0
A007776,P0034,2025-10-03,Counselling,15.0
A007777,P0037,2025-06-18,Community Activity,51.0
A007778,P0013,2026-04-28,Training,14.0
A007779,P0038,2025-05-18,Community Activity,70.0
A007780,P0045,2025-12-03,Counselling,66.0
A007781,P0010,2025-08-24,Community Activity,57.0
A007782,P0022,2025-07-24,Training,75.0
A007783,P0061,2025-04-12,Training,8.0
A007784,P0038,2025-12-12,Assessment,26.0
A007785,P0058,2026-01-08,Training,80.0
A007786,P0026,2025-10-23,Workshop,78.0
A007787,P0049,2025-07-30,Workshop,22.0
A007788,P0062,2026-02-27,Workshop,80.0
A007789,P0009,2026-04-17,Counselling,39.0
A007790,P0060,2025-09-11,Assessment,35.0
A007791,P0030,2025-07-26,Workshop,57.0
A007792,P0021,2026-06-07,Awareness Session,7.0
A007793,P0050,2026-04-07,Counselling,74.0
A007794,P0029,2025-04-09,Assessment,47.0
A007795,P0040,2026-05-23,Counselling,38.0
A007796,P0017,2025-06-15,Assessment,79.0
A007797,P0064,2026-06-08,Counselling,29.0
A007798,P0023,2026-03-11,Community Activity,11.0
A007799,P0007,2025-05-20,Counselling,67.0
A007800,P0034,2025-04-22,Workshop,37.0
A007801,P0024,2025-12-17,Workshop,26.0
A007802,P0007,2025-04-15,Workshop,39.0
A007803,P0008,2026-03-29,Awareness Session,5.0
A007804,P0003,2026-05-07,Community Activity,64.0
A007805,P0004,2026-04-10,Training,68.0
A007806,P0063,2025-06-16,Training,52.0
A007807,P0066,2025-12-27,Assessment,53.0
A007808,P0010,2025-11-03,Awareness Session,63.0
A007809,P0063,2025-11-12,Assessment,11.0
A007810,P0037,2026-06-24,Assessment,45.0
A007811,P0003,2026-05-10,Awareness Session,55.0
A007812,P0029,2026-03-09,Awareness Session,74.0
A007813,P0062,2025-10-26,Awareness Session,51.0
A007814,P0033,2026-06-19,Training,47.0
A007815,P0060,2025-12-16,Community Activity,39.0
A007816,P0042,2026-03-27,Assessment,67.0
A007817,P0062,2026-01-29,Training,39.0
A007818,P0006,2026-04-20,Awareness Session,79.0
A007819,P0049,2025-04-07,Community Activity,7.0
A007820,P0043,2026-06-19,Awareness Session,51.0
A007821,P0009,2025-09-28,Counselling,63.0
A007822,P0051,2025-07-04,Counselling,42.0
A007823,P0014,2026-01-16,Training,30.0
A007824,P0024,2025-04-21,Counselling,28.0
A007825,P0033,2025-10-05,Counselling,45.0
A007826,P0029,2025-06-15,Counselling,75.0
A007827,P0002,2025-12-17,Workshop,79.0
A007828,P0052,2026-04-22,Assessment,57.0
A007829,P0045,2025-10-04,Assessment,75.0
A007830,P0038,2025-06-15,Assessment,69.0
A007831,P0045,2025-07-30,Assessment,15.0
A007832,P0016,2025-04-10,Awareness Session,40.0
A007833,P0047,2025-05-16,Counselling,77.0
A007834,P0025,2025-09-25,Awareness Session,10.0
A007835,P0057,2025-10-07,Assessment,11.0
A007836,P0019,2025-10-04,Assessment,44.0
A007837,P0038,2025-11-08,Training,16.0
A007838,P0066,2026-05-06,Community Activity,34.0
A007839,P0007,2026-06-14,Training,80.0
A007840,P0020,2025-05-14,Training,69.0
A007841,P0004,2026-03-29,Awareness Session,19.0
A007842,P0015,2025-08-25,Counselling,73.0
A007843,P0064,2025-08-24,Counselling,5.0
A007844,P0057,2026-01-07,Training,57.0
A007845,P0050,2025-12-09,Assessment,59.0
A007846,P0017,2025-04-28,Assessment,26.0
A007847,P0016,2026-01-30,Assessment,60.0
A007848,P0003,2025-05-02,Community Activity,10.0
A007849,P0045,2025-12-03,Workshop,7.0
A007850,P0044,2025-07-12,Awareness Session,50.0
A007851,P0062,2025-04-20,Workshop,50.0
A007852,P0009,2025-06-24,Awareness Session,10.0
A007853,P0060,2026-01-27,Community Activity,13.0
A007854,P0057,2025-05-28,Assessment,52.0
A007855,P0061,2025-12-28,Awareness Session,16.0
A007856,P0064,2025-06-15,Awareness Session,72.0
A007857,P0017,2025-08-07,Counselling,5.0
A007858,P0058,2025-09-21,Awareness Session,45.0
A007859,P0047,2026-05-21,Counselling,31.0
A007860,P0052,2025-12-26,Assessment,44.0
A007861,P0018,2025-08-20,Workshop,48.0
A007862,P0037,2025-06-22,Counselling,25.0
A007863,P0017,2026-06-23,Workshop,44.0
A007864,P0003,2026-01-06,Counselling,36.0
A007865,P0033,2025-05-12,Training,55.0
A007866,P0007,2026-04-04,Workshop,5.0
A007867,P0002,2025-11-23,Counselling,58.0
A007868,P0034,2026-04-10,Counselling,6.0
A007869,P0004,2025-04-13,Training,28.0
A007870,P0049,2026-02-03,Counselling,52.0
A007871,P0017,2025-10-05,Counselling,69.0
A007872,P0012,2025-10-29,Assessment,8.0
A007873,P0044,2025-06-07,Counselling,13.0
A007874,P0049,2025-05-11,Training,54.0
A007875,P0017,2025-12-18,Workshop,38.0
A007876,P0038,2025-08-02,Community Activity,79.0
A007877,P0056,2026-04-03,Assessment,50.0
A007878,P0061,2026-01-07,Awareness Session,77.0
A007879,P0032,2025-12-10,Community Activity,72.0
A007880,P0056,2025-11-05,Workshop,7.0
A007881,P0023,2025-04-22,Counselling,34.0
A007882,P0066,2025-09-04,Awareness Session,68.0
A007883,P0067,2025-07-22,Training,64.0
A007884,P0005,2025-11-17,Awareness Session,25.0
A007885,P0023,2026-01-21,Training,60.0
A007886,P0051,2026-02-16,Workshop,71.0
A007887,P0025,2026-01-17,Workshop,44.0
A007888,P0024,2025-07-26,Assessment,64.0
A007889,P0030,2025-11-01,Assessment,48.0
A007890,P0051,2025-12-31,Counselling,26.0
A007891,P0030,2026-05-05,Counselling,18.0
A007892,P0046,2025-06-27,Counselling,6.0
A007893,P0057,2026-01-15,Awareness Session,73.0
A007894,P0029,2025-10-08,Assessment,47.0
A007895,P0062,2026-01-06,Community Activity,43.0
A007896,P0029,2025-10-20,Workshop,73.0
A007897,P0037,2025-06-08,Assessment,22.0
A007898,P0040,2025-08-20,Assessment,77.0
A007899,P0055,2025-04-21,Community Activity,6.0
A007900,P0026,2026-01-25,Assessment,80.0
A007901,P0027,2025-09-27,Workshop,36.0
A007902,P0051,2025-07-11,Workshop,62.0
A007903,P0022,2025-10-25,Workshop,36.0
A007904,P0065,2025-08-03,Workshop,69.0
A007905,P0038,2026-02-25,Counselling,79.0
A007906,P0001,2025-05-18,Counselling,64.0
A007907,P0015,2026-04-07,Training,49.0
A007908,P0011,2025-12-10,Counselling,20.0
A007909,P0056,2026-02-28,Community Activity,36.0
A007910,P0038,2025-10-07,Workshop,69.0
A007911,P0054,2025-06-19,Community Activity,61.0
A007912,P0023,2026-04-21,Training,39.0
A007913,P0037,2026-04-19,Training,21.0
A007914,P0051,2026-01-23,Assessment,26.0
A007915,P0061,2025-10-11,Awareness Session,69.0
A007916,P0022,2025-09-03,Assessment,52.0
A007917,P0066,2025-08-11,Training,43.0
A007918,P0055,2026-04-27,Counselling,71.0
A007919,P0067,2025-06-12,Awareness Session,8.0
A007920,P0026,2025-10-26,Training,24.0
A007921,P0038,2025-07-21,Awareness Session,32.0
A007922,P0050,2025-05-12,Training,5.0
A007923,P0023,2025-09-01,Assessment,75.0
A007924,P0053,2026-04-11,Community Activity,66.0
A007925,P0039,2025-07-07,Awareness Session,42.0
A007926,P0023,2026-02-24,Training,55.0
A007927,P0066,2025-07-13,Awareness Session,54.0
A007928,P0028,2025-05-28,Training,75.0
A007929,P0060,2025-08-17,Training,24.0
A007930,P0067,2025-07-06,Awareness Session,20.0
A007931,P0010,2025-08-28,Counselling,25.0
A007932,P0034,2025-05-24,Training,57.0
A007933,P0001,2025-07-02,Counselling,62.0
A007934,P0037,2026-05-30,Community Activity,69.0
A007935,P0067,2025-10-30,Training,66.0
A007936,P0058,2026-05-29,Community Activity,21.0
A007937,P0016,2025-08-18,Training,40.0
A007938,P0064,2025-12-28,Training,53.0
A007939,P0028,2025-05-13,Counselling,70.0
A007940,P0028,2025-04-26,Training,9.0
A007941,P0018,2026-04-10,Counselling,63.0
A007942,P0043,2025-07-06,Assessment,80.0
A007943,P0014,2025-04-06,Awareness Session,45.0
A007944,P0022,2026-04-01,Counselling,62.0
A007945,P0014,2025-11-12,Workshop,63.0
A007946,P0019,2025-04-19,Training,38.0
A007947,P0019,2026-01-04,Awareness Session,25.0
A007948,P0039,2026-04-17,Awareness Session,
A007949,P0033,2025-04-25,Assessment,63.0
A007950,P0038,2026-03-15,Awareness Session,30.0
A007951,P0032,2026-04-08,Awareness Session,64.0
A007952,P0014,2025-04-16,Workshop,65.0
A007953,P0023,2025-12-14,Workshop,30.0
A007954,P0026,2025-07-02,Workshop,45.0
A007955,P0050,2025-05-28,Community Activity,63.0
A007956,P0055,2025-11-11,Workshop,31.0
A007957,P0067,2025-08-24,Counselling,52.0
A007958,P0020,2026-06-02,Workshop,55.0
A007959,P0056,2025-09-29,Awareness Session,61.0
A007960,P0015,2025-04-09,Workshop,41.0
A007961,P0059,2025-04-02,Training,21.0
A007962,P0057,2026-02-05,Awareness Session,44.0
A007963,P0031,2025-08-11,Counselling,54.0
A007964,P0014,2025-07-23,Workshop,14.0
A007965,P0022,2025-12-09,Awareness Session,36.0
A007966,P0047,2026-01-01,Community Activity,19.0
A007967,P0042,2025-08-10,Workshop,33.0
A007968,P0061,2025-08-11,Community Activity,11.0
A007969,P0005,2025-04-17,Training,67.0
A007970,P0024,2025-04-05,Community Activity,30.0
A007971,P0014,2025-05-20,Community Activity,70.0
A007972,P0048,2025-10-17,Workshop,66.0
A007973,P0015,2025-11-10,Training,53.0
A007974,P0028,2026-01-06,Community Activity,32.0
A007975,P0033,2025-04-25,Awareness Session,68.0
A007976,P0047,2025-08-06,Training,59.0
A007977,P0051,2026-05-31,Community Activity,38.0
A007978,P0056,2026-05-20,Training,60.0
A007979,P0066,2025-07-01,Assessment,75.0
A007980,P0054,2025-12-12,Awareness Session,26.0
A007981,P0001,2026-01-28,Counselling,28.0
A007982,P0013,2026-02-01,Training,8.0
A007983,P0055,2025-05-25,Awareness Session,20.0
A007984,P0044,2025-05-30,Training,30.0
A007985,P0054,2026-05-16,Community Activity,66.0
A007986,P0067,2025-05-09,Assessment,36.0
A007987,P0049,2025-06-17,Counselling,16.0
A007988,P0009,2026-05-02,Counselling,63.0
A007989,P0043,2026-01-16,Community Activity,18.0
A007990,P0065,2025-09-23,Community Activity,23.0
A007991,P0064,2026-05-03,Training,52.0
A007992,P0039,2025-11-22,Community Activity,22.0
A007993,P0037,2026-01-17,Awareness Session,38.0
A007994,P0026,2025-05-23,Workshop,36.0
A007995,P0034,2026-05-28,Workshop,61.0
A007996,P0036,2025-08-06,Awareness Session,66.0
A007997,P0046,2025-08-11,Awareness Session,60.0
A007998,P0064,2026-04-02,Awareness Session,76.0
A007999,P0026,2025-06-11,Training,29.0
A008000,P0010,2025-08-16,Community Activity,50.0
A008001,P0031,2025-04-02,Awareness Session,37.0
A008002,P0058,2025-07-04,Workshop,72.0
A008003,P0028,2025-05-09,Counselling,50.0
A008004,P0035,2026-04-15,Counselling,79.0
A008005,P0057,2025-08-31,Awareness Session,67.0
A008006,P0020,2025-05-04,Workshop,58.0
A008007,P0036,2025-10-24,Awareness Session,15.0
A008008,P0063,2025-10-01,Awareness Session,53.0
A008009,P0044,2025-11-20,Awareness Session,25.0
A008010,P0013,2026-03-03,Awareness Session,25.0
A008011,P0033,2025-04-22,Community Activity,55.0
A008012,P0050,2026-04-02,Assessment,62.0
A008013,P0045,2026-04-03,Training,18.0
A008014,P0055,2025-05-03,Workshop,17.0
A008015,P0050,2026-06-16,Awareness Session,38.0
A008016,P0052,2025-10-27,Training,21.0
A008017,P0047,2026-05-19,Community Activity,48.0
A008018,P0043,2025-06-02,Assessment,76.0
A008019,P0010,2025-12-10,Training,21.0
A008020,P0048,2025-07-04,Assessment,73.0
A008021,P0055,2026-04-06,Awareness Session,25.0
A008022,P0042,2025-04-12,Assessment,22.0
A008023,P0031,2026-04-29,Counselling,62.0
A008024,P0030,2026-04-09,Awareness Session,72.0
A008025,P0007,2026-02-12,Assessment,45.0
A008026,P0032,2025-12-06,Awareness Session,15.0
A008027,P0042,2026-06-21,Assessment,80.0
A008028,P0026,2025-08-06,Training,65.0
A008029,P0012,2025-09-11,Community Activity,37.0
A008030,P0014,2026-06-14,Community Activity,77.0
A008031,P0041,2025-08-12,Workshop,15.0
A008032,P0043,2025-09-06,Counselling,69.0
A008033,P0030,2026-03-22,Awareness Session,27.0
A008034,P0009,2026-05-22,Training,6.0
A008035,P0020,2026-02-24,Assessment,32.0
A008036,P0025,2025-10-08,Counselling,67.0
A008037,P0003,2025-09-13,Workshop,26.0
A008038,P0037,2025-04-26,Awareness Session,56.0
A008039,P0028,2025-04-16,Assessment,9.0
A008040,P0060,2026-05-13,Counselling,74.0
A008041,P0060,2025-11-19,Counselling,43.0
A008042,P0020,2025-04-24,Workshop,39.0
A008043,P0008,2025-06-12,Assessment,56.0
A008044,P0032,2026-05-14,Assessment,18.0
A008045,P0024,2026-01-04,Training,80.0
A008046,P0025,2026-06-12,Assessment,63.0
A008047,P0020,2026-02-17,Workshop,18.0
A008048,P0053,2025-05-02,Community Activity,31.0
A008049,P0021,2025-10-19,Community Activity,22.0
A008050,P0029,2025-05-17,Training,44.0
A008051,P0062,2025-09-10,Community Activity,7.0
A008052,P0034,2025-10-31,Community Activity,55.0
A008053,P0047,2026-05-03,Community Activity,18.0
A008054,P0042,2025-04-25,Assessment,64.0
A008055,P0009,2025-10-04,Counselling,11.0
A008056,P0036,2026-06-12,Workshop,28.0
A008057,P0007,2026-03-16,Awareness Session,69.0
A008058,P0067,2025-11-09,Awareness Session,8.0
A008059,P0034,2025-12-20,Workshop,32.0
A008060,P0056,2026-04-27,Workshop,78.0
A008061,P0037,2026-03-23,Awareness Session,54.0
A008062,P0055,2025-12-11,Awareness Session,64.0
A008063,P0036,2025-11-15,Awareness Session,37.0
A008064,P0010,2026-04-22,Training,26.0
A008065,P0041,2026-03-19,Workshop,72.0
A008066,P0051,2026-05-01,Community Activity,76.0
A008067,P0005,2026-05-21,Training,68.0
A008068,P0037,2025-07-05,Assessment,69.0
A008069,P0057,2026-05-10,Training,33.0
A008070,P0029,2025-11-21,Counselling,11.0
A008071,P0056,2025-08-03,Workshop,17.0
A008072,P0031,2025-12-10,Assessment,64.0
A008073,P0052,2026-02-24,Awareness Session,15.0
A008074,P0013,2026-03-30,Counselling,19.0
A008075,P0029,2025-05-11,Community Activity,47.0
A008076,P0058,2026-05-31,Community Activity,50.0
A008077,P0028,2026-02-07,Assessment,73.0
A008078,P0031,2025-11-04,Assessment,22.0
A008079,P0047,2025-10-22,Counselling,69.0
A008080,P0065,2025-10-07,Workshop,6.0
A008081,P0060,2026-02-23,Assessment,7.0
A008082,P0030,2025-11-11,Training,43.0
A008083,P0054,2026-03-17,Training,68.0
A008084,P0064,2026-06-14,Training,38.0
A008085,P0012,2025-08-18,Workshop,33.0
A008086,P0012,2025-05-26,Awareness Session,24.0
A008087,P0056,2025-10-03,Assessment,75.0
A008088,P0019,2025-08-29,Training,20.0
A008089,P0036,2025-11-03,Community Activity,38.0
A008090,P0014,2025-09-08,Workshop,27.0
A008091,P0004,2026-05-07,Awareness Session,47.0
A008092,P0005,2025-05-11,Assessment,40.0
A008093,P0042,2025-11-22,Awareness Session,15.0
A008094,P0060,2025-08-06,Training,6.0
A008095,P0037,2026-05-01,Awareness Session,74.0
A008096,P0031,2025-07-29,Community Activity,51.0
A008097,P0057,2026-02-12,Workshop,80.0
A008098,P0052,2025-05-28,Community Activity,17.0
A008099,P0043,2025-04-04,Training,46.0
A008100,P0055,2025-12-25,Assessment,63.0
A008101,P0009,2025-05-01,Community Activity,50.0
A008102,P0052,2026-01-03,Community Activity,6.0
A008103,P0053,2026-04-01,Counselling,19.0
A008104,P0033,2025-07-10,Assessment,70.0
A008105,P0002,2025-12-04,Community Activity,26.0
A008106,P0023,2026-05-28,Assessment,17.0
A008107,P0016,2025-10-03,Assessment,77.0
A008108,P0048,2026-01-11,Workshop,41.0
A008109,P0004,2025-12-04,Community Activity,29.0
A008110,P0025,2026-01-15,Training,45.0
A008111,P0067,2026-03-17,Assessment,68.0
A008112,P0039,2025-08-12,Workshop,19.0
A008113,P0022,2025-07-28,Workshop,28.0
A008114,P0060,2026-03-12,Training,62.0
A008115,P0036,2026-06-07,Workshop,29.0
A008116,P0049,2026-01-26,Community Activity,5.0
A008117,P0033,2025-06-16,Training,42.0
A008118,P0019,2025-07-02,Community Activity,10.0
A008119,P0006,2025-05-20,Workshop,14.0
A008120,P0028,2025-12-12,Community Activity,77.0
A008121,P0065,2025-09-01,Training,59.0
A008122,P0014,2025-05-09,Awareness Session,50.0
A008123,P0012,2025-10-31,Assessment,6.0
A008124,P0059,2026-02-02,Training,30.0
A008125,P0008,2025-04-04,Training,43.0
A008126,P0010,2025-09-10,Awareness Session,54.0
A008127,P0048,2025-04-05,Community Activity,47.0
A008128,P0054,2025-09-03,Community Activity,6.0
A008129,P0050,2026-04-15,Assessment,30.0
A008130,P0047,2025-04-21,Counselling,46.0
A008131,P0029,2025-06-12,Community Activity,23.0
A008132,P0009,2025-08-16,Training,10.0
A008133,P0066,2025-09-30,Assessment,47.0
A008134,P0054,2025-11-18,Workshop,45.0
A008135,P0016,2026-05-22,Assessment,47.0
A008136,P0008,2025-05-10,Training,40.0
A008137,P0022,2025-07-16,Awareness Session,40.0
A008138,P0015,2025-08-11,Counselling,18.0
A008139,P0028,2026-02-23,Workshop,59.0
A008140,P0029,2025-10-26,Awareness Session,73.0
A008141,P0032,2026-01-14,Training,77.0
A008142,P0016,2025-06-20,Awareness Session,74.0
A008143,P0033,2025-06-30,Community Activity,68.0
A008144,P0036,2025-11-24,Workshop,36.0
A008145,P0039,2025-10-23,Community Activity,78.0
A008146,P0050,2026-04-24,Community Activity,54.0
A008147,P0014,2025-06-20,Assessment,45.0
A008148,P0039,2025-12-16,Awareness Session,62.0
A008149,P0020,2026-03-27,Workshop,63.0
A008150,P0050,2025-10-16,Community Activity,12.0
A008151,P0039,2025-05-07,Awareness Session,41.0
A008152,P0008,2026-02-28,Community Activity,44.0
A008153,P0030,2025-07-25,Training,63.0
A008154,P0020,2026-05-02,Counselling,59.0
A008155,P0028,2026-04-17,Counselling,35.0
A008156,P0054,2026-05-18,Counselling,31.0
A008157,P0020,2026-04-04,Workshop,16.0
A008158,P0023,2025-12-03,Counselling,25.0
A008159,P0039,2026-03-20,Workshop,54.0
A008160,P0034,2025-11-16,Training,12.0
A008161,P0022,2025-05-09,Workshop,42.0
A008162,P0057,2026-06-06,Counselling,23.0
A008163,P0047,2026-05-24,Community Activity,39.0
A008164,P0018,2025-10-07,Counselling,80.0
A008165,P0008,2025-08-26,Community Activity,36.0
A008166,P0061,2026-03-17,Counselling,46.0
A008167,P0030,2025-11-24,Awareness Session,65.0
A008168,P0049,2025-10-04,Counselling,68.0
A008169,P0063,2025-05-14,Counselling,76.0
A008170,P0049,2026-06-12,Workshop,72.0
A008171,P0043,2025-11-03,Assessment,69.0
A008172,P0017,2025-07-28,Awareness Session,43.0
A008173,P0043,2026-04-13,Assessment,32.0
A008174,P0055,2025-10-03,Workshop,49.0
A008175,P0062,2025-11-28,Counselling,19.0
A008176,P0022,2025-05-22,Counselling,49.0
A008177,P0017,2026-06-08,Assessment,56.0
A008178,P0020,2026-06-04,Counselling,79.0
A008179,P0029,2026-04-29,Community Activity,51.0
A008180,P0046,2025-12-31,Counselling,40.0
A008181,P0014,2025-08-01,Awareness Session,23.0
A008182,P0031,2025-07-12,Counselling,31.0
A008183,P0031,2025-08-17,Counselling,16.0
A008184,P0003,2026-05-29,Assessment,59.0
A008185,P0022,2025-05-10,Workshop,15.0
A008186,P0053,2025-05-06,Counselling,43.0
A008187,P0054,2026-03-09,Awareness Session,5.0
A008188,P0027,2025-09-30,Workshop,55.0
A008189,P0032,2025-05-14,Community Activity,14.0
A008190,P0031,2025-11-16,Awareness Session,49.0
A008191,P0039,2026-06-02,Assessment,54.0
A008192,P0062,2026-04-04,Workshop,40.0
A008193,P0057,2025-09-20,Training,72.0
A008194,P0067,2025-11-16,Awareness Session,34.0
A008195,P0062,2025-10-08,Training,42.0
A008196,P0033,2025-11-05,Awareness Session,30.0
A008197,P0060,2025-12-14,Workshop,25.0
A008198,P0030,2025-08-12,Awareness Session,80.0
A008199,P0013,2025-11-13,Assessment,31.0
A008200,P0020,2026-02-23,Community Activity,80.0
A008201,P0008,2026-01-01,Awareness Session,75.0
A008202,P0021,2026-06-13,Counselling,45.0
A008203,P0013,2026-03-19,Awareness Session,21.0
A008204,P0030,2025-09-22,Workshop,
A008205,P0049,2026-03-15,Community Activity,62.0
A008206,P0058,2025-04-27,Workshop,37.0
A008207,P0046,2025-04-01,Assessment,15.0
A008208,P0002,2026-05-02,Assessment,26.0
A008209,P0019,2025-06-04,Counselling,27.0
A008210,P0027,2025-07-13,Counselling,41.0
A008211,P0007,2025-10-03,Counselling,54.0
A008212,P0050,2025-11-04,Workshop,63.0
A008213,P0053,2025-10-15,Awareness Session,52.0
A008214,P0041,2025-07-27,Training,5.0
A008215,P0012,2026-06-08,Counselling,47.0
A008216,P0017,2025-12-21,Assessment,13.0
A008217,P0056,2025-07-29,Assessment,51.0
A008218,P0021,2025-09-30,Counselling,34.0
A008219,P0014,2025-09-11,Community Activity,36.0
A008220,P0022,2026-05-09,Workshop,49.0
A008221,P0009,2026-04-29,Assessment,60.0
A008222,P0006,2025-08-16,Training,36.0
A008223,P0029,2025-09-06,Awareness Session,18.0
A008224,P0044,2025-06-23,Community Activity,11.0
A008225,P0016,2026-06-03,Assessment,65.0
A008226,P0044,2026-01-12,Training,14.0
A008227,P0029,2025-11-25,Awareness Session,79.0
A008228,P0021,2025-12-21,Workshop,30.0
A008229,P0066,2025-07-26,Training,45.0
A008230,P0036,2026-03-27,Community Activity,59.0
A008231,P0003,2025-12-16,Counselling,28.0
A008232,P0057,2025-09-20,Community Activity,13.0
A008233,P0049,2026-05-13,Awareness Session,43.0
A008234,P0041,2025-07-22,Workshop,67.0
A008235,P0050,2026-03-13,Assessment,12.0
A008236,P0014,2026-04-16,Workshop,54.0
A008237,P0023,2025-11-20,Training,43.0
A008238,P0066,2025-09-28,Counselling,31.0
A008239,P0040,2026-04-05,Counselling,48.0
A008240,P0021,2025-06-17,Assessment,46.0
A008241,P0043,2025-09-15,Community Activity,7.0
A008242,P0046,2026-02-08,Training,45.0
A008243,P0048,2025-10-27,Awareness Session,57.0
A008244,P0030,2025-09-04,Training,30.0
A008245,P0040,2026-01-09,Assessment,31.0
A008246,P0042,2025-09-23,Assessment,9.0
A008247,P0024,2025-08-04,Community Activity,37.0
A008248,P0059,2025-05-22,Counselling,57.0
A008249,P0065,2025-11-28,Community Activity,29.0
A008250,P0054,2026-02-18,Awareness Session,46.0
A008251,P0059,2026-01-17,Training,55.0
A008252,P0060,2025-08-30,Workshop,52.0
A008253,P0038,2025-07-31,Counselling,51.0
A008254,P0002,2025-12-11,Workshop,52.0
A008255,P0065,2025-05-27,Workshop,71.0
A008256,P0008,2025-12-15,Community Activity,53.0
A008257,P0011,2026-01-26,Workshop,26.0
A008258,P0042,2025-12-31,Training,70.0
A008259,P0055,2026-06-07,Workshop,50.0
A008260,P0041,2025-08-15,Workshop,42.0
A008261,P0003,2025-12-06,Workshop,56.0
A008262,P0011,2025-08-28,Assessment,69.0
A008263,P0060,2025-09-30,Workshop,12.0
A008264,P0010,2026-05-05,Counselling,68.0
A008265,P0012,2025-07-29,Workshop,17.0
A008266,P0001,2025-09-12,Awareness Session,54.0
A008267,P0040,2025-04-27,Training,32.0
A008268,P0039,2025-09-10,Workshop,12.0
A008269,P0016,2025-09-10,Community Activity,52.0
A008270,P0025,2025-06-17,Assessment,49.0
A008271,P0028,2025-05-22,Counselling,15.0
A008272,P0043,2026-03-29,Counselling,15.0
A008273,P0007,2026-05-30,Assessment,44.0
A008274,P0029,2025-08-28,Assessment,37.0
A008275,P0063,2025-08-28,Community Activity,20.0
A008276,P0011,2025-07-25,Community Activity,44.0
A008277,P0001,2026-02-25,Workshop,9.0
A008278,P0028,2025-07-05,Training,35.0
A008279,P0046,2026-01-01,Workshop,68.0
A008280,P0003,2025-09-21,Assessment,50.0
A008281,P0014,2025-05-04,Training,74.0
A008282,P0039,2025-06-22,Workshop,32.0
A008283,P0025,2026-02-12,Counselling,22.0
A008284,P0035,2025-12-22,Awareness Session,26.0
A008285,P0030,2026-05-02,Community Activity,74.0
A008286,P0040,2026-04-06,Community Activity,
A008287,P0011,2025-07-01,Counselling,55.0
A008288,P0066,2025-04-08,Awareness Session,8.0
A008289,P0039,2025-05-24,Counselling,28.0
A008290,P0028,2025-12-12,Counselling,20.0
A008291,P0064,2025-07-01,Assessment,46.0
A008292,P0003,2026-05-05,Assessment,71.0
A008293,P0006,2025-12-29,Community Activity,28.0
A008294,P0036,2025-05-10,Assessment,64.0
A008295,P0003,2025-11-20,Awareness Session,55.0
A008296,P0020,2026-01-30,Training,60.0
A008297,P0057,2025-06-01,Training,34.0
A008298,P0052,2025-12-31,Assessment,5.0
A008299,P0009,2025-05-19,Workshop,80.0
A008300,P0050,2026-04-09,Awareness Session,7.0
A008301,P0006,2026-01-19,Awareness Session,10.0
A008302,P0043,2025-06-21,Assessment,64.0
A008303,P0056,2025-06-01,Assessment,33.0
A008304,P0017,2026-01-18,Assessment,54.0
A008305,P0032,2026-03-15,Counselling,64.0
A008306,P0011,2025-04-15,Awareness Session,7.0
A008307,P0026,2026-02-11,Assessment,5.0
A008308,P0018,2026-02-06,Community Activity,79.0
A008309,P0030,2026-04-26,Counselling,39.0
A008310,P0064,2025-07-24,Workshop,67.0
A008311,P0032,2026-05-25,Assessment,45.0
A008312,P0057,2025-11-26,Awareness Session,68.0
A008313,P0062,2025-06-25,Awareness Session,34.0
A008314,P0007,2026-05-26,Workshop,47.0
A008315,P0005,2025-06-09,Assessment,15.0
A008316,P0014,2025-05-10,Awareness Session,64.0
A008317,P0046,2025-06-17,Training,69.0
A008318,P0012,2026-05-06,Awareness Session,78.0
A008319,P0050,2026-04-20,Counselling,6.0
A008320,P0041,2026-01-25,Training,36.0
A008321,P0008,2025-10-11,Training,62.0
A008322,P0003,2026-01-23,Workshop,44.0
A008323,P0052,2025-05-15,Workshop,55.0
A008324,P0011,2026-03-24,Training,75.0
A008325,P0048,2026-06-04,Counselling,61.0
A008326,P0012,2026-04-04,Assessment,40.0
A008327,P0051,2025-07-09,Training,11.0
A008328,P0004,2025-05-25,Workshop,52.0
A008329,P0017,2026-01-02,Assessment,61.0
A008330,P0029,2026-04-24,Training,9.0
A008331,P0023,2026-05-30,Community Activity,23.0
A008332,P0062,2025-12-06,Assessment,55.0
A008333,P0012,2026-03-08,Awareness Session,46.0
A008334,P0048,2025-09-15,Workshop,10.0
A008335,P0033,2026-03-09,Counselling,53.0
A008336,P0013,2026-06-23,Awareness Session,34.0
A008337,P0038,2025-12-25,Community Activity,68.0
A008338,P0050,2025-06-27,Community Activity,61.0
A008339,P0012,2026-03-11,Assessment,32.0
A008340,P0026,2026-03-29,Awareness Session,54.0
A008341,P0065,2025-06-07,Community Activity,15.0
A008342,P0003,2025-08-29,Training,23.0
A008343,P0008,2025-11-27,Community Activity,11.0
A008344,P0030,2025-12-16,Training,21.0
A008345,P0043,2025-09-15,Training,16.0
A008346,P0014,2026-02-11,Awareness Session,24.0
A008347,P0017,2025-05-28,Workshop,75.0
A008348,P0040,2026-03-20,Counselling,65.0
A008349,P0066,2026-03-06,Assessment,61.0
A008350,P0008,2025-04-17,Workshop,40.0
A008351,P0006,2025-04-30,Assessment,11.0
A008352,P0018,2026-04-19,Community Activity,32.0
A008353,P0066,2026-03-14,Awareness Session,54.0
A008354,P0002,2025-08-30,Workshop,59.0
A008355,P0060,2025-11-09,Counselling,72.0
A008356,P0003,2026-01-19,Training,42.0
A008357,P0007,2025-10-04,Counselling,13.0
A008358,P0047,2025-06-02,Counselling,40.0
A008359,P0030,2026-02-14,Counselling,67.0
A008360,P0035,2025-06-10,Training,47.0
A008361,P0059,2026-06-10,Counselling,40.0
A008362,P0062,2025-07-27,Awareness Session,32.0
A008363,P0047,2026-02-04,Counselling,65.0
A008364,P0017,2026-05-04,Counselling,10.0
A008365,P0053,2025-05-26,Community Activity,47.0
A008366,P0033,2025-11-23,Awareness Session,14.0
A008367,P0063,2025-10-15,Workshop,65.0
A008368,P0042,2026-02-04,Awareness Session,55.0
A008369,P0048,2025-12-12,Assessment,23.0
A008370,P0062,2025-10-26,Training,70.0
A008371,P0007,2026-03-19,Awareness Session,61.0
A008372,P0055,2026-06-19,Training,47.0
A008373,P0038,2026-01-25,Awareness Session,62.0
A008374,P0039,2025-04-01,Counselling,48.0
A008375,P0029,2025-06-02,Counselling,25.0
A008376,P0029,2026-06-17,Assessment,35.0
A008377,P0055,2025-08-09,Workshop,54.0
A008378,P0060,2025-08-19,Awareness Session,19.0
A008379,P0066,2025-08-17,Assessment,18.0
A008380,P0004,2025-05-31,Awareness Session,24.0
A008381,P0020,2025-12-24,Training,50.0
A008382,P0051,2025-06-21,Assessment,
A008383,P0055,2025-07-13,Workshop,47.0
A008384,P0046,2026-05-22,Community Activity,69.0
A008385,P0047,2025-05-11,Awareness Session,54.0
A008386,P0014,2025-12-16,Training,26.0
A008387,P0005,2025-11-02,Training,70.0
A008388,P0032,2025-11-14,Community Activity,56.0
A008389,P0042,2026-06-05,Assessment,13.0
A008390,P0040,2025-09-21,Counselling,62.0
A008391,P0020,2026-06-12,Assessment,26.0
A008392,P0045,2025-07-17,Assessment,22.0
A008393,P0012,2026-04-28,Training,44.0
A008394,P0041,2026-03-23,Workshop,58.0
A008395,P0010,2026-03-05,Assessment,21.0
A008396,P0002,2025-07-30,Counselling,9.0
A008397,P0056,2026-04-13,Community Activity,6.0
A008398,P0016,2026-03-15,Training,18.0
A008399,P0045,2026-02-20,Counselling,79.0
A008400,P0047,2026-05-25,Training,18.0
A008401,P0041,2025-05-28,Community Activity,6.0
A008402,P0044,2025-06-25,Training,58.0
A008403,P0058,2026-03-08,Assessment,29.0
A008404,P0055,2026-05-27,Training,14.0
A008405,P0025,2025-05-13,Workshop,73.0
A008406,P0012,2025-10-12,Counselling,75.0
A008407,P0018,2026-05-14,Community Activity,39.0
A008408,P0065,2025-10-23,Awareness Session,70.0
A008409,P0054,2025-04-05,Training,59.0
A008410,P0064,2025-04-18,Assessment,79.0
A008411,P0063,2026-05-17,Awareness Session,17.0
A008412,P0015,2026-01-11,Workshop,31.0
A008413,P0006,2026-03-22,Community Activity,73.0
A008414,P0029,2026-02-20,Counselling,73.0
A008415,P0026,2025-07-28,Workshop,20.0
A008416,P0001,2025-08-24,Assessment,55.0
A008417,P0029,2026-05-14,Awareness Session,10.0
A008418,P0015,2025-05-04,Community Activity,29.0
A008419,P0046,2025-12-01,Workshop,57.0
A008420,P0064,2026-04-15,Training,
A008421,P0037,2025-10-17,Awareness Session,63.0
A008422,P0055,2026-03-14,Counselling,71.0
A008423,P0056,2025-06-10,Assessment,44.0
A008424,P0017,2026-02-13,Assessment,40.0
A008425,P0057,2025-07-07,Counselling,70.0
A008426,P0022,2025-08-31,Assessment,10.0
A008427,P0007,2025-12-02,Assessment,62.0
A008428,P0003,2025-10-10,Counselling,60.0
A008429,P0054,2025-07-16,Assessment,77.0
A008430,P0056,2025-05-29,Counselling,42.0
A008431,P0064,2026-02-16,Assessment,59.0
A008432,P0009,2025-11-12,Workshop,54.0
A008433,P0050,2025-07-05,Workshop,5.0
A008434,P0057,2025-10-08,Workshop,24.0
A008435,P0008,2025-12-24,Awareness Session,52.0
A008436,P0053,2025-09-19,Counselling,61.0
A008437,P0035,2026-02-04,Workshop,40.0
A008438,P0049,2025-09-01,Assessment,46.0
A008439,P0024,2026-02-04,Counselling,38.0
A008440,P0007,2025-06-25,Counselling,76.0
A008441,P0040,2025-07-16,Assessment,56.0
A008442,P0051,2026-05-20,Community Activity,72.0
A008443,P0036,2025-08-28,Community Activity,50.0
A008444,P0034,2025-05-18,Training,64.0
A008445,P0053,2026-04-27,Counselling,18.0
A008446,P0067,2026-03-02,Community Activity,50.0
A008447,P0033,2025-09-03,Community Activity,29.0
A008448,P0066,2025-06-17,Awareness Session,53.0
A008449,P0054,2025-04-24,Awareness Session,50.0
A008450,P0065,2026-04-14,Training,74.0
A008451,P0040,2025-07-27,Workshop,65.0
A008452,P0064,2026-01-06,Community Activity,19.0
A008453,P0010,2025-05-17,Workshop,77.0
A008454,P0014,2026-04-03,Counselling,80.0
A008455,P0051,2025-04-17,Assessment,73.0
A008456,P0001,2026-03-22,Counselling,67.0
A008457,P0025,2025-06-05,Training,61.0
A008458,P0022,2025-07-18,Workshop,6.0
A008459,P0036,2025-11-20,Awareness Session,49.0
A008460,P0027,2025-08-14,Counselling,57.0
A008461,P0021,2026-06-20,Training,51.0
A008462,P0031,2025-12-10,Community Activity,25.0
A008463,P0006,2026-01-18,Community Activity,9.0
A008464,P0052,2025-12-17,Counselling,38.0
A008465,P0008,2025-09-21,Workshop,44.0
A008466,P0062,2025-04-04,Assessment,63.0
A008467,P0010,2026-02-09,Community Activity,45.0
A008468,P0040,2025-06-09,Awareness Session,13.0
A008469,P0035,2025-04-29,Training,64.0
A008470,P0026,2025-12-20,Workshop,39.0
A008471,P0064,2026-01-29,Community Activity,79.0
A008472,P0004,2026-02-24,Awareness Session,15.0
A008473,P0004,2025-05-31,Community Activity,37.0
A008474,P0016,2026-02-03,Workshop,19.0
A008475,P0013,2025-10-19,Workshop,73.0
A008476,P0050,2026-02-14,Counselling,68.0
A008477,P0067,2025-08-22,Awareness Session,52.0
A008478,P0032,2025-10-21,Assessment,53.0
A008479,P0003,2026-01-06,Workshop,44.0
A008480,P0038,2026-06-22,Assessment,15.0
A008481,P0067,2025-10-05,Community Activity,65.0
A008482,P0039,2025-06-09,Assessment,23.0
A008483,P0057,2025-07-09,Workshop,35.0
A008484,P0055,2025-12-05,Counselling,34.0
A008485,P0027,2026-02-17,Training,23.0
A008486,P0016,2026-01-08,Training,62.0
A008487,P0004,2025-04-17,Workshop,25.0
A008488,P0050,2025-06-28,Community Activity,48.0
A008489,P0046,2025-08-06,Counselling,9.0
A008490,P0042,2025-11-26,Training,58.0
A008491,P0049,2026-05-24,Workshop,35.0
A008492,P0044,2026-02-19,Awareness Session,52.0
A008493,P0032,2025-10-07,Workshop,30.0
A008494,P0046,2026-04-17,Workshop,76.0
A008495,P0037,2025-07-03,Assessment,75.0
A008496,P0002,2025-04-27,Assessment,41.0
A008497,P0067,2025-09-19,Counselling,27.0
A008498,P0063,2025-06-20,Training,56.0
A008499,P0011,2025-06-02,Counselling,56.0
A008500,P0018,2025-07-07,Assessment,32.0
A008501,P0049,2026-06-14,Workshop,70.0
A008502,P0014,2025-08-14,Assessment,40.0
A008503,P0022,2026-06-15,Workshop,58.0
A008504,P0022,2025-10-21,Counselling,13.0
A008505,P0025,2026-06-19,Counselling,29.0
A008506,P0016,2026-03-21,Counselling,40.0
A008507,P0039,2025-12-15,Counselling,18.0
A008508,P0030,2026-06-05,Counselling,14.0
A008509,P0021,2025-08-20,Workshop,13.0
A008510,P0043,2025-09-20,Community Activity,7.0
A008511,P0061,2026-05-28,Community Activity,7.0
A008512,P0019,2026-02-17,Workshop,14.0
A008513,P0020,2026-05-13,Counselling,56.0
A008514,P0047,2026-06-20,Counselling,29.0
A008515,P0024,2025-12-14,Workshop,27.0
A008516,P0064,2025-10-14,Workshop,15.0
A008517,P0020,2025-10-13,Counselling,26.0
A008518,P0065,2026-03-22,Community Activity,57.0
A008519,P0025,2026-04-21,Training,31.0
A008520,P0057,2026-02-12,Awareness Session,71.0
A008521,P0033,2025-04-11,Training,51.0
A008522,P0061,2026-05-06,Community Activity,17.0
A008523,P0044,2025-12-24,Training,34.0
A008524,P0061,2026-03-05,Community Activity,50.0
A008525,P0047,2025-06-16,Assessment,34.0
A008526,P0032,2025-10-28,Awareness Session,63.0
A008527,P0004,2026-03-06,Counselling,5.0
A008528,P0065,2025-04-21,Counselling,40.0
A008529,P0030,2026-02-06,Training,16.0
A008530,P0002,2025-05-01,Community Activity,24.0
A008531,P0048,2025-09-06,Assessment,6.0
A008532,P0006,2026-02-19,Training,65.0
A008533,P0067,2025-09-15,Workshop,36.0
A008534,P0034,2025-04-02,Training,35.0
A008535,P0003,2025-12-23,Training,24.0
A008536,P0037,2025-09-27,Community Activity,60.0
A008537,P0054,2025-04-24,Workshop,28.0
A008538,P0022,2025-09-23,Workshop,46.0
A008539,P0002,2026-02-12,Training,7.0
A008540,P0006,2026-03-17,Assessment,72.0
A008541,P0038,2025-04-02,Workshop,72.0
A008542,P0057,2025-11-04,Awareness Session,75.0
A008543,P0006,2025-12-29,Workshop,15.0
A008544,P0034,2026-02-10,Counselling,25.0
A008545,P0052,2025-09-30,Community Activity,43.0
A008546,P0006,2025-05-19,Workshop,16.0
A008547,P0064,2026-04-11,Workshop,66.0
A008548,P0059,2026-06-13,Awareness Session,26.0
A008549,P0040,2025-05-12,Assessment,22.0
A008550,P0016,2026-04-07,Community Activity,72.0
A008551,P0066,2025-06-16,Training,74.0
A008552,P0010,2025-11-04,Awareness Session,20.0
A008553,P0030,2025-08-26,Awareness Session,77.0
A008554,P0033,2025-10-17,Awareness Session,36.0
A008555,P0039,2026-04-13,Assessment,57.0
A008556,P0004,2025-06-03,Training,53.0
A008557,P0064,2026-03-29,Workshop,55.0
A008558,P0025,2026-03-06,Counselling,16.0
A008559,P0015,2025-07-19,Community Activity,59.0
A008560,P0006,2026-02-25,Awareness Session,11.0
A008561,P0043,2025-04-28,Training,10.0
A008562,P0051,2025-10-20,Assessment,30.0
A008563,P0015,2025-06-12,Assessment,32.0
A008564,P0055,2026-01-17,Training,13.0
A008565,P0003,2026-05-16,Awareness Session,26.0
A008566,P0010,2025-08-12,Counselling,61.0
A008567,P0024,2025-04-28,Community Activity,50.0
A008568,P0042,2025-12-25,Community Activity,7.0
A008569,P0066,2026-03-31,Assessment,22.0
A008570,P0010,2025-08-05,Workshop,73.0
A008571,P0041,2025-06-26,Assessment,42.0
A008572,P0021,2025-05-17,Counselling,26.0
A008573,P0053,2026-04-30,Training,38.0
A008574,P0057,2025-12-03,Training,18.0
A008575,P0020,2025-10-30,Awareness Session,32.0
A008576,P0022,2025-05-09,Assessment,44.0
A008577,P0050,2026-05-13,Workshop,55.0
A008578,P0008,2026-02-25,Awareness Session,70.0
A008579,P0012,2025-05-15,Training,53.0
A008580,P0029,2025-06-29,Counselling,52.0
A008581,P0038,2025-05-18,Counselling,25.0
A008582,P0026,2026-01-23,Workshop,60.0
A008583,P0010,2025-05-29,Awareness Session,68.0
A008584,P0057,2026-01-10,Workshop,45.0
A008585,P0051,2025-12-10,Workshop,67.0
A008586,P0025,2025-06-07,Assessment,5.0
A008587,P0049,2025-06-21,Counselling,27.0
A008588,P0015,2026-04-14,Assessment,73.0
A008589,P0042,2025-05-16,Workshop,65.0
A008590,P0021,2026-02-08,Assessment,29.0
A008591,P0027,2025-08-02,Community Activity,26.0
A008592,P0063,2025-08-18,Community Activity,43.0
A008593,P0051,2025-09-07,Workshop,69.0
A008594,P0032,2025-12-08,Workshop,27.0
A008595,P0012,2026-03-17,Community Activity,23.0
A008596,P0024,2025-12-20,Awareness Session,12.0
A008597,P0043,2026-03-11,Awareness Session,14.0
A008598,P0042,2026-04-18,Workshop,17.0
A008599,P0027,2025-12-23,Community Activity,80.0
A008600,P0062,2026-01-07,Counselling,23.0
A008601,P0014,2025-05-11,Counselling,5.0
A008602,P0056,2025-10-05,Assessment,41.0
A008603,P0002,2026-05-08,Community Activity,57.0
A008604,P0018,2025-09-23,Training,76.0
A008605,P0065,2025-12-29,Counselling,54.0
A008606,P0004,2025-10-08,Assessment,43.0
A008607,P0047,2025-04-10,Awareness Session,46.0
A008608,P0045,2025-05-04,Workshop,53.0
A008609,P0065,2025-12-04,Training,30.0
A008610,P0059,2025-08-05,Awareness Session,40.0
A008611,P0032,2026-03-15,Workshop,12.0
A008612,P0043,2026-06-09,Training,31.0
A008613,P0038,2026-06-03,Counselling,56.0
A008614,P0029,2026-01-09,Awareness Session,53.0
A008615,P0046,2025-04-18,Community Activity,27.0
A008616,P0001,2025-07-05,Workshop,45.0
A008617,P0006,2026-05-25,Awareness Session,58.0
A008618,P0036,2025-08-11,Training,47.0
A008619,P0064,2025-06-21,Awareness Session,54.0
A008620,P0027,2026-04-17,Training,77.0
A008621,P0001,2026-03-02,Community Activity,22.0
A008622,P0029,2025-04-03,Awareness Session,74.0
A008623,P0032,2026-04-25,Community Activity,71.0
A008624,P0002,2026-03-19,Training,31.0
A008625,P0024,2026-02-10,Awareness Session,51.0
A008626,P0016,2025-10-25,Awareness Session,31.0
A008627,P0052,2026-01-25,Awareness Session,19.0
A008628,P0026,2026-02-16,Training,58.0
A008629,P0001,2025-10-11,Training,77.0
A008630,P0024,2026-03-14,Training,22.0
A008631,P0028,2026-02-02,Workshop,5.0
A008632,P0033,2025-12-08,Awareness Session,16.0
A008633,P0042,2025-08-07,Training,31.0
A008634,P0050,2025-08-11,Community Activity,50.0
A008635,P0011,2025-06-07,Counselling,75.0
A008636,P0062,2026-04-11,Counselling,22.0
A008637,P0047,2025-11-07,Workshop,38.0
A008638,P0006,2026-02-16,Awareness Session,21.0
A008639,P0010,2026-03-01,Awareness Session,40.0
A008640,P0049,2026-04-24,Assessment,62.0
A008641,P0008,2025-12-08,Counselling,58.0
A008642,P0029,2026-06-17,Community Activity,6.0
A008643,P0045,2025-08-05,Community Activity,42.0
A008644,P0012,2025-09-01,Counselling,47.0
A008645,P0038,2026-05-03,Community Activity,39.0
A008646,P0055,2025-05-11,Awareness Session,15.0
A008647,P0052,2025-06-14,Training,31.0
A008648,P0018,2026-06-10,Assessment,46.0
A008649,P0066,2025-05-12,Training,57.0
A008650,P0064,2025-10-26,Training,73.0
A008651,P0001,2025-10-27,Awareness Session,19.0
A008652,P0063,2026-06-18,Workshop,59.0
A008653,P0012,2026-04-19,Community Activity,10.0
A008654,P0009,2026-03-11,Awareness Session,53.0
A008655,P0016,2026-04-18,Training,31.0
A008656,P0041,2026-05-04,Community Activity,6.0
A008657,P0022,2026-06-05,Awareness Session,26.0
A008658,P0014,2026-03-31,Awareness Session,26.0
A008659,P0049,2025-09-08,Community Activity,74.0
A008660,P0056,2025-11-09,Workshop,25.0
A008661,P0058,2025-09-12,Assessment,35.0
A008662,P0006,2026-06-05,Community Activity,11.0
A008663,P0003,2025-09-11,Assessment,32.0
A008664,P0038,2025-11-22,Training,72.0
A008665,P0032,2025-09-21,Assessment,69.0
A008666,P0025,2025-05-22,Training,13.0
A008667,P0006,2025-07-21,Counselling,11.0
A008668,P0034,2026-02-22,Workshop,59.0
A008669,P0037,2025-07-29,Community Activity,74.0
A008670,P0060,2025-06-14,Assessment,72.0
A008671,P0007,2026-04-10,Community Activity,49.0
A008672,P0058,2025-09-01,Training,34.0
A008673,P0020,2025-04-29,Workshop,50.0
A008674,P0035,2025-12-14,Training,36.0
A008675,P0019,2025-04-24,Workshop,27.0
A008676,P0011,2025-12-30,Awareness Session,17.0
A008677,P0052,2026-01-14,Community Activity,46.0
A008678,P0057,2026-04-12,Counselling,5.0
A008679,P0052,2025-11-24,Community Activity,18.0
A008680,P0013,2025-10-30,Community Activity,20.0
A008681,P0026,2026-03-08,Counselling,67.0
A008682,P0054,2026-05-22,Assessment,53.0
A008683,P0017,2025-09-07,Workshop,29.0
A008684,P0007,2026-05-22,Workshop,56.0
A008685,P0019,2025-09-15,Community Activity,43.0
A008686,P0006,2025-10-07,Training,16.0
A008687,P0042,2025-12-26,Awareness Session,76.0
A008688,P0008,2026-06-03,Assessment,31.0
A008689,P0030,2026-01-07,Training,33.0
A008690,P0040,2025-09-02,Training,51.0
A008691,P0002,2025-04-10,Awareness Session,76.0
A008692,P0048,2026-03-23,Assessment,65.0
A008693,P0027,2026-04-05,Awareness Session,62.0
A008694,P0014,2025-06-10,Awareness Session,73.0
A008695,P0050,2025-10-26,Training,29.0
A008696,P0005,2025-05-13,Awareness Session,73.0
A008697,P0021,2025-12-10,Training,36.0
A008698,P0048,2026-05-05,Training,56.0
A008699,P0032,2025-04-24,Awareness Session,48.0
A008700,P0001,2025-07-20,Counselling,35.0
A008701,P0063,2025-04-21,Workshop,62.0
A008702,P0056,2025-07-02,Community Activity,13.0
A008703,P0011,2026-01-31,Awareness Session,34.0
A008704,P0010,2026-03-01,Workshop,65.0
A008705,P0035,2026-06-20,Training,52.0
A008706,P0031,2025-12-12,Workshop,41.0
A008707,P0004,2025-07-01,Counselling,69.0
A008708,P0028,2025-09-27,Counselling,75.0
A008709,P0026,2026-05-07,Workshop,19.0
A008710,P0054,2026-04-27,Training,57.0
A008711,P0012,2025-07-27,Community Activity,39.0
A008712,P0036,2025-08-15,Community Activity,62.0
A008713,P0016,2025-10-04,Assessment,51.0
A008714,P0050,2025-11-24,Community Activity,15.0
A008715,P0054,2026-06-02,Workshop,60.0
A008716,P0009,2025-10-15,Awareness Session,52.0
A008717,P0044,2025-07-07,Counselling,74.0
A008718,P0014,2025-06-06,Awareness Session,18.0
A008719,P0053,2025-12-30,Training,68.0
A008720,P0048,2025-06-22,Community Activity,33.0
A008721,P0054,2025-08-19,Assessment,72.0
A008722,P0003,2025-05-10,Training,74.0
A008723,P0020,2025-06-08,Assessment,53.0
A008724,P0054,2025-05-17,Counselling,70.0
A008725,P0004,2025-07-12,Awareness Session,23.0
A008726,P0043,2026-03-22,Counselling,56.0
A008727,P0018,2026-01-05,Community Activity,61.0
A008728,P0066,2025-09-12,Training,15.0
A008729,P0040,2026-01-25,Workshop,35.0
A008730,P0030,2025-05-16,Assessment,24.0
A008731,P0023,2025-05-14,Workshop,13.0
A008732,P0035,2025-06-14,Counselling,75.0
A008733,P0044,2026-02-10,Assessment,21.0
A008734,P0050,2025-07-15,Training,27.0
A008735,P0024,2026-04-01,Training,14.0
A008736,P0033,2025-06-13,Awareness Session,26.0
A008737,P0048,2026-04-22,Training,37.0
A008738,P0018,2025-04-17,Counselling,14.0
A008739,P0055,2026-04-06,Awareness Session,43.0
A008740,P0010,2025-09-26,Awareness Session,31.0
A008741,P0051,2025-12-17,Counselling,64.0
A008742,P0013,2025-05-05,Counselling,47.0
A008743,P0014,2026-03-26,Training,48.0
A008744,P0032,2025-06-21,Training,10.0
A008745,P0026,2025-11-05,Assessment,61.0
A008746,P0051,2025-06-29,Awareness Session,28.0
A008747,P0036,2026-06-15,Training,53.0
A008748,P0059,2026-01-12,Awareness Session,65.0
A008749,P0021,2025-06-16,Awareness Session,11.0
A008750,P0013,2026-06-18,Workshop,60.0
A008751,P0016,2025-10-25,Assessment,74.0
A008752,P0047,2026-01-31,Workshop,68.0
A008753,P0053,2026-05-11,Community Activity,54.0
A008754,P0030,2025-10-25,Assessment,56.0
A008755,P0064,2026-02-22,Workshop,35.0
A008756,P0026,2025-09-07,Community Activity,80.0
A008757,P0031,2026-05-07,Workshop,58.0
A008758,P0022,2026-05-22,Awareness Session,71.0
A008759,P0044,2026-02-14,Awareness Session,6.0
A008760,P0026,2025-09-20,Workshop,42.0
A008761,P0065,2026-04-01,Counselling,11.0
A008762,P0009,2026-03-31,Community Activity,34.0
A008763,P0050,2025-09-13,Workshop,52.0
A008764,P0049,2025-09-05,Assessment,5.0
A008765,P0008,2026-06-22,Counselling,54.0
A008766,P0046,2026-04-08,Counselling,52.0
A008767,P0060,2026-01-23,Community Activity,70.0
A008768,P0019,2025-04-13,Community Activity,23.0
A008769,P0015,2025-10-22,Workshop,30.0
A008770,P0027,2025-10-13,Assessment,11.0
A008771,P0063,2026-03-26,Assessment,63.0
A008772,P0044,2025-09-17,Community Activity,31.0
A008773,P0058,2025-12-18,Training,15.0
A008774,P0039,2025-11-24,Community Activity,69.0
A008775,P0018,2026-03-23,Workshop,42.0
A008776,P0054,2025-04-27,Training,63.0
A008777,P0048,2025-05-23,Assessment,62.0
A008778,P0029,2025-04-07,Workshop,79.0
A008779,P0030,2025-09-06,Awareness Session,12.0
A008780,P0025,2025-06-27,Awareness Session,61.0
A008781,P0027,2026-06-24,Training,55.0
A008782,P0030,2025-11-30,Workshop,5.0
A008783,P0040,2025-10-16,Counselling,69.0
A008784,P0032,2026-04-04,Awareness Session,15.0
A008785,P0029,2026-04-08,Workshop,63.0
A008786,P0041,2026-02-15,Awareness Session,80.0
A008787,P0011,2025-07-11,Workshop,43.0
A008788,P0044,2025-04-08,Workshop,27.0
A008789,P0034,2026-06-11,Training,51.0
A008790,P0034,2026-02-18,Assessment,41.0
A008791,P0028,2025-04-30,Assessment,49.0
A008792,P0060,2026-04-12,Workshop,30.0
A008793,P0054,2026-06-19,Workshop,61.0
A008794,P0027,2025-05-07,Awareness Session,11.0
A008795,P0046,2025-06-23,Workshop,16.0
A008796,P0008,2025-05-15,Workshop,34.0
A008797,P0029,2025-07-17,Assessment,80.0
A008798,P0019,2025-05-23,Awareness Session,49.0
A008799,P0032,2025-12-25,Counselling,17.0
A008800,P0001,2025-05-02,Awareness Session,59.0
A008801,P0067,2026-04-09,Assessment,22.0
A008802,P0058,2026-06-20,Training,64.0
A008803,P0026,2025-07-24,Workshop,27.0
A008804,P0050,2025-04-02,Awareness Session,7.0
A008805,P0007,2026-02-27,Awareness Session,23.0
A008806,P0019,2025-08-14,Awareness Session,53.0
A008807,P0058,2025-11-10,Awareness Session,48.0
A008808,P0027,2026-01-29,Workshop,30.0
A008809,P0037,2025-12-26,Workshop,30.0
A008810,P0008,2025-10-30,Workshop,17.0
A008811,P0001,2026-01-14,Assessment,49.0
A008812,P0004,2025-05-06,Workshop,46.0
A008813,P0065,2025-10-30,Counselling,15.0
A008814,P0032,2026-02-09,Assessment,41.0
A008815,P0023,2025-10-15,Community Activity,24.0
A008816,P0018,2025-10-14,Community Activity,17.0
A008817,P0006,2025-09-23,Workshop,18.0
A008818,P0059,2026-01-11,Awareness Session,18.0
A008819,P0062,2026-05-17,Training,78.0
A008820,P0012,2025-07-10,Counselling,64.0
A008821,P0046,2026-05-30,Community Activity,68.0
A008822,P0024,2026-02-26,Community Activity,78.0
A008823,P0013,2025-05-28,Assessment,34.0
A008824,P0039,2025-05-11,Community Activity,8.0
A008825,P0002,2025-04-11,Counselling,50.0
A008826,P0011,2025-12-18,Assessment,55.0
A008827,P0055,2025-08-26,Assessment,21.0
A008828,P0024,2025-06-30,Awareness Session,18.0
A008829,P0008,2026-05-18,Counselling,26.0
A008830,P0050,2026-02-23,Awareness Session,15.0
A008831,P0025,2025-12-12,Workshop,74.0
A008832,P0004,2025-11-18,Awareness Session,39.0
A008833,P0067,2025-09-23,Training,73.0
A008834,P0007,2026-02-21,Awareness Session,41.0
A008835,P0044,2026-03-07,Community Activity,61.0
A008836,P0022,2025-10-27,Counselling,52.0
A008837,P0058,2026-04-17,Counselling,29.0
A008838,P0017,2025-04-15,Awareness Session,20.0
A008839,P0008,2025-04-02,Counselling,70.0
A008840,P0057,2025-07-06,Training,70.0
A008841,P0032,2025-07-23,Workshop,78.0
A008842,P0042,2025-12-11,Workshop,54.0
A008843,P0042,2026-02-03,Counselling,53.0
A008844,P0040,2025-09-30,Counselling,27.0
A008845,P0021,2026-05-02,Workshop,19.0
A008846,P0035,2025-09-19,Training,49.0
A008847,P0045,2025-10-03,Awareness Session,48.0
A008848,P0005,2025-08-23,Workshop,42.0
A008849,P0009,2025-09-16,Workshop,73.0
A008850,P0010,2025-04-25,Workshop,6.0
A008851,P0030,2026-02-19,Counselling,40.0
A008852,P0046,2025-08-20,Counselling,31.0
A008853,P0062,2026-04-08,Community Activity,73.0
A008854,P0002,2026-03-31,Assessment,9.0
A008855,P0053,2026-01-10,Workshop,11.0
A008856,P0049,2025-09-27,Counselling,21.0
A008857,P0001,2026-01-11,Workshop,45.0
A008858,P0018,2025-04-12,Awareness Session,38.0
A008859,P0043,2025-11-05,Counselling,37.0
A008860,P0033,2025-11-09,Workshop,43.0
A008861,P0052,2025-07-20,Counselling,76.0
A008862,P0005,2025-08-03,Community Activity,54.0
A008863,P0002,2025-12-21,Training,63.0
A008864,P0035,2025-04-26,Training,72.0
A008865,P0009,2026-04-09,Awareness Session,48.0
A008866,P0016,2025-04-27,Assessment,72.0
A008867,P0030,2025-04-15,Awareness Session,67.0
A008868,P0008,2025-12-26,Community Activity,69.0
A008869,P0047,2025-12-14,Workshop,71.0
A008870,P0015,2026-01-27,Training,30.0
A008871,P0013,2026-02-20,Community Activity,7.0
A008872,P0015,2026-04-02,Counselling,55.0
A008873,P0035,2025-08-02,Workshop,31.0
A008874,P0043,2026-03-02,Community Activity,7.0
A008875,P0003,2025-06-12,Community Activity,34.0
A008876,P0033,2025-07-17,Workshop,76.0
A008877,P0028,2025-07-24,Community Activity,62.0
A008878,P0015,2026-03-02,Community Activity,77.0
A008879,P0008,2026-06-02,Counselling,9.0
A008880,P0059,2025-10-31,Community Activity,61.0
A008881,P0007,2025-04-19,Awareness Session,20.0
A008882,P0030,2025-07-29,Awareness Session,24.0
A008883,P0019,2025-06-11,Assessment,36.0
A008884,P0014,2025-05-14,Assessment,60.0
A008885,P0030,2026-01-26,Counselling,11.0
A008886,P0054,2026-04-17,Community Activity,13.0
A008887,P0024,2025-10-30,Assessment,53.0
A008888,P0019,2025-06-06,Awareness Session,72.0
A008889,P0019,2025-10-24,Workshop,52.0
A008890,P0020,2025-06-05,Counselling,30.0
A008891,P0056,2025-04-22,Awareness Session,69.0
A008892,P0012,2025-08-23,Awareness Session,56.0
A008893,P0046,2025-10-03,Assessment,54.0
A008894,P0057,2026-03-02,Awareness Session,34.0
A008895,P0050,2025-09-22,Community Activity,27.0
A008896,P0039,2026-03-30,Workshop,6.0
A008897,P0019,2026-04-16,Workshop,35.0
A008898,P0013,2025-08-20,Workshop,65.0
A008899,P0036,2026-04-04,Community Activity,55.0
A008900,P0024,2025-05-11,Training,66.0
A008901,P0023,2026-02-05,Training,17.0
A008902,P0061,2025-08-27,Community Activity,24.0
A008903,P0039,2026-01-12,Workshop,13.0
A008904,P0037,2026-01-13,Training,22.0
A008905,P0020,2025-07-29,Awareness Session,51.0
A008906,P0026,2025-04-09,Counselling,44.0
A008907,P0055,2025-05-07,Assessment,68.0
A008908,P0058,2025-11-26,Training,29.0
A008909,P0012,2025-12-21,Community Activity,19.0
A008910,P0039,2026-01-02,Assessment,57.0
A008911,P0067,2026-02-06,Training,43.0
A008912,P0035,2025-12-20,Community Activity,16.0
A008913,P0056,2026-01-05,Assessment,75.0
A008914,P0063,2025-06-19,Community Activity,56.0
A008915,P0015,2025-07-04,Awareness Session,75.0
A008916,P0047,2026-05-09,Assessment,50.0
A008917,P0066,2025-12-17,Training,43.0
A008918,P0025,2026-06-08,Assessment,47.0
A008919,P0050,2026-03-31,Awareness Session,64.0
A008920,P0005,2026-04-21,Assessment,37.0
A008921,P0061,2025-05-28,Counselling,74.0
A008922,P0026,2026-03-18,Training,37.0
A008923,P0051,2025-11-03,Training,63.0
A008924,P0003,2026-03-21,Awareness Session,26.0
A008925,P0018,2025-09-05,Training,15.0
A008926,P0008,2025-04-15,Workshop,54.0
A008927,P0058,2026-04-21,Counselling,18.0
A008928,P0044,2026-03-15,Training,78.0
A008929,P0050,2025-12-12,Community Activity,16.0
A008930,P0066,2025-07-31,Counselling,43.0
A008931,P0049,2026-01-03,Counselling,48.0
A008932,P0019,2025-10-15,Awareness Session,57.0
A008933,P0066,2025-07-02,Workshop,35.0
A008934,P0040,2026-02-12,Assessment,28.0
A008935,P0016,2025-06-20,Awareness Session,18.0
A008936,P0012,2025-11-10,Assessment,40.0
A008937,P0027,2025-06-21,Awareness Session,46.0
A008938,P0005,2025-08-31,Training,14.0
A008939,P0047,2025-04-18,Awareness Session,19.0
A008940,P0009,2025-11-20,Counselling,11.0
A008941,P0023,2025-09-21,Workshop,21.0
A008942,P0063,2025-10-20,Training,72.0
A008943,P0007,2026-02-13,Assessment,52.0
A008944,P0053,2025-09-29,Awareness Session,41.0
A008945,P0055,2026-04-16,Awareness Session,14.0
A008946,P0030,2025-04-27,Training,54.0
A008947,P0051,2026-01-25,Assessment,44.0
A008948,P0009,2025-10-07,Counselling,78.0
A008949,P0031,2025-06-14,Assessment,76.0
A008950,P0005,2025-11-18,Community Activity,36.0
A008951,P0061,2025-04-29,Counselling,43.0
A008952,P0052,2025-11-10,Training,77.0
A008953,P0033,2025-04-04,Community Activity,75.0
A008954,P0058,2026-02-19,Training,40.0
A008955,P0041,2026-02-10,Workshop,25.0
A008956,P0017,2026-02-22,Awareness Session,29.0
A008957,P0052,2025-12-10,Awareness Session,17.0
A008958,P0011,2025-04-23,Workshop,69.0
A008959,P0048,2025-05-08,Awareness Session,46.0
A008960,P0031,2026-02-12,Counselling,58.0
A008961,P0061,2026-05-01,Community Activity,71.0
A008962,P0045,2025-10-30,Awareness Session,30.0
A008963,P0031,2025-04-22,Workshop,8.0
A008964,P0064,2026-03-18,Community Activity,16.0
A008965,P0007,2025-05-28,Training,78.0
A008966,P0052,2025-07-01,Workshop,15.0
A008967,P0062,2025-10-06,Community Activity,8.0
A008968,P0020,2025-08-24,Community Activity,56.0
A008969,P0060,2026-04-08,Training,72.0
A008970,P0003,2025-10-12,Community Activity,61.0
A008971,P0043,2025-11-08,Awareness Session,52.0
A008972,P0053,2026-02-27,Training,21.0
A008973,P0058,2026-02-15,Awareness Session,39.0
A008974,P0009,2026-01-16,Counselling,42.0
A008975,P0026,2025-09-14,Assessment,71.0
A008976,P0067,2025-09-01,Counselling,16.0
A008977,P0059,2025-04-17,Counselling,63.0
A008978,P0021,2026-01-31,Training,42.0
A008979,P0045,2025-09-07,Awareness Session,15.0
A008980,P0035,2026-01-03,Training,50.0
A008981,P0034,2025-07-21,Awareness Session,70.0
A008982,P0067,2026-01-20,Training,51.0
A008983,P0036,2025-06-28,Workshop,38.0
A008984,P0034,2025-11-26,Counselling,63.0
A008985,P0006,2026-05-21,Awareness Session,73.0
A008986,P0043,2025-11-02,Assessment,23.0
A008987,P0047,2026-04-11,Workshop,24.0
A008988,P0003,2026-02-09,Workshop,6.0
A008989,P0003,2025-08-14,Assessment,64.0
A008990,P0036,2025-05-14,Community Activity,35.0
A008991,P0052,2025-12-01,Training,54.0
A008992,P0033,2025-04-30,Community Activity,42.0
A008993,P0001,2026-02-27,Training,21.0
A008994,P0044,2026-05-12,Training,29.0
A008995,P0034,2026-04-14,Training,69.0
A008996,P0037,2025-12-01,Awareness Session,20.0
A008997,P0011,2025-12-05,Workshop,7.0
A008998,P0051,2026-06-22,Assessment,51.0
A008999,P0011,2025-06-16,Assessment,56.0
A009000,P0023,2025-04-30,Awareness Session,26.0
A009001,P0036,2025-06-09,Community Activity,32.0
A009002,P0052,2026-03-16,Community Activity,35.0
A009003,P0061,2025-07-07,Community Activity,11.0
A009004,P0032,2025-11-25,Assessment,38.0
A009005,P0052,2026-05-06,Workshop,34.0
A009006,P0011,2025-09-29,Training,29.0
A009007,P0036,2026-05-08,Community Activity,71.0
A009008,P0053,2025-05-01,Awareness Session,70.0
A009009,P0004,2026-03-29,Training,71.0
A009010,P0034,2025-08-31,Counselling,58.0
A009011,P0043,2026-03-19,Workshop,79.0
A009012,P0053,2026-01-19,Training,61.0
A009013,P0058,2025-12-07,Awareness Session,73.0
A009014,P0066,2026-06-13,Workshop,21.0
A009015,P0053,2026-01-31,Workshop,31.0
A009016,P0062,2026-01-18,Training,77.0
A009017,P0064,2025-12-05,Counselling,61.0
A009018,P0053,2026-04-01,Workshop,71.0
A009019,P0010,2025-09-10,Workshop,32.0
A009020,P0057,2025-07-05,Assessment,24.0
A009021,P0065,2025-08-06,Awareness Session,35.0
A009022,P0062,2026-06-18,Training,51.0
A009023,P0014,2025-06-14,Counselling,39.0
A009024,P0003,2025-11-02,Training,32.0
A009025,P0005,2026-03-20,Assessment,74.0
A009026,P0042,2025-09-05,Workshop,59.0
A009027,P0050,2025-08-21,Workshop,51.0
A009028,P0063,2025-06-14,Community Activity,57.0
A009029,P0002,2026-03-06,Assessment,32.0
A009030,P0004,2025-11-02,Training,40.0
A009031,P0060,2025-06-13,Community Activity,53.0
A009032,P0038,2026-05-28,Community Activity,52.0
A009033,P0008,2026-03-21,Workshop,57.0
A009034,P0057,2026-01-23,Workshop,79.0
A009035,P0052,2025-07-04,Community Activity,28.0
A009036,P0062,2025-04-27,Counselling,47.0
A009037,P0017,2026-04-24,Assessment,29.0
A009038,P0060,2026-03-20,Awareness Session,56.0
A009039,P0019,2026-04-17,Workshop,38.0
A009040,P0051,2025-06-14,Counselling,9.0
A009041,P0027,2026-05-18,Awareness Session,49.0
A009042,P0015,2026-06-20,Awareness Session,26.0
A009043,P0004,2026-03-13,Workshop,5.0
A009044,P0019,2026-02-06,Awareness Session,20.0
A009045,P0064,2025-09-18,Awareness Session,41.0
A009046,P0029,2025-10-25,Training,43.0
A009047,P0004,2026-03-01,Workshop,79.0
A009048,P0005,2026-05-02,Workshop,80.0
A009049,P0028,2025-11-11,Training,23.0
A009050,P0005,2026-04-24,Assessment,29.0
A009051,P0032,2026-03-16,Assessment,52.0
A009052,P0038,2026-04-05,Community Activity,52.0
A009053,P0013,2026-06-08,Counselling,33.0
A009054,P0027,2026-01-30,Workshop,10.0
A009055,P0055,2026-03-12,Awareness Session,20.0
A009056,P0018,2025-10-18,Community Activity,79.0
A009057,P0033,2025-06-08,Workshop,35.0
A009058,P0042,2025-07-08,Awareness Session,15.0
A009059,P0049,2025-07-12,Workshop,53.0
A009060,P0062,2025-09-30,Community Activity,78.0
A009061,P0062,2026-02-09,Assessment,70.0
A009062,P0018,2025-11-18,Counselling,57.0
A009063,P0032,2026-04-20,Assessment,6.0
A009064,P0038,2026-03-25,Community Activity,58.0
A009065,P0060,2025-10-12,Awareness Session,16.0
A009066,P0028,2026-04-28,Community Activity,10.0
A009067,P0027,2026-01-07,Counselling,70.0
A009068,P0011,2026-02-16,Workshop,72.0
A009069,P0032,2025-07-01,Assessment,22.0
A009070,P0029,2025-08-26,Awareness Session,24.0
A009071,P0006,2026-03-12,Awareness Session,67.0
A009072,P0003,2025-12-26,Assessment,80.0
A009073,P0044,2026-04-21,Assessment,13.0
A009074,P0007,2026-04-13,Awareness Session,45.0
A009075,P0003,2026-04-07,Workshop,33.0
A009076,P0031,2025-04-21,Assessment,60.0
A009077,P0048,2026-06-17,Awareness Session,37.0
A009078,P0038,2025-04-19,Assessment,10.0
A009079,P0001,2026-06-04,Community Activity,45.0
A009080,P0033,2025-04-15,Workshop,56.0
A009081,P0041,2026-01-13,Counselling,16.0
A009082,P0037,2025-09-11,Counselling,36.0
A009083,P0056,2026-01-16,Training,67.0
A009084,P0035,2025-08-15,Assessment,47.0
A009085,P0053,2026-03-20,Workshop,21.0
A009086,P0010,2025-08-31,Training,22.0
A009087,P0029,2026-05-30,Assessment,44.0
A009088,P0048,2026-01-25,Awareness Session,29.0
A009089,P0016,2025-10-19,Awareness Session,73.0
A009090,P0019,2025-05-19,Counselling,75.0
A009091,P0041,2025-09-30,Assessment,62.0
A009092,P0060,2025-08-21,Assessment,47.0
A009093,P0030,2026-04-02,Workshop,42.0
A009094,P0048,2025-10-11,Training,10.0
A009095,P0007,2025-11-16,Training,58.0
A009096,P0054,2025-10-07,Training,38.0
A009097,P0064,2025-04-26,Counselling,34.0
A009098,P0035,2026-05-31,Assessment,33.0
A009099,P0057,2026-01-16,Community Activity,29.0
A009100,P0047,2026-06-03,Workshop,33.0
A009101,P0062,2025-05-02,Awareness Session,59.0
A009102,P0017,2025-10-07,Training,38.0
A009103,P0063,2026-06-22,Awareness Session,53.0
A009104,P0064,2026-02-02,Training,31.0
A009105,P0059,2025-07-05,Community Activity,6.0
A009106,P0066,2025-07-25,Training,30.0
A009107,P0001,2026-04-06,Counselling,15.0
A009108,P0007,2026-06-01,Counselling,60.0
A009109,P0012,2025-07-01,Workshop,50.0
A009110,P0025,2026-02-05,Awareness Session,71.0
A009111,P0025,2026-06-02,Workshop,36.0
A009112,P0022,2025-07-31,Awareness Session,47.0
A009113,P0011,2026-03-01,Awareness Session,24.0
A009114,P0026,2026-02-09,Assessment,46.0
A009115,P0041,2026-06-12,Community Activity,24.0
A009116,P0024,2025-11-02,Community Activity,76.0
A009117,P0063,2025-06-24,Counselling,55.0
A009118,P0006,2026-04-20,Counselling,27.0
A009119,P0025,2026-03-07,Awareness Session,26.0
A009120,P0015,2025-11-01,Assessment,25.0
A009121,P0052,2026-05-11,Awareness Session,41.0
A009122,P0005,2025-09-25,Assessment,7.0
A009123,P0053,2026-05-20,Community Activity,26.0
A009124,P0063,2025-07-31,Assessment,46.0
A009125,P0033,2026-06-08,Community Activity,24.0
A009126,P0021,2026-05-18,Assessment,62.0
A009127,P0011,2025-09-14,Awareness Session,70.0
A009128,P0033,2025-07-20,Workshop,8.0
A009129,P0023,2025-04-01,Community Activity,21.0
A009130,P0010,2025-06-04,Counselling,32.0
A009131,P0006,2026-01-31,Community Activity,51.0
A009132,P0038,2025-12-30,Workshop,61.0
A009133,P0021,2026-01-30,Community Activity,67.0
A009134,P0050,2026-02-25,Workshop,10.0
A009135,P0007,2025-11-25,Assessment,77.0
A009136,P0006,2025-07-26,Awareness Session,64.0
A009137,P0004,2025-05-07,Assessment,35.0
A009138,P0031,2025-10-15,Awareness Session,72.0
A009139,P0065,2025-07-25,Counselling,27.0
A009140,P0059,2025-06-15,Community Activity,7.0
A009141,P0016,2025-05-05,Training,8.0
A009142,P0060,2025-11-19,Counselling,46.0
A009143,P0036,2026-03-27,Assessment,72.0
A009144,P0028,2026-06-01,Counselling,66.0
A009145,P0032,2025-10-10,Assessment,45.0
A009146,P0052,2025-09-18,Community Activity,54.0
A009147,P0017,2026-02-16,Awareness Session,35.0
A009148,P0010,2026-05-24,Training,17.0
A009149,P0043,2025-05-04,Assessment,10.0
A009150,P0056,2026-05-31,Assessment,24.0
A009151,P0025,2025-07-15,Community Activity,46.0
A009152,P0063,2025-04-08,Counselling,20.0
A009153,P0027,2026-04-25,Community Activity,7.0
A009154,P0043,2026-05-29,Workshop,40.0
A009155,P0008,2026-02-18,Workshop,27.0
A009156,P0045,2026-05-12,Assessment,39.0
A009157,P0007,2026-06-21,Community Activity,30.0
A009158,P0065,2025-12-08,Workshop,33.0
A009159,P0057,2025-04-14,Counselling,42.0
A009160,P0049,2025-06-28,Workshop,11.0
A009161,P0056,2026-06-16,Training,17.0
A009162,P0060,2026-05-25,Community Activity,43.0
A009163,P0003,2025-09-09,Assessment,5.0
A009164,P0005,2026-02-26,Community Activity,36.0
A009165,P0021,2025-07-25,Counselling,21.0
A009166,P0059,2026-01-02,Assessment,55.0
A009167,P0035,2026-06-03,Community Activity,36.0
A009168,P0032,2026-02-08,Community Activity,58.0
A009169,P0057,2025-12-08,Awareness Session,79.0
A009170,P0023,2025-08-21,Counselling,32.0
A009171,P0024,2025-05-15,Workshop,72.0
A009172,P0061,2025-04-17,Assessment,8.0
A009173,P0034,2025-05-20,Counselling,42.0
A009174,P0001,2025-06-27,Awareness Session,7.0
A009175,P0031,2026-06-13,Counselling,61.0
A009176,P0029,2026-05-20,Counselling,25.0
A009177,P0015,2025-11-22,Awareness Session,19.0
A009178,P0051,2025-05-01,Training,31.0
A009179,P0004,2026-03-07,Training,61.0
A009180,P0043,2026-03-19,Training,51.0
A009181,P0007,2025-04-10,Workshop,43.0
A009182,P0045,2026-02-16,Assessment,41.0
A009183,P0018,2026-02-03,Community Activity,44.0
A009184,P0001,2025-12-23,Workshop,42.0
A009185,P0048,2025-10-01,Workshop,8.0
A009186,P0058,2025-06-18,Awareness Session,37.0
A009187,P0039,2026-04-04,Community Activity,23.0
A009188,P0011,2025-06-28,Workshop,80.0
A009189,P0055,2025-09-09,Assessment,58.0
A009190,P0035,2025-11-01,Counselling,41.0
A009191,P0027,2025-09-18,Awareness Session,72.0
A009192,P0066,2025-08-09,Training,12.0
A009193,P0054,2025-12-26,Workshop,8.0
A009194,P0011,2026-01-10,Awareness Session,78.0
A009195,P0006,2025-11-30,Community Activity,37.0
A009196,P0058,2025-07-31,Workshop,54.0
A009197,P0032,2025-04-17,Assessment,62.0
A009198,P0041,2026-02-20,Training,23.0
A009199,P0037,2025-09-20,Counselling,75.0
A009200,P0051,2026-02-03,Community Activity,55.0
A009201,P0022,2026-06-08,Counselling,13.0
A009202,P0007,2025-09-23,Training,33.0
A009203,P0029,2026-02-19,Counselling,59.0
A009204,P0040,2025-06-04,Training,73.0
A009205,P0040,2025-06-13,Assessment,41.0
A009206,P0053,2026-04-24,Assessment,6.0
A009207,P0027,2026-01-09,Counselling,12.0
A009208,P0043,2025-11-10,Awareness Session,29.0
A009209,P0020,2025-06-10,Workshop,26.0
A009210,P0044,2026-01-23,Counselling,39.0
A009211,P0026,2026-02-10,Community Activity,49.0
A009212,P0045,2025-12-14,Counselling,7.0
A009213,P0036,2026-01-03,Workshop,14.0
A009214,P0038,2026-03-25,Assessment,66.0
A009215,P0006,2025-07-04,Community Activity,65.0
A009216,P0058,2025-07-07,Community Activity,53.0
A009217,P0030,2025-04-10,Counselling,25.0
A009218,P0032,2026-05-17,Training,65.0
A009219,P0056,2026-03-10,Workshop,41.0
A009220,P0010,2025-07-31,Workshop,58.0
A009221,P0027,2026-01-17,Awareness Session,12.0
A009222,P0050,2026-06-19,Assessment,21.0
A009223,P0037,2025-04-02,Assessment,32.0
A009224,P0060,2026-06-09,Counselling,60.0
A009225,P0047,2025-12-02,Community Activity,63.0
A009226,P0036,2026-05-23,Workshop,48.0
A009227,P0045,2025-09-10,Training,12.0
A009228,P0049,2026-04-03,Assessment,15.0
A009229,P0027,2025-09-18,Training,19.0
A009230,P0038,2025-07-26,Awareness Session,32.0
A009231,P0060,2025-04-11,Awareness Session,70.0
A009232,P0041,2025-07-25,Training,19.0
A009233,P0065,2026-01-13,Training,32.0
A009234,P0031,2026-05-27,Counselling,11.0
A009235,P0044,2025-11-14,Workshop,63.0
A009236,P0019,2025-05-17,Workshop,48.0
A009237,P0031,2026-03-28,Awareness Session,71.0
A009238,P0029,2026-03-17,Assessment,7.0
A009239,P0024,2025-12-17,Assessment,77.0
A009240,P0030,2026-06-22,Counselling,7.0
A009241,P0034,2026-03-08,Community Activity,56.0
A009242,P0056,2025-09-28,Assessment,12.0
A009243,P0055,2025-04-29,Community Activity,33.0
A009244,P0035,2025-08-03,Awareness Session,58.0
A009245,P0066,2025-08-07,Awareness Session,27.0
A009246,P0031,2025-09-05,Community Activity,32.0
A009247,P0057,2026-05-15,Workshop,61.0
A009248,P0038,2026-03-08,Counselling,33.0
A009249,P0016,2025-12-22,Community Activity,26.0
A009250,P0040,2026-05-02,Awareness Session,70.0
A009251,P0052,2026-01-06,Workshop,13.0
A009252,P0066,2025-04-15,Counselling,8.0
A009253,P0039,2025-04-01,Community Activity,61.0
A009254,P0008,2025-06-14,Counselling,28.0
A009255,P0056,2026-06-02,Training,71.0
A009256,P0061,2025-07-22,Assessment,16.0
A009257,P0026,2025-05-05,Assessment,57.0
A009258,P0004,2025-08-19,Workshop,56.0
A009259,P0066,2025-08-25,Community Activity,20.0
A009260,P0007,2025-09-23,Community Activity,48.0
A009261,P0011,2026-05-01,Assessment,31.0
A009262,P0064,2025-10-18,Assessment,64.0
A009263,P0006,2026-03-06,Awareness Session,33.0
A009264,P0036,2026-03-04,Workshop,7.0
A009265,P0053,2025-08-06,Workshop,37.0
A009266,P0032,2026-04-07,Assessment,7.0
A009267,P0035,2025-10-09,Assessment,34.0
A009268,P0027,2025-08-31,Assessment,9.0
A009269,P0049,2025-12-18,Community Activity,51.0
A009270,P0012,2025-04-05,Community Activity,40.0
A009271,P0010,2025-09-13,Counselling,67.0
A009272,P0058,2025-07-20,Workshop,47.0
A009273,P0061,2026-05-01,Counselling,46.0
A009274,P0062,2026-06-13,Community Activity,59.0
A009275,P0014,2025-06-05,Assessment,51.0
A009276,P0018,2025-12-10,Assessment,34.0
A009277,P0037,2025-06-06,Workshop,59.0
A009278,P0021,2025-09-01,Community Activity,31.0
A009279,P0017,2025-05-21,Awareness Session,15.0
A009280,P0038,2026-05-20,Awareness Session,57.0
A009281,P0051,2025-08-12,Workshop,63.0
A009282,P0013,2025-04-30,Workshop,42.0
A009283,P0058,2025-10-27,Counselling,26.0
A009284,P0008,2025-05-09,Community Activity,31.0
A009285,P0007,2025-12-21,Community Activity,46.0
A009286,P0060,2026-03-21,Awareness Session,20.0
A009287,P0050,2025-06-12,Training,58.0
A009288,P0040,2026-02-13,Counselling,12.0
A009289,P0002,2026-03-30,Community Activity,44.0
A009290,P0017,2025-06-09,Training,8.0
A009291,P0029,2025-08-10,Community Activity,41.0
A009292,P0021,2026-05-19,Community Activity,14.0
A009293,P0011,2025-09-20,Training,36.0
A009294,P0032,2026-01-07,Workshop,11.0
A009295,P0047,2026-02-24,Awareness Session,46.0
A009296,P0055,2026-02-20,Awareness Session,57.0
A009297,P0025,2026-05-20,Assessment,21.0
A009298,P0055,2025-04-26,Counselling,20.0
A009299,P0011,2025-06-10,Counselling,39.0
A009300,P0036,2026-04-27,Workshop,15.0
A009301,P0011,2025-05-31,Awareness Session,14.0
A009302,P0030,2025-12-03,Workshop,32.0
A009303,P0008,2025-10-30,Counselling,21.0
A009304,P0007,2025-05-08,Assessment,44.0
A009305,P0038,2025-05-18,Workshop,20.0
A009306,P0008,2025-06-01,Workshop,57.0
A009307,P0005,2026-03-19,Counselling,51.0
A009308,P0018,2025-12-28,Awareness Session,8.0
A009309,P0052,2025-12-15,Counselling,43.0
A009310,P0029,2025-06-01,Assessment,
A009311,P0044,2026-06-14,Community Activity,32.0
A009312,P0049,2026-02-17,Awareness Session,41.0
A009313,P0045,2026-03-21,Assessment,78.0
A009314,P0055,2025-12-24,Counselling,61.0
A009315,P0048,2026-03-10,Awareness Session,66.0
A009316,P0039,2025-11-15,Community Activity,68.0
A009317,P0062,2026-04-16,Counselling,14.0
A009318,P0025,2026-06-13,Community Activity,59.0
A009319,P0062,2026-05-02,Workshop,22.0
A009320,P0046,2025-12-27,Community Activity,69.0
A009321,P0009,2026-04-26,Workshop,41.0
A009322,P0034,2026-05-13,Awareness Session,52.0
A009323,P0057,2026-05-02,Community Activity,55.0
A009324,P0013,2025-12-31,Awareness Session,43.0
A009325,P0016,2025-06-06,Assessment,22.0
A009326,P0051,2025-04-05,Counselling,61.0
A009327,P0064,2025-09-25,Community Activity,36.0
A009328,P0062,2025-11-21,Assessment,59.0
A009329,P0011,2026-04-07,Community Activity,20.0
A009330,P0013,2025-06-13,Counselling,73.0
A009331,P0049,2026-06-22,Training,40.0
A009332,P0032,2025-09-23,Assessment,7.0
A009333,P0060,2026-04-11,Awareness Session,5.0
A009334,P0020,2025-09-24,Community Activity,35.0
A009335,P0029,2025-10-29,Workshop,11.0
A009336,P0025,2025-10-25,Counselling,25.0
A009337,P0012,2026-02-13,Assessment,11.0
A009338,P0028,2026-03-30,Counselling,43.0
A009339,P0023,2025-07-21,Community Activity,33.0
A009340,P0044,2025-12-19,Assessment,22.0
A009341,P0053,2026-03-20,Awareness Session,27.0
A009342,P0029,2026-01-15,Training,23.0
A009343,P0020,2026-03-01,Assessment,55.0
A009344,P0065,2025-12-17,Community Activity,51.0
A009345,P0024,2026-06-15,Community Activity,68.0
A009346,P0009,2025-09-17,Counselling,75.0
A009347,P0012,2026-03-30,Assessment,22.0
A009348,P0033,2025-06-11,Assessment,58.0
A009349,P0003,2025-06-24,Counselling,65.0
A009350,P0066,2025-05-15,Assessment,55.0
A009351,P0047,2026-04-19,Workshop,66.0
A009352,P0003,2025-10-16,Training,66.0
A009353,P0047,2026-05-29,Awareness Session,20.0
A009354,P0057,2026-04-06,Community Activity,59.0
A009355,P0057,2025-12-21,Training,47.0
A009356,P0009,2025-06-03,Assessment,27.0
A009357,P0054,2025-12-03,Assessment,22.0
A009358,P0048,2026-03-29,Training,17.0
A009359,P0021,2025-11-07,Community Activity,71.0
A009360,P0035,2026-02-10,Community Activity,33.0
A009361,P0039,2025-08-26,Training,79.0
A009362,P0040,2025-04-17,Counselling,70.0
A009363,P0047,2025-05-09,Counselling,50.0
A009364,P0066,2026-02-13,Awareness Session,42.0
A009365,P0023,2026-01-03,Training,9.0
A009366,P0036,2026-02-21,Workshop,30.0
A009367,P0001,2026-06-03,Training,22.0
A009368,P0013,2025-07-28,Training,63.0
A009369,P0023,2025-09-03,Training,20.0
A009370,P0006,2025-12-06,Assessment,18.0
A009371,P0014,2025-08-12,Training,70.0
A009372,P0060,2025-10-26,Training,47.0
A009373,P0054,2025-12-04,Community Activity,74.0
A009374,P0037,2025-06-05,Assessment,73.0
A009375,P0024,2025-05-31,Awareness Session,37.0
A009376,P0052,2025-08-14,Assessment,64.0
A009377,P0040,2026-04-26,Community Activity,39.0
A009378,P0039,2025-10-25,Awareness Session,44.0
A009379,P0034,2025-10-11,Workshop,30.0
A009380,P0029,2025-04-22,Workshop,26.0
A009381,P0034,2026-01-24,Assessment,15.0
A009382,P0041,2025-09-24,Community Activity,15.0
A009383,P0027,2026-02-21,Counselling,54.0
A009384,P0061,2026-05-15,Counselling,66.0
A009385,P0018,2026-03-20,Community Activity,49.0
A009386,P0065,2025-05-24,Community Activity,52.0
A009387,P0029,2025-05-09,Awareness Session,55.0
A009388,P0054,2026-05-01,Awareness Session,30.0
A009389,P0036,2025-09-16,Workshop,17.0
A009390,P0016,2025-12-14,Workshop,27.0
A009391,P0059,2025-09-27,Counselling,35.0
A009392,P0038,2025-06-23,Workshop,80.0
A009393,P0006,2026-02-03,Assessment,73.0
A009394,P0011,2026-06-13,Assessment,58.0
A009395,P0019,2025-04-19,Workshop,29.0
A009396,P0035,2025-11-15,Awareness Session,77.0
A009397,P0006,2026-05-15,Training,64.0
A009398,P0064,2025-09-12,Community Activity,42.0
A009399,P0029,2026-05-02,Assessment,8.0
A009400,P0028,2026-03-09,Assessment,30.0
A009401,P0049,2025-08-31,Workshop,44.0
A009402,P0045,2026-06-16,Counselling,68.0
A009403,P0006,2025-09-22,Assessment,72.0
A009404,P0025,2026-05-12,Community Activity,12.0
A009405,P0005,2026-04-22,Awareness Session,22.0
A009406,P0040,2026-06-09,Counselling,68.0
A009407,P0062,2025-06-17,Community Activity,47.0
A009408,P0051,2026-01-16,Training,35.0
A009409,P0003,2025-06-17,Awareness Session,43.0
A009410,P0036,2025-11-22,Community Activity,40.0
A009411,P0019,2025-08-23,Workshop,72.0
A009412,P0002,2025-12-06,Community Activity,36.0
A009413,P0021,2025-04-06,Community Activity,62.0
A009414,P0019,2025-05-28,Community Activity,29.0
A009415,P0007,2026-03-06,Counselling,46.0
A009416,P0023,2025-09-23,Community Activity,52.0
A009417,P0021,2026-04-29,Assessment,57.0
A009418,P0048,2025-12-26,Awareness Session,28.0
A009419,P0058,2026-05-16,Assessment,51.0
A009420,P0004,2025-10-28,Workshop,61.0
A009421,P0012,2025-05-22,Awareness Session,25.0
A009422,P0039,2025-07-21,Workshop,33.0
A009423,P0043,2026-02-01,Community Activity,79.0
A009424,P0001,2026-01-26,Awareness Session,77.0
A009425,P0002,2025-10-11,Awareness Session,42.0
A009426,P0022,2026-03-26,Assessment,76.0
A009427,P0023,2025-05-27,Community Activity,5.0
A009428,P0049,2025-09-02,Assessment,8.0
A009429,P0041,2025-05-17,Assessment,80.0
A009430,P0045,2025-11-02,Awareness Session,38.0
A009431,P0039,2026-05-31,Assessment,76.0
A009432,P0061,2026-02-13,Awareness Session,52.0
A009433,P0051,2026-02-08,Awareness Session,62.0
A009434,P0024,2025-06-07,Counselling,13.0
A009435,P0023,2026-06-24,Assessment,56.0
A009436,P0036,2026-01-27,Workshop,80.0
A009437,P0049,2025-11-25,Training,26.0
A009438,P0008,2025-08-28,Assessment,76.0
A009439,P0051,2025-06-24,Community Activity,77.0
A009440,P0045,2026-02-04,Community Activity,43.0
A009441,P0001,2026-02-28,Awareness Session,69.0
A009442,P0003,2026-03-06,Community Activity,38.0
A009443,P0050,2025-07-07,Workshop,30.0
A009444,P0049,2025-12-07,Awareness Session,9.0
A009445,P0019,2025-05-03,Community Activity,14.0
A009446,P0006,2025-06-12,Counselling,75.0
A009447,P0051,2025-07-19,Workshop,61.0
A009448,P0056,2025-09-17,Community Activity,78.0
A009449,P0058,2026-05-27,Workshop,14.0
A009450,P0014,2025-10-22,Counselling,10.0
A009451,P0001,2026-05-02,Awareness Session,60.0
A009452,P0002,2025-07-13,Counselling,6.0
A009453,P0066,2025-09-30,Counselling,18.0
A009454,P0007,2025-06-08,Training,77.0
A009455,P0025,2025-07-06,Assessment,22.0
A009456,P0067,2025-05-28,Counselling,79.0
A009457,P0058,2026-06-07,Workshop,31.0
A009458,P0060,2026-01-31,Workshop,9.0
A009459,P0058,2026-01-27,Awareness Session,58.0
A009460,P0051,2025-08-07,Workshop,57.0
A009461,P0012,2025-06-30,Training,5.0
A009462,P0004,2026-01-20,Counselling,43.0
A009463,P0065,2025-12-18,Awareness Session,54.0
A009464,P0026,2026-02-02,Training,23.0
A009465,P0005,2025-06-07,Assessment,48.0
A009466,P0028,2025-10-18,Counselling,37.0
A009467,P0011,2025-06-02,Community Activity,67.0
A009468,P0014,2025-08-08,Awareness Session,34.0
A009469,P0029,2025-05-31,Awareness Session,33.0
A009470,P0058,2025-08-30,Counselling,12.0
A009471,P0023,2026-02-14,Workshop,48.0
A009472,P0065,2026-04-24,Counselling,39.0
A009473,P0003,2026-02-15,Awareness Session,61.0
A009474,P0048,2025-05-20,Community Activity,18.0
A009475,P0065,2026-06-13,Awareness Session,41.0
A009476,P0024,2025-05-05,Community Activity,44.0
A009477,P0060,2025-10-16,Community Activity,59.0
A009478,P0060,2025-08-10,Awareness Session,36.0
A009479,P0014,2025-11-16,Awareness Session,14.0
A009480,P0030,2025-09-25,Community Activity,58.0
A009481,P0008,2026-02-23,Counselling,12.0
A009482,P0060,2025-06-29,Awareness Session,27.0
A009483,P0026,2026-06-16,Workshop,62.0
A009484,P0052,2025-12-13,Community Activity,74.0
A009485,P0064,2025-08-26,Awareness Session,51.0
A009486,P0054,2025-11-29,Community Activity,25.0
A009487,P0037,2026-02-25,Assessment,9.0
A009488,P0032,2025-05-02,Community Activity,41.0
A009489,P0011,2025-04-13,Awareness Session,73.0
A009490,P0008,2025-09-03,Community Activity,74.0
A009491,P0030,2025-07-24,Training,9.0
A009492,P0057,2025-08-16,Workshop,57.0
A009493,P0025,2026-04-21,Assessment,5.0
A009494,P0028,2025-12-17,Training,53.0
A009495,P0065,2025-08-02,Community Activity,66.0
A009496,P0040,2026-02-21,Workshop,80.0
A009497,P0026,2025-08-04,Awareness Session,52.0
A009498,P0019,2025-11-11,Awareness Session,71.0
A009499,P0021,2026-06-24,Awareness Session,53.0
A009500,P0063,2025-04-14,Awareness Session,58.0
A009501,P0043,2026-04-05,Workshop,10.0
A009502,P0065,2025-04-18,Counselling,59.0
A009503,P0041,2025-12-26,Community Activity,62.0
A009504,P0020,2026-03-29,Community Activity,5.0
A009505,P0019,2025-12-01,Training,14.0
A009506,P0021,2025-08-19,Awareness Session,78.0
A009507,P0035,2026-03-05,Awareness Session,12.0
A009508,P0034,2026-05-10,Counselling,80.0
A009509,P0042,2026-04-06,Community Activity,56.0
A009510,P0046,2026-01-11,Workshop,29.0
A009511,P0029,2026-01-16,Counselling,38.0
A009512,P0026,2025-07-05,Awareness Session,5.0
A009513,P0031,2025-05-21,Community Activity,72.0
A009514,P0041,2026-06-13,Awareness Session,27.0
A009515,P0038,2025-11-22,Counselling,15.0
A009516,P0059,2026-02-08,Training,23.0
A009517,P0038,2026-02-21,Workshop,73.0
A009518,P0034,2025-12-24,Assessment,23.0
A009519,P0025,2026-04-09,Counselling,7.0
A009520,P0056,2025-05-08,Workshop,51.0
A009521,P0047,2026-04-22,Community Activity,
A009522,P0027,2025-09-21,Counselling,52.0
A009523,P0054,2025-11-26,Workshop,10.0
A009524,P0058,2026-02-23,Training,9.0
A009525,P0022,2026-06-15,Training,65.0
A009526,P0036,2026-05-15,Workshop,53.0
A009527,P0017,2026-01-27,Workshop,55.0
A009528,P0028,2025-07-18,Workshop,63.0
A009529,P0044,2026-01-29,Counselling,59.0
A009530,P0029,2025-04-18,Awareness Session,78.0
A009531,P0003,2025-06-02,Assessment,66.0
A009532,P0011,2026-01-25,Community Activity,43.0
A009533,P0003,2025-05-27,Counselling,10.0
A009534,P0037,2025-11-17,Training,26.0
A009535,P0056,2026-06-17,Training,19.0
A009536,P0031,2026-02-12,Workshop,11.0
A009537,P0047,2025-09-21,Training,8.0
A009538,P0060,2025-12-30,Workshop,69.0
A009539,P0049,2026-04-13,Training,49.0
A009540,P0024,2026-03-07,Counselling,24.0
A009541,P0028,2026-05-04,Workshop,6.0
A009542,P0056,2025-12-03,Awareness Session,7.0
A009543,P0031,2026-04-25,Awareness Session,60.0
A009544,P0029,2025-05-30,Community Activity,52.0
A009545,P0066,2025-10-04,Assessment,55.0
A009546,P0005,2026-03-29,Community Activity,16.0
A009547,P0009,2025-06-21,Counselling,30.0
A009548,P0049,2025-04-23,Community Activity,53.0
A009549,P0037,2025-09-07,Counselling,39.0
A009550,P0064,2026-05-24,Awareness Session,62.0
A009551,P0021,2025-05-25,Workshop,26.0
A009552,P0039,2025-08-05,Awareness Session,34.0
A009553,P0034,2025-09-10,Community Activity,10.0
A009554,P0003,2026-04-21,Community Activity,65.0
A009555,P0023,2025-04-24,Training,34.0
A009556,P0036,2026-03-12,Counselling,16.0
A009557,P0047,2026-04-10,Assessment,
A009558,P0057,2026-06-20,Community Activity,27.0
A009559,P0035,2025-07-27,Community Activity,76.0
A009560,P0007,2025-11-26,Assessment,43.0
A009561,P0046,2025-11-20,Counselling,53.0
A009562,P0059,2025-05-14,Community Activity,12.0
A009563,P0002,2026-04-23,Assessment,42.0
A009564,P0028,2026-05-11,Awareness Session,38.0
A009565,P0030,2026-02-01,Assessment,30.0
A009566,P0007,2025-08-22,Training,13.0
A009567,P0038,2025-08-06,Workshop,71.0
A009568,P0032,2025-12-12,Assessment,9.0
A009569,P0035,2025-05-26,Assessment,20.0
A009570,P0019,2026-01-11,Training,17.0
A009571,P0012,2025-06-05,Community Activity,38.0
A009572,P0043,2025-05-07,Training,53.0
A009573,P0066,2025-12-30,Training,51.0
A009574,P0042,2025-08-25,Counselling,48.0
A009575,P0067,2026-03-16,Counselling,13.0
A009576,P0009,2025-12-21,Community Activity,37.0
A009577,P0056,2026-05-20,Community Activity,78.0
A009578,P0065,2026-03-04,Awareness Session,12.0
A009579,P0050,2025-07-18,Training,13.0
A009580,P0015,2025-06-08,Awareness Session,54.0
A009581,P0064,2026-02-24,Awareness Session,8.0
A009582,P0060,2026-03-24,Training,31.0
A009583,P0060,2025-09-24,Assessment,50.0
A009584,P0047,2026-01-21,Assessment,64.0
A009585,P0018,2026-01-04,Assessment,68.0
A009586,P0053,2026-03-16,Workshop,50.0
A009587,P0065,2025-05-30,Counselling,43.0
A009588,P0045,2026-04-29,Community Activity,73.0
A009589,P0032,2025-07-01,Awareness Session,58.0
A009590,P0031,2026-05-19,Awareness Session,16.0
A009591,P0059,2026-03-23,Workshop,22.0
A009592,P0061,2025-04-25,Training,14.0
A009593,P0027,2025-04-27,Workshop,24.0
A009594,P0013,2025-06-11,Training,38.0
A009595,P0039,2025-07-20,Assessment,8.0
A009596,P0038,2025-06-13,Awareness Session,44.0
A009597,P0020,2025-08-02,Training,51.0
A009598,P0025,2025-11-16,Workshop,69.0
A009599,P0045,2025-07-07,Counselling,31.0
A009600,P0019,2025-07-02,Training,55.0
A009601,P0036,2025-04-17,Awareness Session,75.0
A009602,P0023,2025-04-27,Awareness Session,63.0
A009603,P0022,2025-12-01,Community Activity,16.0
A009604,P0033,2025-07-23,Awareness Session,64.0
A009605,P0029,2025-04-23,Counselling,32.0
A009606,P0027,2025-11-05,Counselling,19.0
A009607,P0028,2026-02-24,Assessment,53.0
A009608,P0011,2025-10-25,Assessment,7.0
A009609,P0031,2026-04-05,Counselling,23.0
A009610,P0003,2025-10-15,Community Activity,29.0
A009611,P0021,2025-04-01,Assessment,12.0
A009612,P0022,2026-03-11,Awareness Session,12.0
A009613,P0011,2026-01-30,Workshop,37.0
A009614,P0014,2025-12-29,Counselling,74.0
A009615,P0044,2026-01-14,Assessment,67.0
A009616,P0030,2025-05-02,Community Activity,40.0
A009617,P0055,2025-04-14,Training,78.0
A009618,P0025,2025-12-16,Counselling,44.0
A009619,P0010,2025-12-11,Workshop,72.0
A009620,P0063,2025-06-01,Counselling,60.0
A009621,P0022,2025-12-29,Community Activity,33.0
A009622,P0053,2025-11-03,Assessment,29.0
A009623,P0025,2025-12-07,Counselling,24.0
A009624,P0053,2025-07-24,Training,23.0
A009625,P0024,2026-05-03,Training,16.0
A009626,P0037,2026-04-25,Community Activity,38.0
A009627,P0045,2025-04-11,Training,69.0
A009628,P0014,2025-09-03,Community Activity,28.0
A009629,P0039,2025-04-09,Awareness Session,12.0
A009630,P0005,2025-06-11,Awareness Session,59.0
A009631,P0024,2025-09-05,Workshop,63.0
A009632,P0040,2026-02-10,Training,26.0
A009633,P0043,2026-06-02,Assessment,24.0
A009634,P0015,2026-05-27,Awareness Session,24.0
A009635,P0021,2025-06-03,Assessment,34.0
A009636,P0060,2025-06-13,Awareness Session,39.0
A009637,P0005,2026-02-12,Assessment,70.0
A009638,P0010,2026-06-11,Community Activity,55.0
A009639,P0050,2025-11-13,Awareness Session,40.0
A009640,P0066,2026-04-26,Counselling,52.0
A009641,P0060,2025-10-08,Awareness Session,58.0
A009642,P0061,2025-12-22,Assessment,60.0
A009643,P0012,2025-04-21,Awareness Session,65.0
A009644,P0023,2026-03-16,Assessment,40.0
A009645,P0032,2025-09-09,Workshop,63.0
A009646,P0026,2025-12-24,Awareness Session,54.0
A009647,P0058,2025-07-15,Awareness Session,16.0
A009648,P0028,2025-10-20,Community Activity,17.0
A009649,P0020,2025-09-30,Training,21.0
A009650,P0055,2025-06-07,Awareness Session,44.0
A009651,P0005,2026-03-09,Training,21.0
A009652,P0050,2025-09-08,Workshop,31.0
A009653,P0010,2026-01-14,Workshop,66.0
A009654,P0009,2026-05-03,Training,26.0
A009655,P0001,2026-04-21,Training,67.0
A009656,P0033,2025-12-15,Workshop,16.0
A009657,P0059,2025-05-22,Community Activity,75.0
A009658,P0016,2025-08-24,Community Activity,62.0
A009659,P0066,2025-05-05,Awareness Session,32.0
A009660,P0010,2025-04-08,Awareness Session,67.0
A009661,P0027,2025-10-16,Assessment,32.0
A009662,P0055,2026-01-18,Awareness Session,49.0
A009663,P0036,2026-01-25,Assessment,48.0
A009664,P0055,2025-09-01,Training,14.0
A009665,P0054,2025-04-11,Community Activity,30.0
A009666,P0031,2025-05-27,Training,76.0
A009667,P0042,2025-11-28,Counselling,33.0
A009668,P0026,2026-04-16,Awareness Session,54.0
A009669,P0020,2026-02-19,Assessment,33.0
A009670,P0012,2026-04-01,Workshop,80.0
A009671,P0047,2025-04-20,Community Activity,30.0
A009672,P0029,2025-10-27,Community Activity,69.0
A009673,P0051,2025-08-20,Training,22.0
A009674,P0016,2025-06-16,Awareness Session,53.0
A009675,P0026,2025-10-31,Awareness Session,8.0
A009676,P0018,2025-04-13,Counselling,19.0
A009677,P0053,2026-02-04,Awareness Session,52.0
A009678,P0031,2025-04-05,Training,37.0
A009679,P0053,2025-07-19,Community Activity,24.0
A009680,P0057,2025-12-01,Counselling,62.0
A009681,P0015,2025-12-27,Training,63.0
A009682,P0024,2025-11-22,Counselling,68.0
A009683,P0059,2026-04-10,Awareness Session,70.0
A009684,P0065,2025-04-15,Assessment,60.0
A009685,P0021,2025-05-06,Workshop,75.0
A009686,P0014,2026-03-07,Counselling,71.0
A009687,P0058,2026-05-06,Assessment,59.0
A009688,P0029,2025-04-13,Assessment,57.0
A009689,P0067,2026-02-09,Awareness Session,55.0
A009690,P0065,2025-07-03,Training,40.0
A009691,P0025,2025-12-28,Counselling,80.0
A009692,P0007,2025-10-05,Workshop,24.0
A009693,P0013,2025-08-22,Assessment,45.0
A009694,P0020,2026-06-08,Community Activity,37.0
A009695,P0009,2026-04-01,Awareness Session,64.0
A009696,P0005,2025-07-08,Training,67.0
A009697,P0028,2025-07-21,Awareness Session,76.0
A009698,P0026,2025-05-19,Assessment,6.0
A009699,P0006,2025-12-14,Awareness Session,67.0
A009700,P0029,2026-04-27,Workshop,77.0
A009701,P0060,2025-07-21,Awareness Session,37.0
A009702,P0010,2025-06-30,Assessment,32.0
A009703,P0061,2025-11-15,Community Activity,8.0
A009704,P0014,2025-06-08,Community Activity,54.0
A009705,P0021,2025-11-06,Workshop,24.0
A009706,P0055,2025-05-28,Awareness Session,46.0
A009707,P0054,2026-03-28,Workshop,70.0
A009708,P0037,2026-03-27,Counselling,61.0
A009709,P0046,2025-11-24,Workshop,8.0
A009710,P0047,2026-06-10,Workshop,21.0
A009711,P0014,2025-08-11,Workshop,72.0
A009712,P0064,2025-08-29,Awareness Session,55.0
A009713,P0039,2026-05-31,Awareness Session,8.0
A009714,P0057,2025-11-16,Training,14.0
A009715,P0013,2025-07-25,Workshop,32.0
A009716,P0030,2026-05-15,Workshop,78.0
A009717,P0008,2025-10-27,Counselling,39.0
A009718,P0013,2026-03-05,Assessment,74.0
A009719,P0036,2026-04-21,Awareness Session,58.0
A009720,P0061,2026-03-11,Community Activity,18.0
A009721,P0056,2025-05-14,Training,8.0
A009722,P0026,2026-03-10,Counselling,39.0
A009723,P0009,2025-11-30,Training,43.0
A009724,P0041,2026-04-12,Counselling,76.0
A009725,P0015,2025-10-12,Awareness Session,33.0
A009726,P0001,2025-06-03,Assessment,54.0
A009727,P0001,2025-10-15,Workshop,15.0
A009728,P0062,2025-06-24,Awareness Session,76.0
A009729,P0006,2026-04-18,Counselling,41.0
A009730,P0001,2025-04-18,Community Activity,30.0
A009731,P0019,2026-05-22,Awareness Session,58.0
A009732,P0066,2025-12-08,Community Activity,31.0
A009733,P0002,2025-09-21,Training,24.0
A009734,P0016,2025-06-19,Awareness Session,78.0
A009735,P0038,2025-05-27,Assessment,9.0
A009736,P0066,2025-07-10,Counselling,31.0
A009737,P0002,2025-10-11,Community Activity,30.0
A009738,P0017,2025-05-21,Awareness Session,19.0
A009739,P0052,2025-09-20,Counselling,29.0
A009740,P0047,2025-12-14,Workshop,22.0
A009741,P0033,2025-09-14,Assessment,27.0
A009742,P0051,2026-04-22,Counselling,50.0
A009743,P0022,2025-06-19,Workshop,35.0
A009744,P0064,2025-12-01,Community Activity,59.0
A009745,P0058,2026-01-09,Assessment,69.0
A009746,P0026,2026-05-17,Training,31.0
A009747,P0035,2026-03-19,Counselling,19.0
A009748,P0002,2025-09-06,Counselling,69.0
A009749,P0038,2026-06-02,Assessment,18.0
A009750,P0044,2025-08-26,Community Activity,68.0
A009751,P0050,2025-11-16,Workshop,50.0
A009752,P0059,2025-04-11,Training,6.0
A009753,P0025,2025-07-09,Counselling,40.0
A009754,P0021,2025-12-23,Awareness Session,45.0
A009755,P0058,2025-09-14,Community Activity,24.0
A009756,P0042,2025-08-12,Training,23.0
A009757,P0050,2025-10-09,Awareness Session,52.0
A009758,P0044,2026-06-21,Assessment,15.0
A009759,P0058,2026-06-18,Counselling,66.0
A009760,P0019,2025-06-02,Workshop,66.0
A009761,P0013,2026-01-12,Counselling,69.0
A009762,P0016,2026-04-08,Awareness Session,19.0
A009763,P0024,2025-09-13,Training,6.0
A009764,P0052,2025-11-13,Assessment,70.0
A009765,P0057,2026-05-07,Workshop,74.0
A009766,P0034,2025-08-15,Awareness Session,63.0
A009767,P0039,2026-01-23,Community Activity,36.0
A009768,P0004,2026-01-09,Workshop,13.0
A009769,P0021,2025-10-12,Community Activity,22.0
A009770,P0032,2025-04-23,Training,73.0
A009771,P0052,2026-04-29,Community Activity,12.0
A009772,P0002,2025-08-11,Assessment,51.0
A009773,P0034,2025-12-14,Assessment,63.0
A009774,P0059,2026-05-14,Assessment,71.0
A009775,P0032,2025-05-30,Counselling,29.0
A009776,P0047,2026-02-17,Community Activity,53.0
A009777,P0008,2025-12-08,Awareness Session,51.0
A009778,P0023,2026-06-11,Workshop,9.0
A009779,P0045,2025-12-29,Training,33.0
A009780,P0048,2025-09-16,Counselling,27.0
A009781,P0015,2025-12-11,Community Activity,17.0
A009782,P0004,2025-05-03,Awareness Session,79.0
A009783,P0020,2025-07-01,Assessment,52.0
A009784,P0064,2025-12-17,Workshop,37.0
A009785,P0049,2025-12-06,Assessment,49.0
A009786,P0062,2025-07-14,Counselling,73.0
A009787,P0008,2026-03-09,Awareness Session,9.0
A009788,P0034,2025-06-12,Workshop,65.0
A009789,P0062,2025-06-09,Awareness Session,11.0
A009790,P0009,2026-04-25,Training,53.0
A009791,P0065,2026-02-23,Assessment,5.0
A009792,P0011,2025-10-26,Community Activity,30.0
A009793,P0066,2026-05-02,Training,18.0
A009794,P0048,2026-04-17,Awareness Session,45.0
A009795,P0031,2025-04-03,Counselling,44.0
A009796,P0040,2025-10-18,Workshop,73.0
A009797,P0006,2025-08-20,Workshop,51.0
A009798,P0002,2026-02-17,Counselling,41.0
A009799,P0062,2026-01-17,Awareness Session,25.0
A009800,P0062,2025-10-29,Awareness Session,38.0
A009801,P0015,2025-09-21,Workshop,60.0
A009802,P0066,2025-06-21,Awareness Session,10.0
A009803,P0033,2025-08-07,Workshop,37.0
A009804,P0032,2026-01-01,Workshop,17.0
A009805,P0067,2026-04-16,Training,47.0
A009806,P0017,2026-03-15,Workshop,38.0
A009807,P0052,2025-06-27,Workshop,25.0
A009808,P0039,2026-04-19,Counselling,63.0
A009809,P0007,2025-08-25,Assessment,72.0
A009810,P0002,2025-11-03,Training,60.0
A009811,P0037,2025-09-15,Awareness Session,57.0
A009812,P0024,2026-04-15,Community Activity,11.0
A009813,P0047,2025-05-30,Awareness Session,72.0
A009814,P0002,2025-04-28,Awareness Session,77.0
A009815,P0055,2026-03-25,Training,59.0
A009816,P0043,2025-12-05,Training,57.0
A009817,P0059,2026-01-07,Assessment,75.0
A009818,P0037,2026-05-16,Counselling,67.0
A009819,P0002,2025-12-01,Assessment,36.0
A009820,P0014,2026-03-02,Counselling,30.0
A009821,P0018,2025-12-23,Community Activity,56.0
A009822,P0034,2026-03-13,Community Activity,49.0
A009823,P0034,2026-01-09,Counselling,6.0
A009824,P0036,2025-11-18,Assessment,38.0
A009825,P0055,2026-02-20,Counselling,38.0
A009826,P0052,2026-06-03,Counselling,28.0
A009827,P0036,2025-05-13,Counselling,29.0
A009828,P0016,2025-08-21,Awareness Session,43.0
A009829,P0041,2025-04-01,Training,37.0
A009830,P0056,2026-03-22,Community Activity,31.0
A009831,P0032,2026-04-07,Counselling,31.0
A009832,P0042,2025-04-08,Counselling,63.0
A009833,P0022,2025-12-09,Workshop,45.0
A009834,P0037,2025-08-30,Training,14.0
A009835,P0008,2025-08-03,Training,59.0
A009836,P0007,2026-01-20,Assessment,68.0
A009837,P0010,2026-02-11,Community Activity,53.0
A009838,P0044,2025-09-25,Counselling,41.0
A009839,P0040,2025-11-01,Training,73.0
A009840,P0034,2026-05-24,Workshop,62.0
A009841,P0007,2025-05-18,Community Activity,41.0
A009842,P0024,2025-05-14,Training,36.0
A009843,P0012,2025-06-29,Counselling,32.0
A009844,P0047,2025-06-14,Assessment,38.0
A009845,P0066,2025-07-01,Assessment,66.0
A009846,P0041,2025-10-15,Awareness Session,72.0
A009847,P0020,2026-03-23,Assessment,23.0
A009848,P0020,2025-06-28,Workshop,52.0
A009849,P0012,2025-04-10,Assessment,54.0
A009850,P0067,2025-11-11,Awareness Session,54.0
A009851,P0030,2025-07-26,Training,26.0
A009852,P0024,2025-05-13,Community Activity,27.0
A009853,P0055,2025-11-03,Awareness Session,64.0
A009854,P0048,2025-08-07,Training,65.0
A009855,P0049,2025-08-20,Awareness Session,71.0
A009856,P0063,2025-08-17,Workshop,9.0
A009857,P0029,2026-05-15,Community Activity,34.0
A009858,P0029,2026-01-20,Assessment,13.0
A009859,P0039,2025-12-06,Workshop,69.0
A009860,P0033,2026-02-18,Workshop,15.0
A009861,P0013,2025-10-23,Community Activity,67.0
A009862,P0028,2026-03-14,Assessment,19.0
A009863,P0011,2025-05-31,Workshop,62.0
A009864,P0016,2026-02-09,Counselling,38.0
A009865,P0033,2026-06-17,Workshop,31.0
A009866,P0058,2026-01-09,Awareness Session,39.0
A009867,P0042,2026-03-26,Workshop,24.0
A009868,P0013,2026-03-08,Assessment,12.0
A009869,P0066,2025-12-30,Counselling,50.0
A009870,P0050,2025-06-13,Assessment,44.0
A009871,P0026,2025-07-09,Training,12.0
A009872,P0060,2025-08-13,Assessment,60.0
A009873,P0012,2025-04-16,Workshop,26.0
A009874,P0003,2025-07-30,Training,44.0
A009875,P0018,2026-03-25,Assessment,11.0
A009876,P0054,2026-04-12,Counselling,56.0
A009877,P0050,2025-05-28,Training,18.0
A009878,P0009,2025-08-09,Awareness Session,57.0
A009879,P0042,2025-05-26,Training,22.0
A009880,P0055,2025-11-28,Training,19.0
A009881,P0041,2026-03-27,Workshop,31.0
A009882,P0064,2025-11-29,Assessment,55.0
A009883,P0049,2025-04-04,Training,69.0
A009884,P0002,2025-10-02,Training,63.0
A009885,P0031,2025-11-18,Training,62.0
A009886,P0056,2025-05-19,Assessment,26.0
A009887,P0007,2026-03-01,Counselling,78.0
A009888,P0061,2025-12-18,Assessment,30.0
A009889,P0034,2026-06-12,Counselling,65.0
A009890,P0040,2026-02-14,Training,49.0
A009891,P0048,2025-05-25,Assessment,65.0
A009892,P0021,2026-04-21,Assessment,78.0
A009893,P0049,2025-08-23,Assessment,49.0
A009894,P0002,2026-04-01,Training,30.0
A009895,P0020,2026-05-02,Community Activity,20.0
A009896,P0019,2025-11-02,Training,15.0
A009897,P0030,2026-05-03,Counselling,52.0
A009898,P0020,2026-06-15,Counselling,16.0
A009899,P0031,2025-08-14,Assessment,60.0
A009900,P0017,2025-10-19,Awareness Session,59.0
A009901,P0003,2026-01-14,Workshop,15.0
A009902,P0011,2026-01-08,Training,7.0
A009903,P0003,2025-08-08,Workshop,52.0
A009904,P0045,2025-05-27,Workshop,36.0
A009905,P0059,2025-07-09,Workshop,21.0
A009906,P0056,2025-05-18,Counselling,46.0
A009907,P0055,2025-04-23,Training,16.0
A009908,P0027,2025-05-02,Awareness Session,39.0
A009909,P0001,2026-02-25,Community Activity,34.0
A009910,P0005,2026-05-13,Awareness Session,6.0
A009911,P0050,2025-12-01,Awareness Session,13.0
A009912,P0004,2025-10-24,Assessment,45.0
A009913,P0041,2025-12-11,Training,39.0
A009914,P0019,2025-08-31,Counselling,34.0
A009915,P0025,2025-10-07,Counselling,32.0
A009916,P0007,2025-10-31,Assessment,8.0
A009917,P0017,2025-06-04,Community Activity,49.0
A009918,P0033,2025-04-22,Counselling,53.0
A009919,P0060,2025-04-26,Training,58.0
A009920,P0033,2025-06-23,Assessment,68.0
A009921,P0028,2026-05-02,Awareness Session,23.0
A009922,P0017,2026-03-07,Workshop,40.0
A009923,P0048,2025-08-21,Awareness Session,23.0
A009924,P0012,2026-02-19,Workshop,26.0
A009925,P0003,2026-05-13,Training,41.0
A009926,P0066,2025-06-30,Community Activity,50.0
A009927,P0052,2026-04-04,Training,36.0
A009928,P0061,2026-04-06,Training,51.0
A009929,P0014,2025-09-20,Counselling,27.0
A009930,P0067,2026-05-23,Training,57.0
A009931,P0005,2026-05-29,Assessment,34.0
A009932,P0063,2025-04-01,Counselling,18.0
A009933,P0059,2025-09-16,Counselling,27.0
A009934,P0058,2025-04-26,Counselling,69.0
A009935,P0053,2025-10-21,Counselling,39.0
A009936,P0044,2025-10-18,Awareness Session,51.0
A009937,P0027,2025-05-03,Training,36.0
A009938,P0014,2025-05-10,Awareness Session,40.0
A009939,P0007,2026-03-13,Assessment,17.0
A009940,P0064,2026-04-26,Assessment,56.0
A009941,P0032,2026-04-07,Awareness Session,53.0
A009942,P0032,2026-03-09,Assessment,33.0
A009943,P0019,2025-10-03,Awareness Session,20.0
A009944,P0054,2026-01-23,Counselling,24.0
A009945,P0017,2025-07-06,Counselling,44.0
A009946,P0049,2025-11-13,Workshop,44.0
A009947,P0011,2026-02-13,Counselling,41.0
A009948,P0022,2026-01-31,Awareness Session,31.0
A009949,P0025,2026-02-06,Assessment,79.0
A009950,P0045,2025-08-31,Awareness Session,24.0
A009951,P0037,2025-06-24,Counselling,11.0
A009952,P0011,2026-02-19,Community Activity,11.0
A009953,P0044,2026-06-11,Workshop,20.0
A009954,P0042,2026-04-04,Awareness Session,31.0
A009955,P0027,2025-07-06,Awareness Session,79.0
A009956,P0043,2025-10-01,Counselling,7.0
A009957,P0066,2025-09-06,Training,74.0
A009958,P0033,2025-08-24,Community Activity,25.0
A009959,P0002,2025-11-09,Counselling,62.0
A009960,P0010,2025-12-15,Counselling,37.0
A009961,P0033,2025-07-07,Workshop,34.0
A009962,P0024,2026-01-05,Assessment,24.0
A009963,P0051,2026-05-30,Training,23.0
A009964,P0065,2025-07-14,Training,59.0
A009965,P0031,2026-01-11,Assessment,6.0
A009966,P0026,2026-02-04,Assessment,75.0
A009967,P0061,2025-10-20,Counselling,50.0
A009968,P0047,2026-03-17,Assessment,79.0
A009969,P0043,2026-01-07,Training,69.0
A009970,P0012,2025-09-01,Workshop,11.0
A009971,P0014,2025-05-11,Awareness Session,37.0
A009972,P0005,2025-09-12,Community Activity,13.0
A009973,P0032,2026-05-15,Community Activity,66.0
A009974,P0008,2026-01-01,Assessment,25.0
A009975,P0022,2026-03-07,Community Activity,60.0
A009976,P0067,2025-04-13,Assessment,34.0
A009977,P0047,2025-10-01,Training,23.0
A009978,P0038,2026-01-29,Counselling,39.0
A009979,P0033,2025-10-27,Workshop,33.0
A009980,P0049,2026-05-29,Training,38.0
A009981,P0052,2026-06-18,Workshop,33.0
A009982,P0061,2025-06-29,Assessment,74.0
A009983,P0050,2025-12-07,Awareness Session,77.0
A009984,P0050,2026-06-24,Workshop,62.0
A009985,P0058,2025-04-17,Awareness Session,76.0
A009986,P0048,2025-07-16,Training,20.0
A009987,P0002,2026-05-27,Workshop,10.0
A009988,P0046,2026-05-20,Training,79.0
A009989,P0042,2025-06-24,Assessment,44.0
A009990,P0009,2026-03-27,Assessment,57.0
A009991,P0052,2026-05-22,Community Activity,5.0
A009992,P0019,2025-11-21,Community Activity,67.0
A009993,P0036,2025-10-21,Workshop,60.0
A009994,P0038,2026-03-09,Awareness Session,10.0
A009995,P0060,2025-04-15,Training,58.0
A009996,P0062,2025-04-25,Training,39.0
A009997,P0036,2026-03-24,Counselling,21.0
A009998,P0062,2026-03-17,Training,24.0
A009999,P0052,2025-09-25,Workshop,63.0
A010000,P0057,2025-07-02,Community Activity,23.0
